arrival_time,start_time,finish_time,wait_time,queue_length
2026-10-05 09:00:18,2026-10-05 09:00:18,2026-10-05 09:05:56,0.0,0
2026-10-05 09:00:22,2026-10-05 09:00:22,2026-10-05 09:04:58,0.0,0
2026-10-05 09:01:33,2026-10-05 09:01:33,2026-10-05 09:01:38,0.0,0
2026-10-05 09:02:03,2026-10-05 09:02:03,2026-10-05 09:03:48,0.0,0
2026-10-05 09:02:21,2026-10-05 09:03:48,2026-10-05 09:03:58,1.45,0
2026-10-05 09:03:11,2026-10-05 09:03:58,2026-10-05 09:07:32,0.78,1
2026-10-05 09:03:36,2026-10-05 09:04:58,2026-10-05 09:05:58,1.38,2
2026-10-05 09:04:03,2026-10-05 09:05:56,2026-10-05 09:09:41,1.88,1
2026-10-05 09:04:06,2026-10-05 09:05:58,2026-10-05 09:09:26,1.86,2
2026-10-05 09:05:03,2026-10-05 09:07:32,2026-10-05 09:07:49,2.48,2
2026-10-05 09:05:33,2026-10-05 09:07:49,2026-10-05 09:18:03,2.27,3
2026-10-05 09:06:45,2026-10-05 09:09:26,2026-10-05 09:10:29,2.69,2
2026-10-05 09:09:25,2026-10-05 09:09:41,2026-10-05 09:11:01,0.27,1
2026-10-05 09:09:52,2026-10-05 09:10:29,2026-10-05 09:14:37,0.61,0
2026-10-05 09:09:56,2026-10-05 09:11:01,2026-10-05 09:13:03,1.09,1
2026-10-05 09:10:02,2026-10-05 09:13:03,2026-10-05 09:14:49,3.01,2
2026-10-05 09:10:05,2026-10-05 09:14:37,2026-10-05 09:15:05,4.55,3
2026-10-05 09:10:10,2026-10-05 09:14:49,2026-10-05 09:26:09,4.65,4
2026-10-05 09:10:39,2026-10-05 09:15:05,2026-10-05 09:16:34,4.44,4
2026-10-05 09:11:07,2026-10-05 09:16:34,2026-10-05 09:18:13,5.45,4
2026-10-05 09:11:39,2026-10-05 09:18:03,2026-10-05 09:21:41,6.39,5
2026-10-05 09:12:04,2026-10-05 09:18:13,2026-10-05 09:18:25,6.15,6
2026-10-05 09:13:14,2026-10-05 09:18:25,2026-10-05 09:28:07,5.19,6
2026-10-05 09:15:06,2026-10-05 09:21:41,2026-10-05 09:22:00,6.58,4
2026-10-05 09:15:16,2026-10-05 09:22:00,2026-10-05 09:22:23,6.72,5
2026-10-05 09:16:16,2026-10-05 09:22:23,2026-10-05 09:23:33,6.12,6
2026-10-05 09:16:29,2026-10-05 09:23:33,2026-10-05 09:24:53,7.06,7
2026-10-05 09:17:10,2026-10-05 09:24:53,2026-10-05 09:26:47,7.71,7
2026-10-05 09:18:44,2026-10-05 09:26:09,2026-10-05 09:26:15,7.42,5
2026-10-05 09:19:08,2026-10-05 09:26:15,2026-10-05 09:28:33,7.11,6
2026-10-05 09:19:21,2026-10-05 09:26:47,2026-10-05 09:29:40,7.44,7
2026-10-05 09:19:23,2026-10-05 09:28:07,2026-10-05 09:33:20,8.74,8
2026-10-05 09:20:45,2026-10-05 09:28:33,2026-10-05 09:29:43,7.79,9
2026-10-05 09:21:46,2026-10-05 09:29:40,2026-10-05 09:30:32,7.9,9
2026-10-05 09:21:53,2026-10-05 09:29:43,2026-10-05 09:29:46,7.83,10
2026-10-05 09:22:24,2026-10-05 09:29:46,2026-10-05 09:30:30,7.37,9
2026-10-05 09:22:34,2026-10-05 09:30:30,2026-10-05 09:32:12,7.94,10
2026-10-05 09:22:35,2026-10-05 09:30:32,2026-10-05 09:31:18,7.96,11
2026-10-05 09:23:03,2026-10-05 09:31:18,2026-10-05 09:32:40,8.24,12
2026-10-05 09:23:16,2026-10-05 09:32:12,2026-10-05 09:32:30,8.93,13
2026-10-05 09:23:34,2026-10-05 09:32:30,2026-10-05 09:33:15,8.93,13
2026-10-05 09:24:35,2026-10-05 09:32:40,2026-10-05 09:39:34,8.08,14
2026-10-05 09:29:05,2026-10-05 09:33:15,2026-10-05 09:38:05,4.17,9
2026-10-05 09:29:13,2026-10-05 09:33:20,2026-10-05 09:33:39,4.11,10
2026-10-05 09:30:10,2026-10-05 09:33:39,2026-10-05 09:36:04,3.48,8
2026-10-05 09:30:22,2026-10-05 09:36:04,2026-10-05 09:36:27,5.7,9
2026-10-05 09:33:24,2026-10-05 09:36:27,2026-10-05 09:37:01,3.06,2
2026-10-05 09:34:31,2026-10-05 09:37:01,2026-10-05 09:40:26,2.5,2
2026-10-05 09:34:49,2026-10-05 09:38:05,2026-10-05 09:38:29,3.27,3
2026-10-05 09:35:37,2026-10-05 09:38:29,2026-10-05 09:39:19,2.86,4
2026-10-05 09:36:11,2026-10-05 09:39:19,2026-10-05 09:44:43,3.14,4
2026-10-05 09:36:15,2026-10-05 09:39:34,2026-10-05 09:40:20,3.31,5
2026-10-05 09:36:51,2026-10-05 09:40:20,2026-10-05 09:41:25,3.48,5
2026-10-05 09:37:01,2026-10-05 09:40:26,2026-10-05 09:42:39,3.41,5
2026-10-05 09:38:36,2026-10-05 09:41:25,2026-10-05 09:45:52,2.82,4
2026-10-05 09:38:41,2026-10-05 09:42:39,2026-10-05 09:43:06,3.98,5
2026-10-05 09:38:46,2026-10-05 09:43:06,2026-10-05 09:43:27,4.33,6
2026-10-05 09:38:51,2026-10-05 09:43:27,2026-10-05 09:49:11,4.6,7
2026-10-05 09:39:40,2026-10-05 09:44:43,2026-10-05 09:47:20,5.05,6
2026-10-05 09:41:05,2026-10-05 09:45:52,2026-10-05 09:56:16,4.79,5
2026-10-05 09:41:23,2026-10-05 09:47:20,2026-10-05 09:47:46,5.94,6
2026-10-05 09:41:29,2026-10-05 09:47:46,2026-10-05 09:49:35,6.29,6
2026-10-05 09:41:41,2026-10-05 09:49:11,2026-10-05 09:52:16,7.5,7
2026-10-05 09:42:15,2026-10-05 09:49:35,2026-10-05 10:07:27,7.34,8
2026-10-05 09:42:45,2026-10-05 09:52:16,2026-10-05 10:07:46,9.5,8
2026-10-05 09:42:54,2026-10-05 09:56:16,2026-10-05 09:56:27,13.37,9
2026-10-05 09:43:55,2026-10-05 09:56:27,2026-10-05 10:02:15,12.52,8
2026-10-05 09:44:07,2026-10-05 10:02:15,2026-10-05 10:04:26,18.14,9
2026-10-05 09:44:31,2026-10-05 10:04:26,2026-10-05 10:04:53,19.93,10
2026-10-05 09:44:33,2026-10-05 10:04:53,2026-10-05 10:15:20,20.33,11
2026-10-05 09:44:45,2026-10-05 10:07:27,2026-10-05 10:12:43,22.71,11
2026-10-05 09:45:14,2026-10-05 10:07:46,2026-10-05 10:09:55,22.52,12
2026-10-05 09:46:22,2026-10-05 10:09:55,2026-10-05 10:10:25,23.55,12
2026-10-05 09:47:05,2026-10-05 10:10:25,2026-10-05 10:10:46,23.34,13
2026-10-05 09:47:17,2026-10-05 10:10:46,2026-10-05 10:13:48,23.47,14
2026-10-05 09:47:43,2026-10-05 10:12:43,2026-10-05 10:18:00,25.0,14
2026-10-05 09:47:51,2026-10-05 10:13:48,2026-10-05 10:15:53,25.94,14
2026-10-05 09:48:56,2026-10-05 10:15:20,2026-10-05 10:17:43,26.4,15
2026-10-05 09:50:21,2026-10-05 10:15:53,2026-10-05 10:25:36,25.54,14
2026-10-05 09:50:52,2026-10-05 10:17:43,2026-10-05 10:21:24,26.85,15
2026-10-05 09:52:24,2026-10-05 10:18:00,2026-10-05 10:20:09,25.61,15
2026-10-05 09:53:00,2026-10-05 10:20:09,2026-10-05 10:21:19,27.14,16
2026-10-05 09:53:11,2026-10-05 10:21:19,2026-10-05 10:23:19,28.13,17
2026-10-05 09:53:39,2026-10-05 10:21:24,2026-10-05 10:22:38,27.76,18
2026-10-05 09:54:23,2026-10-05 10:22:38,2026-10-05 10:22:46,28.24,19
2026-10-05 09:54:36,2026-10-05 10:22:46,2026-10-05 10:29:10,28.16,20
2026-10-05 09:54:53,2026-10-05 10:23:19,2026-10-05 10:24:41,28.43,21
2026-10-05 09:55:04,2026-10-05 10:24:41,2026-10-05 10:25:36,29.62,22
2026-10-05 09:55:58,2026-10-05 10:25:36,2026-10-05 10:27:07,29.64,23
2026-10-05 09:56:40,2026-10-05 10:25:36,2026-10-05 10:25:49,28.94,22
2026-10-05 09:56:45,2026-10-05 10:25:49,2026-10-05 10:26:56,29.05,23
2026-10-05 09:58:52,2026-10-05 10:26:56,2026-10-05 10:34:26,28.07,24
2026-10-05 09:59:41,2026-10-05 10:27:07,2026-10-05 10:27:27,27.43,25
2026-10-05 09:59:45,2026-10-05 10:27:27,2026-10-05 10:28:19,27.69,26
2026-10-05 10:00:39,2026-10-05 10:28:19,2026-10-05 10:28:55,27.66,27
2026-10-05 10:01:35,2026-10-05 10:28:55,2026-10-05 10:35:23,27.34,28
2026-10-05 10:02:22,2026-10-05 10:29:10,2026-10-05 10:30:32,26.8,28
2026-10-05 10:03:18,2026-10-05 10:30:32,2026-10-05 10:38:06,27.22,29
2026-10-05 10:03:39,2026-10-05 10:34:26,2026-10-05 10:38:23,30.78,30
2026-10-05 10:04:57,2026-10-05 10:35:23,2026-10-05 10:36:34,30.43,29
2026-10-05 10:05:01,2026-10-05 10:36:34,2026-10-05 10:39:45,31.54,30
2026-10-05 10:05:20,2026-10-05 10:38:06,2026-10-05 10:39:21,32.76,31
2026-10-05 10:05:30,2026-10-05 10:38:23,2026-10-05 10:40:23,32.87,32
2026-10-05 10:05:42,2026-10-05 10:39:21,2026-10-05 10:41:41,33.64,33
2026-10-05 10:07:38,2026-10-05 10:39:45,2026-10-05 10:42:48,32.11,33
2026-10-05 10:08:29,2026-10-05 10:40:23,2026-10-05 10:43:41,31.9,33
2026-10-05 10:08:55,2026-10-05 10:41:41,2026-10-05 10:42:38,32.77,34
2026-10-05 10:09:08,2026-10-05 10:42:38,2026-10-05 10:48:10,33.5,35
2026-10-05 10:09:22,2026-10-05 10:42:48,2026-10-05 10:44:39,33.44,36
2026-10-05 10:09:51,2026-10-05 10:43:41,2026-10-05 10:46:52,33.83,37
2026-10-05 10:11:02,2026-10-05 10:44:39,2026-10-05 10:57:53,33.6,35
2026-10-05 10:12:10,2026-10-05 10:46:52,2026-10-05 10:48:05,34.7,36
2026-10-05 10:12:45,2026-10-05 10:48:05,2026-10-05 10:49:26,35.33,36
2026-10-05 10:13:35,2026-10-05 10:48:10,2026-10-05 10:49:52,34.58,37
2026-10-05 10:14:07,2026-10-05 10:49:26,2026-10-05 10:52:56,35.31,37
2026-10-05 10:14:09,2026-10-05 10:49:52,2026-10-05 10:50:28,35.73,38
2026-10-05 10:14:14,2026-10-05 10:50:28,2026-10-05 10:52:11,36.22,39
2026-10-05 10:15:01,2026-10-05 10:52:11,2026-10-05 10:52:15,37.18,40
2026-10-05 10:15:09,2026-10-05 10:52:15,2026-10-05 10:54:28,37.1,41
2026-10-05 10:15:22,2026-10-05 10:52:56,2026-10-05 10:53:27,37.58,41
2026-10-05 10:15:23,2026-10-05 10:53:27,2026-10-05 10:54:03,38.07,42
2026-10-05 10:17:17,2026-10-05 10:54:03,2026-10-05 10:55:16,36.78,42
2026-10-05 10:17:58,2026-10-05 10:54:28,2026-10-05 10:55:18,36.49,42
2026-10-05 10:18:16,2026-10-05 10:55:16,2026-10-05 10:57:09,36.99,42
2026-10-05 10:18:21,2026-10-05 10:55:18,2026-10-05 10:57:51,36.94,43
2026-10-05 10:19:04,2026-10-05 10:57:09,2026-10-05 10:59:06,38.09,44
2026-10-05 10:20:03,2026-10-05 10:57:51,2026-10-05 10:59:22,37.8,45
2026-10-05 10:21:21,2026-10-05 10:57:53,2026-10-05 10:59:23,36.54,44
2026-10-05 10:22:41,2026-10-05 10:59:06,2026-10-05 10:59:23,36.42,43
2026-10-05 10:22:45,2026-10-05 10:59:22,2026-10-05 11:00:50,36.61,44
2026-10-05 10:22:55,2026-10-05 10:59:23,2026-10-05 11:00:20,36.47,44
2026-10-05 10:23:01,2026-10-05 10:59:23,2026-10-05 10:59:46,36.37,45
2026-10-05 10:24:00,2026-10-05 10:59:46,2026-10-05 11:01:15,35.76,45
2026-10-05 10:24:04,2026-10-05 11:00:20,2026-10-05 11:01:21,36.26,46
2026-10-05 10:24:32,2026-10-05 11:00:50,2026-10-05 11:04:09,36.3,47
2026-10-05 10:24:42,2026-10-05 11:01:15,2026-10-05 11:02:04,36.55,47
2026-10-05 10:24:49,2026-10-05 11:01:21,2026-10-05 11:01:48,36.52,48
2026-10-05 10:25:30,2026-10-05 11:01:48,2026-10-05 11:02:00,36.31,49
2026-10-05 10:25:58,2026-10-05 11:02:00,2026-10-05 11:03:42,36.03,47
2026-10-05 10:26:09,2026-10-05 11:02:04,2026-10-05 11:03:45,35.91,48
2026-10-05 10:26:19,2026-10-05 11:03:42,2026-10-05 11:03:43,37.37,49
2026-10-05 10:26:36,2026-10-05 11:03:43,2026-10-05 11:04:27,37.11,50
2026-10-05 10:27:15,2026-10-05 11:03:45,2026-10-05 11:05:32,36.5,49
2026-10-05 10:27:44,2026-10-05 11:04:09,2026-10-05 11:09:48,36.42,49
2026-10-05 10:28:29,2026-10-05 11:04:27,2026-10-05 11:05:36,35.98,49
2026-10-05 10:28:35,2026-10-05 11:05:32,2026-10-05 11:07:19,36.96,50
2026-10-05 10:29:05,2026-10-05 11:05:36,2026-10-05 11:13:23,36.51,50
2026-10-05 10:29:09,2026-10-05 11:07:19,2026-10-05 11:08:41,38.16,51
2026-10-05 10:29:16,2026-10-05 11:08:41,2026-10-05 11:10:21,39.42,51
2026-10-05 10:30:40,2026-10-05 11:09:48,2026-10-05 11:10:43,39.13,51
2026-10-05 10:32:38,2026-10-05 11:10:21,2026-10-05 11:11:08,37.72,52
2026-10-05 10:32:44,2026-10-05 11:10:43,2026-10-05 11:10:44,37.99,53
2026-10-05 10:33:18,2026-10-05 11:10:44,2026-10-05 11:11:30,37.42,54
2026-10-05 10:33:22,2026-10-05 11:11:08,2026-10-05 11:14:00,37.77,55
2026-10-05 10:34:38,2026-10-05 11:11:30,2026-10-05 11:15:48,36.87,55
2026-10-05 10:35:27,2026-10-05 11:13:23,2026-10-05 11:13:54,37.94,55
2026-10-05 10:35:40,2026-10-05 11:13:54,2026-10-05 11:16:36,38.22,56
2026-10-05 10:35:42,2026-10-05 11:14:00,2026-10-05 11:16:09,38.3,57
2026-10-05 10:36:52,2026-10-05 11:15:48,2026-10-05 11:16:51,38.94,57
2026-10-05 10:37:20,2026-10-05 11:16:09,2026-10-05 11:16:28,38.82,58
2026-10-05 10:38:44,2026-10-05 11:16:28,2026-10-05 11:19:49,37.73,57
2026-10-05 10:39:16,2026-10-05 11:16:36,2026-10-05 11:18:21,37.33,58
2026-10-05 10:39:54,2026-10-05 11:16:51,2026-10-05 11:18:53,36.95,57
2026-10-05 10:40:12,2026-10-05 11:18:21,2026-10-05 11:19:19,38.15,58
2026-10-05 10:40:45,2026-10-05 11:18:53,2026-10-05 11:21:04,38.14,58
2026-10-05 10:41:19,2026-10-05 11:19:19,2026-10-05 11:19:27,38.0,59
2026-10-05 10:41:56,2026-10-05 11:19:27,2026-10-05 11:20:12,37.51,59
2026-10-05 10:42:18,2026-10-05 11:19:49,2026-10-05 11:20:47,37.52,60
2026-10-05 10:43:14,2026-10-05 11:20:12,2026-10-05 11:23:00,36.98,59
2026-10-05 10:43:29,2026-10-05 11:20:47,2026-10-05 11:20:49,37.3,60
2026-10-05 10:43:54,2026-10-05 11:20:49,2026-10-05 11:26:09,36.92,60
2026-10-05 10:44:33,2026-10-05 11:21:04,2026-10-05 11:22:48,36.51,61
2026-10-05 10:44:36,2026-10-05 11:22:48,2026-10-05 11:22:51,38.21,62
2026-10-05 10:45:46,2026-10-05 11:22:51,2026-10-05 11:29:19,37.08,62
2026-10-05 10:45:58,2026-10-05 11:23:00,2026-10-05 11:24:01,37.04,63
2026-10-05 10:48:41,2026-10-05 11:24:01,2026-10-05 11:27:43,35.33,61
2026-10-05 10:48:47,2026-10-05 11:26:09,2026-10-05 11:29:46,37.35,62
2026-10-05 10:49:33,2026-10-05 11:27:43,2026-10-05 11:33:44,38.18,62
2026-10-05 10:49:42,2026-10-05 11:29:19,2026-10-05 11:36:01,39.62,63
2026-10-05 10:50:15,2026-10-05 11:29:46,2026-10-05 11:33:37,39.52,63
2026-10-05 10:50:19,2026-10-05 11:33:37,2026-10-05 11:33:55,43.3,64
2026-10-05 10:50:45,2026-10-05 11:33:44,2026-10-05 11:36:23,42.99,64
2026-10-05 10:51:57,2026-10-05 11:33:55,2026-10-05 11:42:40,41.97,65
2026-10-05 10:53:54,2026-10-05 11:36:01,2026-10-05 11:41:38,42.11,62
2026-10-05 10:54:11,2026-10-05 11:36:23,2026-10-05 11:36:40,42.19,62
2026-10-05 10:54:23,2026-10-05 11:36:40,2026-10-05 11:42:18,42.29,63
2026-10-05 10:54:56,2026-10-05 11:41:38,2026-10-05 11:41:54,46.69,63
2026-10-05 10:56:30,2026-10-05 11:41:54,2026-10-05 11:42:35,45.4,62
2026-10-05 10:57:35,2026-10-05 11:42:18,2026-10-05 11:44:04,44.71,62
2026-10-05 10:58:31,2026-10-05 11:42:35,2026-10-05 11:46:39,44.07,61
2026-10-05 10:59:09,2026-10-05 11:42:40,2026-10-05 11:43:31,43.52,61
2026-10-05 11:00:05,2026-10-05 11:43:31,2026-10-05 11:46:28,43.44,58
2026-10-05 11:00:08,2026-10-05 11:44:04,2026-10-05 11:45:38,43.94,59
2026-10-05 11:01:14,2026-10-05 11:45:38,2026-10-05 11:46:54,44.41,58
2026-10-05 11:01:31,2026-10-05 11:46:28,2026-10-05 11:47:26,44.94,57
2026-10-05 11:01:55,2026-10-05 11:46:39,2026-10-05 11:50:42,44.74,57
2026-10-05 11:01:56,2026-10-05 11:46:54,2026-10-05 11:50:57,44.97,58
2026-10-05 11:03:11,2026-10-05 11:47:26,2026-10-05 11:53:00,44.24,57
2026-10-05 11:03:15,2026-10-05 11:50:42,2026-10-05 11:52:07,47.46,58
2026-10-05 11:03:52,2026-10-05 11:50:57,2026-10-05 11:52:51,47.09,56
2026-10-05 11:04:04,2026-10-05 11:52:07,2026-10-05 11:58:41,48.05,57
2026-10-05 11:04:06,2026-10-05 11:52:51,2026-10-05 11:57:10,48.75,58
2026-10-05 11:04:53,2026-10-05 11:53:00,2026-10-05 11:54:31,48.13,57
2026-10-05 11:05:03,2026-10-05 11:54:31,2026-10-05 11:55:59,49.47,58
2026-10-05 11:06:19,2026-10-05 11:55:59,2026-10-05 12:08:04,49.67,57
2026-10-05 11:06:37,2026-10-05 11:57:10,2026-10-05 11:58:44,50.53,58
2026-10-05 11:07:28,2026-10-05 11:58:41,2026-10-05 12:00:53,51.22,58
2026-10-05 11:07:35,2026-10-05 11:58:44,2026-10-05 12:00:18,51.15,59
2026-10-05 11:08:19,2026-10-05 12:00:18,2026-10-05 12:00:55,51.98,60
2026-10-05 11:08:21,2026-10-05 12:00:53,2026-10-05 12:01:11,52.53,61
2026-10-05 11:08:56,2026-10-05 12:00:55,2026-10-05 12:02:45,51.99,61
2026-10-05 11:09:24,2026-10-05 12:01:11,2026-10-05 12:05:16,51.79,62
2026-10-05 11:09:42,2026-10-05 12:02:45,2026-10-05 12:03:21,53.04,63
2026-10-05 11:10:07,2026-10-05 12:03:21,2026-10-05 12:04:27,53.23,63
2026-10-05 11:10:31,2026-10-05 12:04:27,2026-10-05 12:07:14,53.95,63
2026-10-05 11:11:12,2026-10-05 12:05:16,2026-10-05 12:06:49,54.07,61
2026-10-05 11:11:16,2026-10-05 12:06:49,2026-10-05 12:07:22,55.55,62
2026-10-05 11:11:31,2026-10-05 12:07:14,2026-10-05 12:11:24,55.7,62
2026-10-05 11:12:30,2026-10-05 12:07:22,2026-10-05 12:09:20,54.87,63
2026-10-05 11:12:53,2026-10-05 12:08:04,2026-10-05 12:09:04,55.18,64
2026-10-05 11:13:07,2026-10-05 12:09:04,2026-10-05 12:11:36,55.95,65
2026-10-05 11:14:19,2026-10-05 12:09:20,2026-10-05 12:11:35,55.01,63
2026-10-05 11:14:23,2026-10-05 12:11:24,2026-10-05 12:12:13,57.03,64
2026-10-05 11:15:05,2026-10-05 12:11:35,2026-10-05 12:11:38,56.5,65
2026-10-05 11:15:16,2026-10-05 12:11:36,2026-10-05 12:12:00,56.34,66
2026-10-05 11:15:58,2026-10-05 12:11:38,2026-10-05 12:12:58,55.66,66
2026-10-05 11:16:32,2026-10-05 12:12:00,2026-10-05 12:14:26,55.47,65
2026-10-05 11:16:33,2026-10-05 12:12:13,2026-10-05 12:18:59,55.67,66
2026-10-05 11:17:19,2026-10-05 12:12:58,2026-10-05 12:14:17,55.66,65
2026-10-05 11:17:43,2026-10-05 12:14:17,2026-10-05 12:14:29,56.56,66
2026-10-05 11:21:10,2026-10-05 12:14:26,2026-10-05 12:21:15,53.28,58
2026-10-05 11:21:12,2026-10-05 12:14:29,2026-10-05 12:17:01,53.28,59
2026-10-05 11:21:20,2026-10-05 12:17:01,2026-10-05 12:17:51,55.69,60
2026-10-05 11:22:07,2026-10-05 12:17:51,2026-10-05 12:18:02,55.74,61
2026-10-05 11:22:27,2026-10-05 12:18:02,2026-10-05 12:19:39,55.58,62
2026-10-05 11:22:48,2026-10-05 12:18:59,2026-10-05 12:18:59,56.19,63
2026-10-05 11:23:03,2026-10-05 12:18:59,2026-10-05 12:19:19,55.93,61
2026-10-05 11:23:04,2026-10-05 12:19:19,2026-10-05 12:19:28,56.24,62
2026-10-05 11:23:20,2026-10-05 12:19:28,2026-10-05 12:19:31,56.13,63
2026-10-05 11:23:21,2026-10-05 12:19:31,2026-10-05 12:20:19,56.18,64
2026-10-05 11:23:43,2026-10-05 12:19:39,2026-10-05 12:25:26,55.94,65
2026-10-05 11:25:02,2026-10-05 12:20:19,2026-10-05 12:23:34,55.29,65
2026-10-05 11:25:20,2026-10-05 12:21:15,2026-10-05 12:21:17,55.92,66
2026-10-05 11:25:30,2026-10-05 12:21:17,2026-10-05 12:22:45,55.78,67
2026-10-05 11:25:50,2026-10-05 12:22:45,2026-10-05 12:24:27,56.93,68
2026-10-05 11:26:15,2026-10-05 12:23:34,2026-10-05 12:26:02,57.32,68
2026-10-05 11:27:26,2026-10-05 12:24:27,2026-10-05 12:26:29,57.01,69
2026-10-05 11:28:38,2026-10-05 12:25:26,2026-10-05 12:27:41,56.81,69
2026-10-05 11:29:00,2026-10-05 12:26:02,2026-10-05 12:32:55,57.04,70
2026-10-05 11:29:42,2026-10-05 12:26:29,2026-10-05 12:27:52,56.79,70
2026-10-05 11:30:00,2026-10-05 12:27:41,2026-10-05 12:30:09,57.67,70
2026-10-05 11:30:04,2026-10-05 12:27:52,2026-10-05 12:35:30,57.8,71
2026-10-05 11:30:38,2026-10-05 12:30:09,2026-10-05 12:32:47,59.52,72
2026-10-05 11:30:39,2026-10-05 12:32:47,2026-10-05 12:37:16,62.13,73
2026-10-05 11:30:58,2026-10-05 12:32:55,2026-10-05 12:34:09,61.95,74
2026-10-05 11:32:17,2026-10-05 12:34:09,2026-10-05 12:45:13,61.85,75
2026-10-05 11:33:07,2026-10-05 12:35:30,2026-10-05 12:37:20,62.37,76
2026-10-05 11:33:36,2026-10-05 12:37:16,2026-10-05 12:38:12,63.67,77
2026-10-05 11:34:59,2026-10-05 12:37:20,2026-10-05 12:41:00,62.36,75
2026-10-05 11:35:09,2026-10-05 12:38:12,2026-10-05 12:39:19,63.04,76
2026-10-05 11:35:50,2026-10-05 12:39:19,2026-10-05 12:42:58,63.47,77
2026-10-05 11:36:43,2026-10-05 12:41:00,2026-10-05 12:45:13,64.28,75
2026-10-05 11:37:28,2026-10-05 12:42:58,2026-10-05 12:43:11,65.51,76
2026-10-05 11:37:35,2026-10-05 12:43:11,2026-10-05 12:47:26,65.61,77
2026-10-05 11:37:46,2026-10-05 12:45:13,2026-10-05 12:46:24,67.44,78
2026-10-05 11:38:13,2026-10-05 12:45:13,2026-10-05 12:46:36,67.0,79
2026-10-05 11:38:18,2026-10-05 12:46:24,2026-10-05 12:48:43,68.1,80
2026-10-05 11:38:25,2026-10-05 12:46:36,2026-10-05 12:49:29,68.18,81
2026-10-05 11:38:25,2026-10-05 12:47:26,2026-10-05 12:48:20,69.02,82
2026-10-05 11:38:33,2026-10-05 12:48:20,2026-10-05 12:50:20,69.78,83
2026-10-05 11:38:42,2026-10-05 12:48:43,2026-10-05 12:50:07,70.02,84
2026-10-05 11:39:22,2026-10-05 12:49:29,2026-10-05 12:50:35,70.13,85
2026-10-05 11:40:43,2026-10-05 12:50:07,2026-10-05 12:51:08,69.39,86
2026-10-05 11:40:56,2026-10-05 12:50:20,2026-10-05 12:52:38,69.41,87
2026-10-05 11:41:08,2026-10-05 12:50:35,2026-10-05 12:50:56,69.44,88
2026-10-05 11:42:26,2026-10-05 12:50:56,2026-10-05 12:55:04,68.49,86
2026-10-05 11:42:34,2026-10-05 12:51:08,2026-10-05 12:52:22,68.56,87
2026-10-05 11:42:36,2026-10-05 12:52:22,2026-10-05 12:53:39,69.77,87
2026-10-05 11:42:38,2026-10-05 12:52:38,2026-10-05 12:55:30,70.0,88
2026-10-05 11:43:11,2026-10-05 12:53:39,2026-10-05 12:54:27,70.47,88
2026-10-05 11:43:45,2026-10-05 12:54:27,2026-10-05 12:54:47,70.71,88
2026-10-05 11:44:32,2026-10-05 12:54:47,2026-10-05 12:54:55,70.24,88
2026-10-05 11:44:38,2026-10-05 12:54:55,2026-10-05 12:55:53,70.29,89
2026-10-05 11:45:04,2026-10-05 12:55:04,2026-10-05 12:56:39,69.99,90
2026-10-05 11:45:16,2026-10-05 12:55:30,2026-10-05 12:56:36,70.24,91
2026-10-05 11:45:54,2026-10-05 12:55:53,2026-10-05 12:57:15,69.98,91
2026-10-05 11:46:13,2026-10-05 12:56:36,2026-10-05 12:59:24,70.38,92
2026-10-05 11:46:22,2026-10-05 12:56:39,2026-10-05 12:57:11,70.28,93
2026-10-05 11:46:38,2026-10-05 12:57:11,2026-10-05 12:57:45,70.56,93
2026-10-05 11:47:38,2026-10-05 12:57:15,2026-10-05 12:57:21,69.62,91
2026-10-05 11:47:59,2026-10-05 12:57:21,2026-10-05 12:59:48,69.36,92
2026-10-05 11:48:04,2026-10-05 12:57:45,2026-10-05 13:02:17,69.69,93
2026-10-05 11:48:07,2026-10-05 12:59:24,2026-10-05 13:00:12,71.28,94
2026-10-05 11:48:10,2026-10-05 12:59:48,2026-10-05 13:04:55,71.64,95
2026-10-05 11:49:09,2026-10-05 13:00:12,2026-10-05 13:02:53,71.05,96
2026-10-05 11:49:51,2026-10-05 13:02:17,2026-10-05 13:02:47,72.45,97
2026-10-05 11:49:54,2026-10-05 13:02:47,2026-10-05 13:05:43,72.89,98
2026-10-05 11:51:43,2026-10-05 13:02:53,2026-10-05 13:04:07,71.17,97
2026-10-05 11:52:03,2026-10-05 13:04:07,2026-10-05 13:05:42,72.07,98
2026-10-05 11:52:15,2026-10-05 13:04:55,2026-10-05 13:04:56,72.66,98
2026-10-05 11:52:36,2026-10-05 13:04:56,2026-10-05 13:07:36,72.33,99
2026-10-05 11:52:58,2026-10-05 13:05:42,2026-10-05 13:08:41,72.73,99
2026-10-05 11:53:39,2026-10-05 13:05:43,2026-10-05 13:06:53,72.06,99
2026-10-05 11:54:50,2026-10-05 13:06:53,2026-10-05 13:12:19,72.04,99
2026-10-05 11:55:13,2026-10-05 13:07:36,2026-10-05 13:08:49,72.4,100
2026-10-05 11:55:29,2026-10-05 13:08:41,2026-10-05 13:10:38,73.2,101
2026-10-05 11:56:52,2026-10-05 13:08:49,2026-10-05 13:10:42,71.96,101
2026-10-05 11:57:02,2026-10-05 13:10:38,2026-10-05 13:10:54,73.6,102
2026-10-05 11:57:09,2026-10-05 13:10:42,2026-10-05 13:12:36,73.54,103
2026-10-05 11:57:51,2026-10-05 13:10:54,2026-10-05 13:13:42,73.05,103
2026-10-05 11:58:04,2026-10-05 13:12:19,2026-10-05 13:18:28,74.25,104
2026-10-05 11:58:37,2026-10-05 13:12:36,2026-10-05 13:13:34,73.99,105
2026-10-05 11:58:38,2026-10-05 13:13:34,2026-10-05 13:14:56,74.93,106
2026-10-05 11:58:54,2026-10-05 13:13:42,2026-10-05 13:16:58,74.81,105
2026-10-05 11:59:37,2026-10-05 13:14:56,2026-10-05 13:17:20,75.32,106
2026-10-05 11:59:47,2026-10-05 13:16:58,2026-10-05 13:18:07,77.19,107
2026-10-05 11:59:52,2026-10-05 13:17:20,2026-10-05 13:20:49,77.46,108
2026-10-05 12:00:12,2026-10-05 13:18:07,2026-10-05 13:26:39,77.93,109
2026-10-05 12:00:19,2026-10-05 13:18:28,2026-10-05 13:19:25,78.14,109
2026-10-05 12:00:25,2026-10-05 13:19:25,2026-10-05 13:23:42,78.99,110
2026-10-05 12:01:15,2026-10-05 13:20:49,2026-10-05 13:29:22,79.55,108
2026-10-05 12:01:26,2026-10-05 13:23:42,2026-10-05 13:26:14,82.27,109
2026-10-05 12:02:09,2026-10-05 13:26:14,2026-10-05 13:34:03,84.08,110
2026-10-05 12:02:57,2026-10-05 13:26:39,2026-10-05 13:31:51,83.7,110
2026-10-05 12:03:37,2026-10-05 13:29:22,2026-10-05 13:29:49,85.75,110
2026-10-05 12:03:43,2026-10-05 13:29:49,2026-10-05 13:34:04,86.11,111
2026-10-05 12:04:06,2026-10-05 13:31:51,2026-10-05 13:33:05,87.74,112
2026-10-05 12:04:16,2026-10-05 13:33:05,2026-10-05 13:34:03,88.81,113
2026-10-05 12:04:46,2026-10-05 13:34:03,2026-10-05 13:37:27,89.28,113
2026-10-05 12:05:32,2026-10-05 13:34:03,2026-10-05 13:37:20,88.52,113
2026-10-05 12:06:11,2026-10-05 13:34:04,2026-10-05 13:37:57,87.88,114
2026-10-05 12:06:23,2026-10-05 13:37:20,2026-10-05 13:39:12,90.95,115
2026-10-05 12:06:33,2026-10-05 13:37:27,2026-10-05 13:38:06,90.9,116
2026-10-05 12:08:18,2026-10-05 13:37:57,2026-10-05 13:40:07,89.65,113
2026-10-05 12:08:44,2026-10-05 13:38:06,2026-10-05 13:39:23,89.37,114
2026-10-05 12:08:54,2026-10-05 13:39:12,2026-10-05 13:39:42,90.31,115
2026-10-05 12:09:41,2026-10-05 13:39:23,2026-10-05 13:45:34,89.69,114
2026-10-05 12:10:02,2026-10-05 13:39:42,2026-10-05 13:48:30,89.66,115
2026-10-05 12:11:18,2026-10-05 13:40:07,2026-10-05 13:41:41,88.82,116
2026-10-05 12:12:00,2026-10-05 13:41:41,2026-10-05 13:48:00,89.69,113
2026-10-05 12:12:26,2026-10-05 13:45:34,2026-10-05 13:46:53,93.15,112
2026-10-05 12:13:19,2026-10-05 13:46:53,2026-10-05 13:47:10,93.58,112
2026-10-05 12:13:45,2026-10-05 13:47:10,2026-10-05 13:48:28,93.41,113
2026-10-05 12:13:56,2026-10-05 13:48:00,2026-10-05 13:48:45,94.08,114
2026-10-05 12:14:22,2026-10-05 13:48:28,2026-10-05 13:51:31,94.1,114
2026-10-05 12:14:24,2026-10-05 13:48:30,2026-10-05 13:48:39,94.08,115
2026-10-05 12:15:24,2026-10-05 13:48:39,2026-10-05 13:51:11,93.24,114
2026-10-05 12:15:36,2026-10-05 13:48:45,2026-10-05 13:53:30,93.15,115
2026-10-05 12:15:36,2026-10-05 13:51:11,2026-10-05 13:51:38,95.58,116
2026-10-05 12:16:11,2026-10-05 13:51:31,2026-10-05 13:52:32,95.33,117
2026-10-05 12:16:31,2026-10-05 13:51:38,2026-10-05 13:53:19,95.11,118
2026-10-05 12:16:32,2026-10-05 13:52:32,2026-10-05 13:54:49,96.0,119
2026-10-05 12:16:32,2026-10-05 13:53:19,2026-10-05 13:59:49,96.77,120
2026-10-05 12:16:47,2026-10-05 13:53:30,2026-10-05 13:55:05,96.7,121
2026-10-05 12:16:54,2026-10-05 13:54:49,2026-10-05 13:59:31,97.92,122
2026-10-05 12:17:25,2026-10-05 13:55:05,2026-10-05 13:57:11,97.67,122
2026-10-05 12:18:16,2026-10-05 13:57:11,2026-10-05 13:57:36,98.92,121
2026-10-05 12:18:20,2026-10-05 13:57:36,2026-10-05 13:58:57,99.26,122
2026-10-05 12:19:28,2026-10-05 13:58:57,2026-10-05 14:03:29,99.48,119
2026-10-05 12:20:16,2026-10-05 13:59:31,2026-10-05 14:03:41,99.24,118
2026-10-05 12:20:48,2026-10-05 13:59:49,2026-10-05 14:00:43,99.01,118
2026-10-05 12:21:16,2026-10-05 14:00:43,2026-10-05 14:01:55,99.45,118
2026-10-05 12:22:25,2026-10-05 14:01:55,2026-10-05 14:05:11,99.5,118
2026-10-05 12:22:31,2026-10-05 14:03:29,2026-10-05 14:03:36,100.97,119
2026-10-05 12:22:51,2026-10-05 14:03:36,2026-10-05 14:08:10,100.75,119
2026-10-05 12:23:16,2026-10-05 14:03:41,2026-10-05 14:07:25,100.42,120
2026-10-05 12:23:56,2026-10-05 14:05:11,2026-10-05 14:11:18,101.24,120
2026-10-05 12:24:55,2026-10-05 14:07:25,2026-10-05 14:07:45,102.5,120
2026-10-05 12:25:07,2026-10-05 14:07:45,2026-10-05 14:20:08,102.63,121
2026-10-05 12:26:42,2026-10-05 14:08:10,2026-10-05 14:09:46,101.47,119
2026-10-05 12:27:15,2026-10-05 14:09:46,2026-10-05 14:11:55,102.51,120
2026-10-05 12:27:47,2026-10-05 14:11:18,2026-10-05 14:14:24,103.51,120
2026-10-05 12:28:02,2026-10-05 14:11:55,2026-10-05 14:12:25,103.89,120
2026-10-05 12:28:06,2026-10-05 14:12:25,2026-10-05 14:14:50,104.32,121
2026-10-05 12:28:20,2026-10-05 14:14:24,2026-10-05 14:16:37,106.06,122
2026-10-05 12:28:49,2026-10-05 14:14:50,2026-10-05 14:16:54,106.01,123
2026-10-05 12:29:06,2026-10-05 14:16:37,2026-10-05 14:20:31,107.52,124
2026-10-05 12:29:16,2026-10-05 14:16:54,2026-10-05 14:17:06,107.63,125
2026-10-05 12:29:43,2026-10-05 14:17:06,2026-10-05 14:18:54,107.39,126
2026-10-05 12:29:52,2026-10-05 14:18:54,2026-10-05 14:20:38,109.03,127
2026-10-05 12:29:58,2026-10-05 14:20:08,2026-10-05 14:22:59,110.17,128
2026-10-05 12:30:00,2026-10-05 14:20:31,2026-10-05 14:22:00,110.52,129
2026-10-05 12:30:20,2026-10-05 14:20:38,2026-10-05 14:23:43,110.3,129
2026-10-05 12:30:46,2026-10-05 14:22:00,2026-10-05 14:23:02,111.23,130
2026-10-05 12:32:15,2026-10-05 14:22:59,2026-10-05 14:27:12,110.73,131
2026-10-05 12:33:00,2026-10-05 14:23:02,2026-10-05 14:26:45,110.03,130
2026-10-05 12:33:55,2026-10-05 14:23:43,2026-10-05 14:24:27,109.8,131
2026-10-05 12:34:14,2026-10-05 14:24:27,2026-10-05 14:27:04,110.21,131
2026-10-05 12:34:45,2026-10-05 14:26:45,2026-10-05 14:27:12,112.0,132
2026-10-05 12:34:50,2026-10-05 14:27:04,2026-10-05 14:27:30,112.23,133
2026-10-05 12:35:19,2026-10-05 14:27:12,2026-10-05 14:28:48,111.88,134
2026-10-05 12:35:34,2026-10-05 14:27:12,2026-10-05 14:27:13,111.63,134
2026-10-05 12:36:16,2026-10-05 14:27:13,2026-10-05 14:29:44,110.95,135
2026-10-05 12:36:44,2026-10-05 14:27:30,2026-10-05 14:27:40,110.76,136
2026-10-05 12:37:27,2026-10-05 14:27:40,2026-10-05 14:28:09,110.22,135
2026-10-05 12:37:32,2026-10-05 14:28:09,2026-10-05 14:28:37,110.61,136
2026-10-05 12:37:41,2026-10-05 14:28:37,2026-10-05 14:28:56,110.93,137
2026-10-05 12:38:06,2026-10-05 14:28:48,2026-10-05 14:29:40,110.7,138
2026-10-05 12:40:21,2026-10-05 14:28:56,2026-10-05 14:35:54,108.59,137
2026-10-05 12:40:25,2026-10-05 14:29:40,2026-10-05 14:29:52,109.26,138
2026-10-05 12:41:47,2026-10-05 14:29:44,2026-10-05 14:35:16,107.95,138
2026-10-05 12:41:53,2026-10-05 14:29:52,2026-10-05 14:31:47,107.99,139
2026-10-05 12:42:40,2026-10-05 14:31:47,2026-10-05 14:35:13,109.12,140
2026-10-05 12:42:48,2026-10-05 14:35:13,2026-10-05 14:38:11,112.41,141
2026-10-05 12:43:10,2026-10-05 14:35:16,2026-10-05 14:35:51,112.1,141
2026-10-05 12:44:42,2026-10-05 14:35:51,2026-10-05 14:36:22,111.15,141
2026-10-05 12:45:24,2026-10-05 14:35:54,2026-10-05 14:37:56,110.5,140
2026-10-05 12:45:47,2026-10-05 14:36:22,2026-10-05 14:36:30,110.57,141
2026-10-05 12:45:50,2026-10-05 14:36:30,2026-10-05 14:37:58,110.67,142
2026-10-05 12:46:56,2026-10-05 14:37:56,2026-10-05 14:45:13,110.99,141
2026-10-05 12:47:35,2026-10-05 14:37:58,2026-10-05 14:43:15,110.38,141
2026-10-05 12:48:36,2026-10-05 14:38:11,2026-10-05 14:48:30,109.57,141
2026-10-05 12:49:43,2026-10-05 14:43:15,2026-10-05 14:44:28,113.54,140
2026-10-05 12:49:53,2026-10-05 14:44:28,2026-10-05 14:45:35,114.59,141
2026-10-05 12:50:06,2026-10-05 14:45:13,2026-10-05 14:45:34,115.12,142
2026-10-05 12:50:14,2026-10-05 14:45:34,2026-10-05 14:45:53,115.32,142
2026-10-05 12:50:47,2026-10-05 14:45:35,2026-10-05 14:45:36,114.81,141
2026-10-05 12:51:29,2026-10-05 14:45:36,2026-10-05 14:45:44,114.12,140
2026-10-05 12:51:36,2026-10-05 14:45:44,2026-10-05 14:46:01,114.14,141
2026-10-05 12:51:37,2026-10-05 14:45:53,2026-10-05 14:46:12,114.27,142
2026-10-05 12:51:37,2026-10-05 14:46:01,2026-10-05 14:46:39,114.4,143
2026-10-05 12:52:24,2026-10-05 14:46:12,2026-10-05 14:49:49,113.8,143
2026-10-05 12:52:29,2026-10-05 14:46:39,2026-10-05 14:47:29,114.16,144
2026-10-05 12:53:15,2026-10-05 14:47:29,2026-10-05 14:51:53,114.23,144
2026-10-05 12:54:20,2026-10-05 14:48:30,2026-10-05 14:49:25,114.18,144
2026-10-05 12:55:01,2026-10-05 14:49:25,2026-10-05 14:50:01,114.41,142
2026-10-05 12:56:33,2026-10-05 14:49:49,2026-10-05 14:51:38,113.27,140
2026-10-05 12:56:49,2026-10-05 14:50:01,2026-10-05 14:51:23,113.2,139
2026-10-05 12:57:02,2026-10-05 14:51:23,2026-10-05 14:52:33,114.36,140
2026-10-05 12:57:08,2026-10-05 14:51:38,2026-10-05 14:56:04,114.5,141
2026-10-05 12:57:44,2026-10-05 14:51:53,2026-10-05 14:58:46,114.16,139
2026-10-05 12:57:46,2026-10-05 14:52:33,2026-10-05 14:52:44,114.79,139
2026-10-05 12:58:54,2026-10-05 14:52:44,2026-10-05 14:53:59,113.83,140
2026-10-05 12:59:27,2026-10-05 14:53:59,2026-10-05 14:59:40,114.52,140
2026-10-05 12:59:44,2026-10-05 14:56:04,2026-10-05 14:57:11,116.33,141
2026-10-05 12:59:55,2026-10-05 14:57:11,2026-10-05 14:58:12,117.27,141
2026-10-05 12:59:58,2026-10-05 14:58:12,2026-10-05 14:59:16,118.22,142
2026-10-05 13:00:01,2026-10-05 14:58:46,2026-10-05 15:01:41,118.76,143
2026-10-05 13:00:36,2026-10-05 14:59:16,2026-10-05 15:01:54,118.66,143
2026-10-05 13:01:03,2026-10-05 14:59:40,2026-10-05 15:00:21,118.61,144
2026-10-05 13:01:06,2026-10-05 15:00:21,2026-10-05 15:10:58,119.24,145
2026-10-05 13:01:29,2026-10-05 15:01:41,2026-10-05 15:03:18,120.2,146
2026-10-05 13:01:43,2026-10-05 15:01:54,2026-10-05 15:03:44,120.19,147
2026-10-05 13:01:56,2026-10-05 15:03:18,2026-10-05 15:04:06,121.36,148
2026-10-05 13:02:04,2026-10-05 15:03:44,2026-10-05 15:04:47,121.66,149
2026-10-05 13:03:27,2026-10-05 15:04:06,2026-10-05 15:08:48,120.65,147
2026-10-05 13:03:40,2026-10-05 15:04:47,2026-10-05 15:09:09,121.12,148
2026-10-05 13:03:59,2026-10-05 15:08:48,2026-10-05 15:11:59,124.83,149
2026-10-05 13:05:34,2026-10-05 15:09:09,2026-10-05 15:12:29,123.59,147
2026-10-05 13:06:16,2026-10-05 15:10:58,2026-10-05 15:15:41,124.7,146
2026-10-05 13:06:41,2026-10-05 15:11:59,2026-10-05 15:14:44,125.29,147
2026-10-05 13:08:10,2026-10-05 15:12:29,2026-10-05 15:13:31,124.31,146
2026-10-05 13:08:12,2026-10-05 15:13:31,2026-10-05 15:14:54,125.31,147
2026-10-05 13:10:28,2026-10-05 15:14:44,2026-10-05 15:15:12,124.27,146
2026-10-05 13:10:31,2026-10-05 15:14:54,2026-10-05 15:17:09,124.37,147
2026-10-05 13:10:50,2026-10-05 15:15:12,2026-10-05 15:18:18,124.36,146
2026-10-05 13:11:24,2026-10-05 15:15:41,2026-10-05 15:17:29,124.28,146
2026-10-05 13:11:34,2026-10-05 15:17:09,2026-10-05 15:18:07,125.57,147
2026-10-05 13:11:48,2026-10-05 15:17:29,2026-10-05 15:21:23,125.68,148
2026-10-05 13:11:50,2026-10-05 15:18:07,2026-10-05 15:20:19,126.28,149
2026-10-05 13:11:52,2026-10-05 15:18:18,2026-10-05 15:22:39,126.44,150
2026-10-05 13:11:54,2026-10-05 15:20:19,2026-10-05 15:23:05,128.42,151
2026-10-05 13:13:08,2026-10-05 15:21:23,2026-10-05 15:28:40,128.25,150
2026-10-05 13:13:55,2026-10-05 15:22:39,2026-10-05 15:26:29,128.74,149
2026-10-05 13:14:38,2026-10-05 15:23:05,2026-10-05 15:26:10,128.45,150
2026-10-05 13:14:43,2026-10-05 15:26:10,2026-10-05 15:26:34,131.44,151
2026-10-05 13:15:42,2026-10-05 15:26:29,2026-10-05 15:27:17,130.78,151
2026-10-05 13:16:43,2026-10-05 15:26:34,2026-10-05 15:29:45,129.85,152
2026-10-05 13:17:25,2026-10-05 15:27:17,2026-10-05 15:28:56,129.87,151
2026-10-05 13:17:58,2026-10-05 15:28:40,2026-10-05 15:30:50,130.69,152
2026-10-05 13:19:47,2026-10-05 15:28:56,2026-10-05 15:34:36,129.15,150
2026-10-05 13:20:35,2026-10-05 15:29:45,2026-10-05 15:32:38,129.17,151
2026-10-05 13:22:10,2026-10-05 15:30:50,2026-10-05 15:32:25,128.67,151
2026-10-05 13:23:07,2026-10-05 15:32:25,2026-10-05 15:33:03,129.29,152
2026-10-05 13:24:04,2026-10-05 15:32:38,2026-10-05 15:33:02,128.57,152
2026-10-05 13:24:40,2026-10-05 15:33:02,2026-10-05 15:33:20,128.37,153
2026-10-05 13:24:44,2026-10-05 15:33:03,2026-10-05 15:35:58,128.3,154
2026-10-05 13:24:46,2026-10-05 15:33:20,2026-10-05 15:37:17,128.56,155
2026-10-05 13:25:14,2026-10-05 15:34:36,2026-10-05 15:34:49,129.36,156
2026-10-05 13:25:46,2026-10-05 15:34:49,2026-10-05 15:34:50,129.05,157
2026-10-05 13:25:48,2026-10-05 15:34:50,2026-10-05 15:35:29,129.02,158
2026-10-05 13:25:57,2026-10-05 15:35:29,2026-10-05 15:36:10,129.54,159
2026-10-05 13:27:16,2026-10-05 15:35:58,2026-10-05 15:37:07,128.69,158
2026-10-05 13:27:26,2026-10-05 15:36:10,2026-10-05 15:37:02,128.74,159
2026-10-05 13:27:40,2026-10-05 15:37:02,2026-10-05 15:40:25,129.36,160
2026-10-05 13:28:43,2026-10-05 15:37:07,2026-10-05 15:38:51,128.4,161
2026-10-05 13:29:18,2026-10-05 15:37:17,2026-10-05 15:37:25,127.99,162
2026-10-05 13:29:28,2026-10-05 15:37:25,2026-10-05 15:38:14,127.94,162
2026-10-05 13:30:10,2026-10-05 15:38:14,2026-10-05 15:38:31,128.06,162
2026-10-05 13:30:12,2026-10-05 15:38:31,2026-10-05 15:39:49,128.33,163
2026-10-05 13:30:48,2026-10-05 15:38:51,2026-10-05 15:40:42,128.06,164
2026-10-05 13:31:37,2026-10-05 15:39:49,2026-10-05 15:41:42,128.2,165
2026-10-05 13:32:06,2026-10-05 15:40:25,2026-10-05 15:43:23,128.32,165
2026-10-05 13:33:49,2026-10-05 15:40:42,2026-10-05 15:48:22,126.89,165
2026-10-05 13:33:51,2026-10-05 15:41:42,2026-10-05 15:41:44,127.84,166
2026-10-05 13:34:28,2026-10-05 15:41:44,2026-10-05 15:51:36,127.26,164
2026-10-05 13:34:37,2026-10-05 15:43:23,2026-10-05 15:44:23,128.77,165
2026-10-05 13:34:52,2026-10-05 15:44:23,2026-10-05 15:44:51,129.52,166
2026-10-05 13:35:17,2026-10-05 15:44:51,2026-10-05 15:45:02,129.57,167
2026-10-05 13:35:36,2026-10-05 15:45:02,2026-10-05 15:46:49,129.44,168
2026-10-05 13:35:52,2026-10-05 15:46:49,2026-10-05 15:47:18,130.94,169
2026-10-05 13:36:24,2026-10-05 15:47:18,2026-10-05 15:49:25,130.9,170
2026-10-05 13:37:17,2026-10-05 15:48:22,2026-10-05 15:48:36,131.09,171
2026-10-05 13:38:00,2026-10-05 15:48:36,2026-10-05 15:51:27,130.59,169
2026-10-05 13:38:44,2026-10-05 15:49:25,2026-10-05 15:49:30,130.68,169
2026-10-05 13:39:08,2026-10-05 15:49:30,2026-10-05 15:50:04,130.38,170
2026-10-05 13:39:59,2026-10-05 15:50:04,2026-10-05 15:50:37,130.08,168
2026-10-05 13:40:44,2026-10-05 15:50:37,2026-10-05 15:51:51,129.89,168
2026-10-05 13:41:06,2026-10-05 15:51:27,2026-10-05 15:51:51,130.34,169
2026-10-05 13:41:16,2026-10-05 15:51:36,2026-10-05 15:53:50,130.33,170
2026-10-05 13:41:52,2026-10-05 15:51:51,2026-10-05 15:54:09,129.98,170
2026-10-05 13:42:20,2026-10-05 15:51:51,2026-10-05 15:52:26,129.52,171
2026-10-05 13:42:23,2026-10-05 15:52:26,2026-10-05 15:53:15,130.05,172
2026-10-05 13:42:26,2026-10-05 15:53:15,2026-10-05 15:54:12,130.82,173
2026-10-05 13:42:46,2026-10-05 15:53:50,2026-10-05 16:00:05,131.06,174
2026-10-05 13:43:29,2026-10-05 15:54:09,2026-10-05 16:00:14,130.66,175
2026-10-05 13:43:51,2026-10-05 15:54:12,2026-10-05 16:00:20,130.34,176
2026-10-05 13:44:02,2026-10-05 16:00:05,2026-10-05 16:02:11,136.06,177
2026-10-05 13:44:10,2026-10-05 16:00:14,2026-10-05 16:06:43,136.07,178
2026-10-05 13:44:11,2026-10-05 16:00:20,2026-10-05 16:03:01,136.14,179
2026-10-05 13:45:51,2026-10-05 16:02:11,2026-10-05 16:06:01,136.32,179
2026-10-05 13:46:10,2026-10-05 16:03:01,2026-10-05 16:13:25,136.86,180
2026-10-05 13:46:54,2026-10-05 16:06:01,2026-10-05 16:12:59,139.11,180
2026-10-05 13:46:55,2026-10-05 16:06:43,2026-10-05 16:08:08,139.8,181
2026-10-05 13:47:00,2026-10-05 16:08:08,2026-10-05 16:16:56,141.13,182
2026-10-05 13:47:30,2026-10-05 16:12:59,2026-10-05 16:16:53,145.49,182
2026-10-05 13:47:40,2026-10-05 16:13:25,2026-10-05 16:21:22,145.74,183
2026-10-05 13:48:52,2026-10-05 16:16:53,2026-10-05 16:22:29,148.02,179
2026-10-05 13:49:59,2026-10-05 16:16:56,2026-10-05 16:24:23,146.95,180
2026-10-05 13:50:00,2026-10-05 16:21:22,2026-10-05 16:21:30,151.38,181
2026-10-05 13:50:27,2026-10-05 16:21:30,2026-10-05 16:25:51,151.05,182
2026-10-05 13:50:36,2026-10-05 16:22:29,2026-10-05 16:22:29,151.88,183
2026-10-05 13:52:18,2026-10-05 16:22:29,2026-10-05 16:26:57,150.19,181
2026-10-05 13:53:14,2026-10-05 16:24:23,2026-10-05 16:36:37,151.15,181
2026-10-05 13:53:24,2026-10-05 16:25:51,2026-10-05 16:26:54,152.45,181
2026-10-05 13:53:26,2026-10-05 16:26:54,2026-10-05 16:31:22,153.47,182
2026-10-05 13:53:32,2026-10-05 16:26:57,2026-10-05 16:29:46,153.41,182
2026-10-05 13:53:52,2026-10-05 16:29:46,2026-10-05 16:34:34,155.9,183
2026-10-05 13:54:09,2026-10-05 16:31:22,2026-10-05 16:33:12,157.22,184
2026-10-05 13:54:15,2026-10-05 16:33:12,2026-10-05 16:38:44,158.95,185
2026-10-05 13:54:48,2026-10-05 16:34:34,2026-10-05 16:40:08,159.77,186
2026-10-05 13:55:00,2026-10-05 16:36:37,2026-10-05 16:38:43,161.62,186
2026-10-05 13:55:32,2026-10-05 16:38:43,2026-10-05 16:44:52,163.18,186
2026-10-05 13:55:42,2026-10-05 16:38:44,2026-10-05 16:42:28,163.03,187
2026-10-05 13:55:44,2026-10-05 16:40:08,2026-10-05 16:40:55,164.4,188
2026-10-05 13:58:55,2026-10-05 16:40:55,2026-10-05 16:41:22,161.99,187
2026-10-05 13:59:18,2026-10-05 16:41:22,2026-10-05 16:45:55,162.07,187
2026-10-05 13:59:30,2026-10-05 16:42:28,2026-10-05 16:42:39,162.97,188
2026-10-05 14:00:40,2026-10-05 16:42:39,2026-10-05 16:44:33,161.97,187
2026-10-05 14:00:47,2026-10-05 16:44:33,2026-10-05 16:45:03,163.78,187
2026-10-05 14:03:00,2026-10-05 16:44:52,2026-10-05 17:00:04,161.87,187
2026-10-05 14:03:16,2026-10-05 16:45:03,2026-10-05 16:56:41,161.79,188
2026-10-05 14:03:18,2026-10-05 16:45:55,2026-10-05 16:52:35,162.62,189
2026-10-05 14:03:23,2026-10-05 16:52:35,2026-10-05 16:57:36,169.2,190
2026-10-05 14:03:32,2026-10-05 16:56:41,2026-10-05 16:58:22,173.16,190
2026-10-05 14:03:42,2026-10-05 16:57:36,2026-10-05 16:57:38,173.89,189
2026-10-05 14:03:45,2026-10-05 16:57:38,2026-10-05 17:03:27,173.88,190
2026-10-05 14:03:49,2026-10-05 16:58:22,2026-10-05 16:59:20,174.55,191
2026-10-05 14:04:06,2026-10-05 16:59:20,2026-10-05 16:59:30,175.24,192
2026-10-05 14:04:39,2026-10-05 16:59:30,2026-10-05 17:01:08,174.84,193
2026-10-05 14:05:02,2026-10-05 17:00:04,2026-10-05 17:01:19,175.03,194
2026-10-05 14:05:12,2026-10-05 17:01:08,2026-10-05 17:06:12,175.93,194
2026-10-05 14:05:40,2026-10-05 17:01:19,2026-10-05 17:04:32,175.65,195
2026-10-05 14:05:49,2026-10-05 17:03:27,2026-10-05 17:07:11,177.63,196
2026-10-05 14:06:17,2026-10-05 17:04:32,2026-10-05 17:05:57,178.24,197
2026-10-05 14:06:28,2026-10-05 17:05:57,2026-10-05 17:07:38,179.47,198
2026-10-05 14:06:29,2026-10-05 17:06:12,2026-10-05 17:08:27,179.73,199
2026-10-05 14:06:33,2026-10-05 17:07:11,2026-10-05 17:08:57,180.62,200
2026-10-05 14:07:48,2026-10-05 17:07:38,2026-10-05 17:09:20,179.82,199
2026-10-05 14:08:42,2026-10-05 17:08:27,2026-10-05 17:09:52,179.74,199
2026-10-05 14:08:44,2026-10-05 17:08:57,2026-10-05 17:09:22,180.22,200
2026-10-05 14:10:58,2026-10-05 17:09:20,2026-10-05 17:10:29,178.36,200
2026-10-05 14:11:08,2026-10-05 17:09:22,2026-10-05 17:10:57,178.23,201
2026-10-05 14:12:46,2026-10-05 17:09:52,2026-10-05 17:11:51,177.1,199
2026-10-05 14:13:09,2026-10-05 17:10:29,2026-10-05 17:12:40,177.34,200
2026-10-05 14:13:18,2026-10-05 17:10:57,2026-10-05 17:13:35,177.64,201
2026-10-05 14:14:06,2026-10-05 17:11:51,2026-10-05 17:13:36,177.74,202
2026-10-05 14:14:40,2026-10-05 17:12:40,2026-10-05 17:15:26,178.01,202
2026-10-05 14:15:33,2026-10-05 17:13:35,2026-10-05 17:17:34,178.03,202
2026-10-05 14:16:35,2026-10-05 17:13:36,2026-10-05 17:14:38,177.03,203
2026-10-05 14:17:20,2026-10-05 17:14:38,2026-10-05 17:16:29,177.3,201
2026-10-05 14:17:43,2026-10-05 17:15:26,2026-10-05 17:17:20,177.71,202
2026-10-05 14:18:06,2026-10-05 17:16:29,2026-10-05 17:16:32,178.38,203
2026-10-05 14:18:52,2026-10-05 17:16:32,2026-10-05 17:23:33,177.66,204
2026-10-05 14:19:07,2026-10-05 17:17:20,2026-10-05 17:18:01,178.22,204
2026-10-05 14:19:16,2026-10-05 17:17:34,2026-10-05 17:19:12,178.3,205
2026-10-05 14:20:20,2026-10-05 17:18:01,2026-10-05 17:18:21,177.68,205
2026-10-05 14:20:40,2026-10-05 17:18:21,2026-10-05 17:20:14,177.69,204
2026-10-05 14:21:19,2026-10-05 17:19:12,2026-10-05 17:21:09,177.88,205
2026-10-05 14:21:25,2026-10-05 17:20:14,2026-10-05 17:20:57,178.82,206
2026-10-05 14:21:56,2026-10-05 17:20:57,2026-10-05 17:24:38,179.02,207
2026-10-05 14:22:09,2026-10-05 17:21:09,2026-10-05 17:27:54,178.99,207
2026-10-05 14:25:17,2026-10-05 17:23:33,2026-10-05 17:24:46,178.27,204
2026-10-05 14:26:03,2026-10-05 17:24:38,2026-10-05 17:25:14,178.58,205
2026-10-05 14:26:21,2026-10-05 17:24:46,2026-10-05 17:27:36,178.41,206
2026-10-05 14:26:32,2026-10-05 17:25:14,2026-10-05 17:27:13,178.7,207
2026-10-05 14:27:30,2026-10-05 17:27:13,2026-10-05 17:29:57,179.72,202
2026-10-05 14:30:03,2026-10-05 17:27:36,2026-10-05 17:30:25,177.54,195
2026-10-05 14:30:47,2026-10-05 17:27:54,2026-10-05 17:30:15,177.12,196
2026-10-05 14:31:41,2026-10-05 17:29:57,2026-10-05 17:32:27,178.26,197
2026-10-05 14:31:45,2026-10-05 17:30:15,2026-10-05 17:33:19,178.5,198
2026-10-05 14:31:51,2026-10-05 17:30:25,2026-10-05 17:34:47,178.56,198
2026-10-05 14:32:05,2026-10-05 17:32:27,2026-10-05 17:34:49,180.38,199
2026-10-05 14:32:27,2026-10-05 17:33:19,2026-10-05 17:35:36,180.86,200
2026-10-05 14:33:13,2026-10-05 17:34:47,2026-10-05 17:35:19,181.57,201
2026-10-05 14:33:31,2026-10-05 17:34:49,2026-10-05 17:37:10,181.3,202
2026-10-05 14:33:56,2026-10-05 17:35:19,2026-10-05 17:35:37,181.38,203
2026-10-05 14:34:09,2026-10-05 17:35:36,2026-10-05 17:36:08,181.44,204
2026-10-05 14:34:14,2026-10-05 17:35:37,2026-10-05 17:38:27,181.37,205
2026-10-05 14:34:24,2026-10-05 17:36:08,2026-10-05 17:37:39,181.73,206
2026-10-05 14:34:27,2026-10-05 17:37:10,2026-10-05 17:38:31,182.71,207
2026-10-05 14:34:41,2026-10-05 17:37:39,2026-10-05 17:38:03,182.97,208
2026-10-05 14:35:04,2026-10-05 17:38:03,2026-10-05 17:45:09,182.98,209
2026-10-05 14:35:09,2026-10-05 17:38:27,2026-10-05 17:40:48,183.29,210
2026-10-05 14:35:56,2026-10-05 17:38:31,2026-10-05 17:48:46,182.58,207
2026-10-05 14:35:58,2026-10-05 17:40:48,2026-10-05 17:42:52,184.83,208
2026-10-05 14:36:02,2026-10-05 17:42:52,2026-10-05 17:44:34,186.85,209
2026-10-05 14:36:24,2026-10-05 17:44:34,2026-10-05 17:50:31,188.17,209
2026-10-05 14:36:26,2026-10-05 17:45:09,2026-10-05 17:46:07,188.7,210
2026-10-05 14:37:20,2026-10-05 17:46:07,2026-10-05 17:47:46,188.78,210
2026-10-05 14:37:40,2026-10-05 17:47:46,2026-10-05 17:48:01,190.1,211
2026-10-05 14:37:50,2026-10-05 17:48:01,2026-10-05 17:52:33,190.19,212
2026-10-05 14:38:05,2026-10-05 17:48:46,2026-10-05 17:49:03,190.68,211
2026-10-05 14:38:42,2026-10-05 17:49:03,2026-10-05 17:56:00,190.35,211
2026-10-05 14:39:14,2026-10-05 17:50:31,2026-10-05 17:50:52,191.28,212
2026-10-05 14:40:12,2026-10-05 17:50:52,2026-10-05 17:51:21,190.66,213
2026-10-05 14:40:22,2026-10-05 17:51:21,2026-10-05 17:57:57,190.97,214
2026-10-05 14:40:57,2026-10-05 17:52:33,2026-10-05 17:59:55,191.6,215
2026-10-05 14:41:29,2026-10-05 17:56:00,2026-10-05 17:56:47,194.51,216
2026-10-05 14:42:11,2026-10-05 17:56:47,2026-10-05 17:59:02,194.61,217
2026-10-05 14:42:42,2026-10-05 17:57:57,2026-10-05 18:00:28,195.25,218
2026-10-05 14:43:03,2026-10-05 17:59:02,2026-10-05 18:03:36,195.98,219
2026-10-05 14:43:24,2026-10-05 17:59:55,2026-10-05 18:07:58,196.52,219
2026-10-05 14:43:49,2026-10-05 18:00:28,2026-10-05 18:01:22,196.65,220
2026-10-05 14:43:51,2026-10-05 18:01:22,2026-10-05 18:03:42,197.52,221
2026-10-05 14:44:36,2026-10-05 18:03:36,2026-10-05 18:04:12,199.01,221
2026-10-05 14:45:47,2026-10-05 18:03:42,2026-10-05 18:03:47,197.92,217
2026-10-05 14:45:56,2026-10-05 18:03:47,2026-10-05 18:05:03,197.84,217
2026-10-05 14:46:07,2026-10-05 18:04:12,2026-10-05 18:09:20,198.07,217
2026-10-05 14:46:13,2026-10-05 18:05:03,2026-10-05 18:07:36,198.84,217
2026-10-05 14:46:51,2026-10-05 18:07:36,2026-10-05 18:08:00,200.75,217
2026-10-05 14:47:51,2026-10-05 18:07:58,2026-10-05 18:08:34,200.11,217
2026-10-05 14:47:53,2026-10-05 18:08:00,2026-10-05 18:09:11,200.12,218
2026-10-05 14:48:28,2026-10-05 18:08:34,2026-10-05 18:12:33,200.1,219
2026-10-05 14:49:05,2026-10-05 18:09:11,2026-10-05 18:09:27,200.1,219
2026-10-05 14:49:45,2026-10-05 18:09:20,2026-10-05 18:09:48,199.57,219
2026-10-05 14:49:56,2026-10-05 18:09:27,2026-10-05 18:10:34,199.51,219
2026-10-05 14:50:18,2026-10-05 18:09:48,2026-10-05 18:10:52,199.51,219
2026-10-05 14:51:13,2026-10-05 18:10:34,2026-10-05 18:11:14,199.35,220
2026-10-05 14:51:47,2026-10-05 18:10:52,2026-10-05 18:13:32,199.09,219
2026-10-05 14:51:52,2026-10-05 18:11:14,2026-10-05 18:14:41,199.37,220
2026-10-05 14:52:06,2026-10-05 18:12:33,2026-10-05 18:22:29,200.46,220
2026-10-05 14:53:41,2026-10-05 18:13:32,2026-10-05 18:17:05,199.85,219
2026-10-05 14:53:52,2026-10-05 18:14:41,2026-10-05 18:14:55,200.82,220
2026-10-05 14:54:42,2026-10-05 18:14:55,2026-10-05 18:16:51,200.22,220
2026-10-05 14:54:43,2026-10-05 18:16:51,2026-10-05 18:22:18,202.13,221
2026-10-05 14:54:53,2026-10-05 18:17:05,2026-10-05 18:17:32,202.21,222
2026-10-05 14:54:55,2026-10-05 18:17:32,2026-10-05 18:22:55,202.62,223
2026-10-05 14:55:31,2026-10-05 18:22:18,2026-10-05 18:26:48,206.77,224
2026-10-05 14:55:34,2026-10-05 18:22:29,2026-10-05 18:27:29,206.91,225
2026-10-05 14:56:07,2026-10-05 18:22:55,2026-10-05 18:27:49,206.8,225
2026-10-05 14:56:24,2026-10-05 18:26:48,2026-10-05 18:28:39,210.4,226
2026-10-05 14:58:14,2026-10-05 18:27:29,2026-10-05 18:30:05,209.26,225
2026-10-05 14:58:37,2026-10-05 18:27:49,2026-10-05 18:29:56,209.21,226
2026-10-05 14:58:52,2026-10-05 18:28:39,2026-10-05 18:29:07,209.77,226
2026-10-05 14:59:11,2026-10-05 18:29:07,2026-10-05 18:31:31,209.94,227
2026-10-05 14:59:16,2026-10-05 18:29:56,2026-10-05 18:34:44,210.67,228
2026-10-05 14:59:39,2026-10-05 18:30:05,2026-10-05 18:35:32,210.44,228
2026-10-05 15:00:26,2026-10-05 18:31:31,2026-10-05 18:32:32,211.09,227
2026-10-05 15:00:32,2026-10-05 18:32:32,2026-10-05 18:33:17,212.0,228
2026-10-05 15:01:35,2026-10-05 18:33:17,2026-10-05 18:35:55,211.7,229
2026-10-05 15:02:18,2026-10-05 18:34:44,2026-10-05 18:38:22,212.45,228
2026-10-05 15:02:19,2026-10-05 18:35:32,2026-10-05 18:37:15,213.22,229
2026-10-05 15:03:00,2026-10-05 18:35:55,2026-10-05 18:36:28,212.91,230
2026-10-05 15:04:06,2026-10-05 18:36:28,2026-10-05 18:38:28,212.38,229
2026-10-05 15:05:33,2026-10-05 18:37:15,2026-10-05 18:43:58,211.7,228
2026-10-05 15:06:34,2026-10-05 18:38:22,2026-10-05 18:39:09,211.79,229
2026-10-05 15:07:35,2026-10-05 18:38:28,2026-10-05 18:38:58,210.88,230
2026-10-05 15:09:11,2026-10-05 18:38:58,2026-10-05 18:39:00,209.79,229
2026-10-05 15:09:47,2026-10-05 18:39:00,2026-10-05 18:45:56,209.21,230
2026-10-05 15:10:25,2026-10-05 18:39:09,2026-10-05 18:40:35,208.74,231
2026-10-05 15:10:47,2026-10-05 18:40:35,2026-10-05 18:42:55,209.8,232
2026-10-05 15:10:55,2026-10-05 18:42:55,2026-10-05 18:45:32,212.0,233
2026-10-05 15:11:23,2026-10-05 18:43:58,2026-10-05 18:45:04,212.59,233
2026-10-05 15:12:05,2026-10-05 18:45:04,2026-10-05 18:49:15,212.98,233
2026-10-05 15:12:36,2026-10-05 18:45:32,2026-10-05 18:47:42,212.94,233
2026-10-05 15:13:08,2026-10-05 18:45:56,2026-10-05 18:47:18,212.8,234
2026-10-05 15:13:52,2026-10-05 18:47:18,2026-10-05 18:50:10,213.43,234
2026-10-05 15:14:05,2026-10-05 18:47:42,2026-10-05 18:50:15,213.61,235
2026-10-05 15:14:13,2026-10-05 18:49:15,2026-10-05 18:53:02,215.03,236
2026-10-05 15:15:44,2026-10-05 18:50:10,2026-10-05 18:53:52,214.44,233
2026-10-05 15:15:46,2026-10-05 18:50:15,2026-10-05 18:52:14,214.49,234
2026-10-05 15:16:26,2026-10-05 18:52:14,2026-10-05 18:53:58,215.81,235
2026-10-05 15:16:28,2026-10-05 18:53:02,2026-10-05 18:53:05,216.56,236
2026-10-05 15:16:30,2026-10-05 18:53:05,2026-10-05 18:55:45,216.58,237
2026-10-05 15:17:17,2026-10-05 18:53:52,2026-10-05 18:57:50,216.59,237
2026-10-05 15:17:57,2026-10-05 18:53:58,2026-10-05 18:55:41,216.01,237
2026-10-05 15:18:40,2026-10-05 18:55:41,2026-10-05 18:59:19,217.01,236
2026-10-05 15:18:41,2026-10-05 18:55:45,2026-10-05 18:55:49,217.07,237
2026-10-05 15:18:45,2026-10-05 18:55:49,2026-10-05 18:58:15,217.07,238
2026-10-05 15:19:45,2026-10-05 18:57:50,2026-10-05 18:57:57,218.08,239
2026-10-05 15:20:18,2026-10-05 18:57:57,2026-10-05 19:03:54,217.65,240
2026-10-05 15:20:39,2026-10-05 18:58:15,2026-10-05 19:02:44,217.61,240
2026-10-05 15:20:51,2026-10-05 18:59:19,2026-10-05 18:59:41,218.47,241
2026-10-05 15:21:18,2026-10-05 18:59:41,2026-10-05 19:00:22,218.38,242
2026-10-05 15:22:31,2026-10-05 19:00:22,2026-10-05 19:02:37,217.84,242
2026-10-05 15:22:44,2026-10-05 19:02:37,2026-10-05 19:02:57,219.88,242
2026-10-05 15:23:24,2026-10-05 19:02:44,2026-10-05 19:03:21,219.33,242
2026-10-05 15:23:56,2026-10-05 19:02:57,2026-10-05 19:06:45,219.02,243
2026-10-05 15:24:13,2026-10-05 19:03:21,2026-10-05 19:15:21,219.13,244
2026-10-05 15:24:27,2026-10-05 19:03:54,2026-10-05 19:04:53,219.45,245
2026-10-05 15:25:03,2026-10-05 19:04:53,2026-10-05 19:07:47,219.85,246
2026-10-05 15:25:25,2026-10-05 19:06:45,2026-10-05 19:10:17,221.33,247
2026-10-05 15:26:02,2026-10-05 19:07:47,2026-10-05 19:11:32,221.75,248
2026-10-05 15:26:46,2026-10-05 19:10:17,2026-10-05 19:11:57,223.52,246
2026-10-05 15:28:16,2026-10-05 19:11:32,2026-10-05 19:14:29,223.26,246
2026-10-05 15:28:59,2026-10-05 19:11:57,2026-10-05 19:12:04,222.97,245
2026-10-05 15:29:20,2026-10-05 19:12:04,2026-10-05 19:15:28,222.73,246
2026-10-05 15:29:30,2026-10-05 19:14:29,2026-10-05 19:14:35,224.98,247
2026-10-05 15:29:33,2026-10-05 19:14:35,2026-10-05 19:20:22,225.04,248
2026-10-05 15:29:34,2026-10-05 19:15:21,2026-10-05 19:16:03,225.79,249
2026-10-05 15:29:52,2026-10-05 19:15:28,2026-10-05 19:16:01,225.59,249
2026-10-05 15:30:13,2026-10-05 19:16:01,2026-10-05 19:16:48,225.8,250
2026-10-05 15:30:39,2026-10-05 19:16:03,2026-10-05 19:16:36,225.4,251
2026-10-05 15:30:56,2026-10-05 19:16:36,2026-10-05 19:19:53,225.66,251
2026-10-05 15:31:07,2026-10-05 19:16:48,2026-10-05 19:18:01,225.67,252
2026-10-05 15:31:27,2026-10-05 19:18:01,2026-10-05 19:19:30,226.56,253
2026-10-05 15:31:31,2026-10-05 19:19:30,2026-10-05 19:25:28,227.98,254
2026-10-05 15:31:41,2026-10-05 19:19:53,2026-10-05 19:20:11,228.2,255
2026-10-05 15:33:25,2026-10-05 19:20:11,2026-10-05 19:20:52,226.76,251
2026-10-05 15:34:12,2026-10-05 19:20:22,2026-10-05 19:25:39,226.17,252
2026-10-05 15:35:35,2026-10-05 19:20:52,2026-10-05 19:24:17,225.28,249
2026-10-05 15:35:40,2026-10-05 19:24:17,2026-10-05 19:26:07,228.62,250
2026-10-05 15:35:57,2026-10-05 19:25:28,2026-10-05 19:33:01,229.51,251
2026-10-05 15:35:57,2026-10-05 19:25:39,2026-10-05 19:39:16,229.7,252
2026-10-05 15:35:59,2026-10-05 19:26:07,2026-10-05 19:32:20,230.13,252
2026-10-05 15:37:23,2026-10-05 19:32:20,2026-10-05 19:36:00,234.96,249
2026-10-05 15:38:39,2026-10-05 19:33:01,2026-10-05 19:34:18,234.37,247
2026-10-05 15:38:47,2026-10-05 19:34:18,2026-10-05 19:35:37,235.51,248
2026-10-05 15:39:03,2026-10-05 19:35:37,2026-10-05 19:36:36,236.55,248
2026-10-05 15:40:14,2026-10-05 19:36:00,2026-10-05 19:36:10,235.77,248
2026-10-05 15:40:29,2026-10-05 19:36:10,2026-10-05 19:36:18,235.69,248
2026-10-05 15:40:33,2026-10-05 19:36:18,2026-10-05 19:38:14,235.75,249
2026-10-05 15:40:37,2026-10-05 19:36:36,2026-10-05 19:36:38,235.99,250
2026-10-05 15:41:07,2026-10-05 19:36:38,2026-10-05 19:45:17,235.51,250
2026-10-05 15:41:20,2026-10-05 19:38:14,2026-10-05 19:40:57,236.9,251
2026-10-05 15:41:32,2026-10-05 19:39:16,2026-10-05 19:41:29,237.75,252
2026-10-05 15:43:45,2026-10-05 19:40:57,2026-10-05 19:43:05,237.19,250
2026-10-05 15:45:27,2026-10-05 19:41:29,2026-10-05 19:47:48,236.02,248
2026-10-05 15:45:53,2026-10-05 19:43:05,2026-10-05 19:45:09,237.21,249
2026-10-05 15:46:17,2026-10-05 19:45:09,2026-10-05 19:46:45,238.87,250
2026-10-05 15:47:46,2026-10-05 19:45:17,2026-10-05 19:45:26,237.51,249
2026-10-05 15:48:24,2026-10-05 19:45:26,2026-10-05 19:51:34,237.04,249
2026-10-05 15:48:50,2026-10-05 19:46:45,2026-10-05 19:47:17,237.91,249
2026-10-05 15:49:15,2026-10-05 19:47:17,2026-10-05 19:48:52,238.04,250
2026-10-05 15:50:31,2026-10-05 19:47:48,2026-10-05 19:49:09,237.28,248
2026-10-05 15:50:50,2026-10-05 19:48:52,2026-10-05 19:49:10,238.03,248
2026-10-05 15:51:14,2026-10-05 19:49:09,2026-10-05 19:49:23,237.92,249
2026-10-05 15:51:54,2026-10-05 19:49:10,2026-10-05 19:52:37,237.26,246
2026-10-05 15:51:58,2026-10-05 19:49:23,2026-10-05 19:52:10,237.41,247
2026-10-05 15:52:15,2026-10-05 19:51:34,2026-10-05 19:54:19,239.33,248
2026-10-05 15:53:15,2026-10-05 19:52:10,2026-10-05 19:54:10,238.92,248
2026-10-05 15:54:57,2026-10-05 19:52:37,2026-10-05 19:56:13,237.66,245
2026-10-05 15:55:15,2026-10-05 19:54:10,2026-10-05 20:05:51,238.92,246
2026-10-05 15:55:28,2026-10-05 19:54:19,2026-10-05 19:56:03,238.86,247
2026-10-05 15:55:36,2026-10-05 19:56:03,2026-10-05 19:56:25,240.46,248
2026-10-05 15:55:42,2026-10-05 19:56:13,2026-10-05 19:56:22,240.51,249
2026-10-05 15:56:26,2026-10-05 19:56:22,2026-10-05 20:01:38,239.92,250
2026-10-05 15:56:41,2026-10-05 19:56:25,2026-10-05 19:56:27,239.75,251
2026-10-05 15:57:32,2026-10-05 19:56:27,2026-10-05 19:59:40,238.92,252
2026-10-05 15:57:46,2026-10-05 19:59:40,2026-10-05 20:03:30,241.9,253
2026-10-05 15:58:20,2026-10-05 20:01:38,2026-10-05 20:05:38,243.3,254
2026-10-05 15:58:44,2026-10-05 20:03:30,2026-10-05 20:11:13,244.77,255
2026-10-05 15:59:31,2026-10-05 20:05:38,2026-10-05 20:06:14,246.11,256
2026-10-05 15:59:38,2026-10-05 20:05:51,2026-10-05 20:05:55,246.21,257
2026-10-05 15:59:47,2026-10-05 20:05:55,2026-10-05 20:07:32,246.13,258
2026-10-05 16:01:31,2026-10-05 20:06:14,2026-10-05 20:10:19,244.72,256
2026-10-05 16:01:42,2026-10-05 20:07:32,2026-10-05 20:09:00,245.83,257
2026-10-05 16:01:56,2026-10-05 20:09:00,2026-10-05 20:09:15,247.08,258
2026-10-05 16:02:24,2026-10-05 20:09:15,2026-10-05 20:09:45,246.86,258
2026-10-05 16:03:25,2026-10-05 20:09:45,2026-10-05 20:10:53,246.33,258
2026-10-05 16:03:36,2026-10-05 20:10:19,2026-10-05 20:22:13,246.73,259
2026-10-05 16:03:59,2026-10-05 20:10:53,2026-10-05 20:11:39,246.9,260
2026-10-05 16:04:09,2026-10-05 20:11:13,2026-10-05 20:11:28,247.06,261
2026-10-05 16:04:32,2026-10-05 20:11:28,2026-10-05 20:13:32,246.92,262
2026-10-05 16:04:59,2026-10-05 20:11:39,2026-10-05 20:13:14,246.66,263
2026-10-05 16:05:49,2026-10-05 20:13:14,2026-10-05 20:17:15,247.41,264
2026-10-05 16:06:28,2026-10-05 20:13:32,2026-10-05 20:14:30,247.06,264
2026-10-05 16:06:32,2026-10-05 20:14:30,2026-10-05 20:17:00,247.96,265
2026-10-05 16:06:38,2026-10-05 20:17:00,2026-10-05 20:18:27,250.37,266
2026-10-05 16:07:24,2026-10-05 20:17:15,2026-10-05 20:21:28,249.85,266
2026-10-05 16:08:03,2026-10-05 20:18:27,2026-10-05 20:18:36,250.41,267
2026-10-05 16:08:52,2026-10-05 20:18:36,2026-10-05 20:19:00,249.74,267
2026-10-05 16:08:53,2026-10-05 20:19:00,2026-10-05 20:19:45,250.11,268
2026-10-05 16:09:03,2026-10-05 20:19:45,2026-10-05 20:22:25,250.7,269
2026-10-05 16:09:07,2026-10-05 20:21:28,2026-10-05 20:23:10,252.35,270
2026-10-05 16:10:06,2026-10-05 20:22:13,2026-10-05 20:23:11,252.12,271
2026-10-05 16:10:44,2026-10-05 20:22:25,2026-10-05 20:24:00,251.68,272
2026-10-05 16:10:47,2026-10-05 20:23:10,2026-10-05 20:24:19,252.39,273
2026-10-05 16:11:17,2026-10-05 20:23:11,2026-10-05 20:23:52,251.9,274
2026-10-05 16:11:42,2026-10-05 20:23:52,2026-10-05 20:25:53,252.16,275
2026-10-05 16:11:57,2026-10-05 20:24:00,2026-10-05 20:32:24,252.05,276
2026-10-05 16:12:20,2026-10-05 20:24:19,2026-10-05 20:25:18,252.0,277
2026-10-05 16:13:18,2026-10-05 20:25:18,2026-10-05 20:25:56,251.99,277
2026-10-05 16:13:39,2026-10-05 20:25:53,2026-10-05 20:27:53,252.24,277
2026-10-05 16:14:07,2026-10-05 20:25:56,2026-10-05 20:28:51,251.81,278
2026-10-05 16:14:09,2026-10-05 20:27:53,2026-10-05 20:28:07,253.73,279
2026-10-05 16:15:07,2026-10-05 20:28:07,2026-10-05 20:34:06,253.01,280
2026-10-05 16:16:48,2026-10-05 20:28:51,2026-10-05 20:29:35,252.04,281
2026-10-05 16:19:31,2026-10-05 20:29:35,2026-10-05 20:30:30,250.07,280
2026-10-05 16:20:12,2026-10-05 20:30:30,2026-10-05 20:40:05,250.29,281
2026-10-05 16:21:27,2026-10-05 20:32:24,2026-10-05 20:34:40,250.94,281
2026-10-05 16:21:50,2026-10-05 20:34:06,2026-10-05 20:34:27,252.27,281
2026-10-05 16:24:08,2026-10-05 20:34:27,2026-10-05 20:34:35,250.33,280
2026-10-05 16:24:08,2026-10-05 20:34:35,2026-10-05 20:35:05,250.46,281
2026-10-05 16:24:16,2026-10-05 20:34:40,2026-10-05 20:35:11,250.39,282
2026-10-05 16:24:53,2026-10-05 20:35:05,2026-10-05 20:35:29,250.2,282
2026-10-05 16:27:15,2026-10-05 20:35:11,2026-10-05 20:41:35,247.94,280
2026-10-05 16:27:30,2026-10-05 20:35:29,2026-10-05 20:38:50,247.98,281
2026-10-05 16:27:36,2026-10-05 20:38:50,2026-10-05 20:41:58,251.23,282
2026-10-05 16:28:05,2026-10-05 20:40:05,2026-10-05 20:43:47,252.0,283
2026-10-05 16:30:16,2026-10-05 20:41:35,2026-10-05 20:41:47,251.32,283
2026-10-05 16:30:19,2026-10-05 20:41:47,2026-10-05 20:44:01,251.47,284
2026-10-05 16:30:36,2026-10-05 20:41:58,2026-10-05 20:44:03,251.36,285
2026-10-05 16:30:49,2026-10-05 20:43:47,2026-10-05 20:44:15,252.96,286
2026-10-05 16:30:58,2026-10-05 20:44:01,2026-10-05 20:57:11,253.06,287
2026-10-05 16:31:12,2026-10-05 20:44:03,2026-10-05 20:48:12,252.85,288
2026-10-05 16:31:24,2026-10-05 20:44:15,2026-10-05 20:44:36,252.85,288
2026-10-05 16:31:25,2026-10-05 20:44:36,2026-10-05 20:45:32,253.18,289
2026-10-05 16:31:45,2026-10-05 20:45:32,2026-10-05 20:46:37,253.78,290
2026-10-05 16:33:12,2026-10-05 20:46:37,2026-10-05 20:48:01,253.41,290
2026-10-05 16:34:32,2026-10-05 20:48:01,2026-10-05 20:50:58,253.48,291
2026-10-05 16:36:27,2026-10-05 20:48:12,2026-10-05 21:05:28,251.75,291
2026-10-05 16:36:50,2026-10-05 20:50:58,2026-10-05 20:51:26,254.15,291
2026-10-05 16:36:51,2026-10-05 20:51:26,2026-10-05 20:59:56,254.58,292
2026-10-05 16:37:46,2026-10-05 20:57:11,2026-10-05 20:58:15,259.42,293
2026-10-05 16:37:56,2026-10-05 20:58:15,2026-10-05 20:58:48,260.32,294
2026-10-05 16:38:08,2026-10-05 20:58:48,2026-10-05 21:07:15,260.67,295
2026-10-05 16:38:40,2026-10-05 20:59:56,2026-10-05 20:59:59,261.27,296
2026-10-05 16:38:58,2026-10-05 20:59:59,2026-10-05 21:00:33,261.01,295
2026-10-05 16:39:08,2026-10-05 21:00:33,2026-10-05 21:00:50,261.42,296
2026-10-05 16:39:46,2026-10-05 21:00:50,2026-10-05 21:01:44,261.07,297
2026-10-05 16:40:36,2026-10-05 21:01:44,2026-10-05 21:02:12,261.14,297
2026-10-05 16:43:59,2026-10-05 21:02:12,2026-10-05 21:05:19,258.22,294
2026-10-05 16:44:02,2026-10-05 21:05:19,2026-10-05 21:06:03,261.29,295
2026-10-05 16:44:16,2026-10-05 21:05:28,2026-10-05 21:11:33,261.19,296
2026-10-05 16:45:37,2026-10-05 21:06:03,2026-10-05 21:06:29,260.43,294
2026-10-05 16:45:52,2026-10-05 21:06:29,2026-10-05 21:07:53,260.61,295
2026-10-05 16:45:55,2026-10-05 21:07:15,2026-10-05 21:08:19,261.34,296
2026-10-05 16:46:42,2026-10-05 21:07:53,2026-10-05 21:08:35,261.18,296
2026-10-05 16:46:48,2026-10-05 21:08:19,2026-10-05 21:09:42,261.51,297
2026-10-05 16:46:58,2026-10-05 21:08:35,2026-10-05 21:09:20,261.62,298
2026-10-05 16:47:59,2026-10-05 21:09:20,2026-10-05 21:09:39,261.35,299
2026-10-05 16:48:17,2026-10-05 21:09:39,2026-10-05 21:10:46,261.36,300
2026-10-05 16:48:25,2026-10-05 21:09:42,2026-10-05 21:11:23,261.28,301
2026-10-05 16:48:32,2026-10-05 21:10:46,2026-10-05 21:14:03,262.23,302
2026-10-05 16:48:38,2026-10-05 21:11:23,2026-10-05 21:16:45,262.76,303
2026-10-05 16:48:43,2026-10-05 21:11:33,2026-10-05 21:15:38,262.83,304
2026-10-05 16:49:03,2026-10-05 21:14:03,2026-10-05 21:14:04,265.0,305
2026-10-05 16:49:18,2026-10-05 21:14:04,2026-10-05 21:16:24,264.76,306
2026-10-05 16:49:33,2026-10-05 21:15:38,2026-10-05 21:20:12,266.08,307
2026-10-05 16:49:50,2026-10-05 21:16:24,2026-10-05 21:20:07,266.56,308
2026-10-05 16:50:03,2026-10-05 21:16:45,2026-10-05 21:17:51,266.7,309
2026-10-05 16:50:23,2026-10-05 21:17:51,2026-10-05 21:18:21,267.46,310
2026-10-05 16:50:35,2026-10-05 21:18:21,2026-10-05 21:22:45,267.77,311
2026-10-05 16:51:22,2026-10-05 21:20:07,2026-10-05 21:20:23,268.75,312
2026-10-05 16:51:56,2026-10-05 21:20:12,2026-10-05 21:21:30,268.26,313
2026-10-05 16:51:59,2026-10-05 21:20:23,2026-10-05 21:27:29,268.39,314
2026-10-05 16:52:04,2026-10-05 21:21:30,2026-10-05 21:23:52,269.44,315
2026-10-05 16:52:19,2026-10-05 21:22:45,2026-10-05 21:26:14,270.43,316
2026-10-05 16:52:42,2026-10-05 21:23:52,2026-10-05 21:24:09,271.16,316
2026-10-05 16:53:40,2026-10-05 21:24:09,2026-10-05 21:32:28,270.48,317
2026-10-05 16:53:59,2026-10-05 21:26:14,2026-10-05 21:26:56,272.24,318
2026-10-05 16:55:56,2026-10-05 21:26:56,2026-10-05 21:33:33,270.99,319
2026-10-05 16:56:07,2026-10-05 21:27:29,2026-10-05 21:30:14,271.37,320
2026-10-05 16:56:57,2026-10-05 21:30:14,2026-10-05 21:31:03,273.28,320
2026-10-05 16:57:18,2026-10-05 21:31:03,2026-10-05 21:35:12,273.74,321
2026-10-05 16:57:33,2026-10-05 21:32:28,2026-10-05 21:36:40,274.91,322
2026-10-05 16:57:43,2026-10-05 21:33:33,2026-10-05 21:34:21,275.82,321
2026-10-05 16:58:48,2026-10-05 21:34:21,2026-10-05 21:39:03,275.54,321
2026-10-06 09:01:10,2026-10-06 09:01:10,2026-10-06 09:02:23,0.0,0
2026-10-06 09:01:10,2026-10-06 09:01:10,2026-10-06 09:04:37,0.0,0
2026-10-06 09:02:05,2026-10-06 09:02:05,2026-10-06 09:05:03,0.0,0
2026-10-06 09:02:24,2026-10-06 09:02:24,2026-10-06 09:03:18,0.0,0
2026-10-06 09:02:54,2026-10-06 09:03:18,2026-10-06 09:08:55,0.41,0
2026-10-06 09:02:59,2026-10-06 09:04:37,2026-10-06 09:05:13,1.63,1
2026-10-06 09:03:06,2026-10-06 09:05:03,2026-10-06 09:11:39,1.95,2
2026-10-06 09:03:07,2026-10-06 09:05:13,2026-10-06 09:06:14,2.1,3
2026-10-06 09:03:09,2026-10-06 09:06:14,2026-10-06 09:08:35,3.08,4
2026-10-06 09:03:19,2026-10-06 09:08:35,2026-10-06 09:08:48,5.26,4
2026-10-06 09:03:22,2026-10-06 09:08:48,2026-10-06 09:16:35,5.43,5
2026-10-06 09:03:31,2026-10-06 09:08:55,2026-10-06 09:10:57,5.4,6
2026-10-06 09:04:43,2026-10-06 09:10:57,2026-10-06 09:11:14,6.22,6
2026-10-06 09:05:27,2026-10-06 09:11:14,2026-10-06 09:11:41,5.78,5
2026-10-06 09:05:31,2026-10-06 09:11:39,2026-10-06 09:14:07,6.13,6
2026-10-06 09:05:44,2026-10-06 09:11:41,2026-10-06 09:12:03,5.96,7
2026-10-06 09:07:59,2026-10-06 09:12:03,2026-10-06 09:17:02,4.07,7
2026-10-06 09:08:17,2026-10-06 09:14:07,2026-10-06 09:16:24,5.83,8
2026-10-06 09:10:21,2026-10-06 09:16:24,2026-10-06 09:17:38,6.06,6
2026-10-06 09:11:50,2026-10-06 09:16:35,2026-10-06 09:17:19,4.76,3
2026-10-06 09:12:17,2026-10-06 09:17:02,2026-10-06 09:19:18,4.76,3
2026-10-06 09:13:07,2026-10-06 09:17:19,2026-10-06 09:18:06,4.19,4
2026-10-06 09:13:36,2026-10-06 09:17:38,2026-10-06 09:25:12,4.03,5
2026-10-06 09:14:06,2026-10-06 09:18:06,2026-10-06 09:18:22,3.99,6
2026-10-06 09:15:35,2026-10-06 09:18:22,2026-10-06 09:23:58,2.78,6
2026-10-06 09:20:42,2026-10-06 09:20:42,2026-10-06 09:22:17,0.0,0
2026-10-06 09:21:12,2026-10-06 09:22:17,2026-10-06 09:25:14,1.08,0
2026-10-06 09:21:42,2026-10-06 09:23:58,2026-10-06 09:29:21,2.27,1
2026-10-06 09:22:09,2026-10-06 09:25:12,2026-10-06 09:25:30,3.05,2
2026-10-06 09:22:33,2026-10-06 09:25:14,2026-10-06 09:26:27,2.69,2
2026-10-06 09:23:04,2026-10-06 09:25:30,2026-10-06 09:26:03,2.43,3
2026-10-06 09:24:08,2026-10-06 09:26:03,2026-10-06 09:30:31,1.91,3
2026-10-06 09:24:15,2026-10-06 09:26:27,2026-10-06 09:31:14,2.19,4
2026-10-06 09:26:12,2026-10-06 09:29:21,2026-10-06 09:30:25,3.15,1
2026-10-06 09:26:35,2026-10-06 09:30:25,2026-10-06 09:30:43,3.83,1
2026-10-06 09:27:55,2026-10-06 09:30:31,2026-10-06 09:33:44,2.59,2
2026-10-06 09:28:07,2026-10-06 09:30:43,2026-10-06 09:32:37,2.6,3
2026-10-06 09:29:07,2026-10-06 09:31:14,2026-10-06 09:31:16,2.12,4
2026-10-06 09:29:28,2026-10-06 09:31:16,2026-10-06 09:32:34,1.8,4
2026-10-06 09:29:37,2026-10-06 09:32:34,2026-10-06 09:37:38,2.94,5
2026-10-06 09:29:51,2026-10-06 09:32:37,2026-10-06 09:34:05,2.75,6
2026-10-06 09:30:15,2026-10-06 09:33:44,2026-10-06 09:35:33,3.49,7
2026-10-06 09:30:32,2026-10-06 09:34:05,2026-10-06 09:44:57,3.54,6
2026-10-06 09:30:42,2026-10-06 09:35:33,2026-10-06 09:36:49,4.86,7
2026-10-06 09:30:58,2026-10-06 09:36:49,2026-10-06 09:37:18,5.85,7
2026-10-06 09:31:58,2026-10-06 09:37:18,2026-10-06 09:40:49,5.33,6
2026-10-06 09:32:27,2026-10-06 09:37:38,2026-10-06 09:38:07,5.18,7
2026-10-06 09:32:33,2026-10-06 09:38:07,2026-10-06 09:41:32,5.58,8
2026-10-06 09:33:07,2026-10-06 09:40:49,2026-10-06 09:43:16,7.69,7
2026-10-06 09:33:21,2026-10-06 09:41:32,2026-10-06 09:44:52,8.18,8
2026-10-06 09:34:58,2026-10-06 09:43:16,2026-10-06 09:46:29,8.3,7
2026-10-06 09:35:22,2026-10-06 09:44:52,2026-10-06 09:45:55,9.5,8
2026-10-06 09:35:54,2026-10-06 09:44:57,2026-10-06 09:52:46,9.06,8
2026-10-06 09:35:57,2026-10-06 09:45:55,2026-10-06 09:46:32,9.97,9
2026-10-06 09:37:13,2026-10-06 09:46:29,2026-10-06 09:46:36,9.27,9
2026-10-06 09:37:24,2026-10-06 09:46:32,2026-10-06 09:50:25,9.13,9
2026-10-06 09:37:28,2026-10-06 09:46:36,2026-10-06 09:56:27,9.15,10
2026-10-06 09:38:34,2026-10-06 09:50:25,2026-10-06 09:55:13,11.84,9
2026-10-06 09:39:21,2026-10-06 09:52:46,2026-10-06 09:55:14,13.42,10
2026-10-06 09:39:31,2026-10-06 09:55:13,2026-10-06 09:56:28,15.69,11
2026-10-06 09:39:39,2026-10-06 09:55:14,2026-10-06 10:01:59,15.58,12
2026-10-06 09:39:44,2026-10-06 09:56:27,2026-10-06 10:04:26,16.71,13
2026-10-06 09:39:53,2026-10-06 09:56:28,2026-10-06 09:58:01,16.59,14
2026-10-06 09:40:38,2026-10-06 09:58:01,2026-10-06 09:58:13,17.39,15
2026-10-06 09:40:43,2026-10-06 09:58:13,2026-10-06 09:58:23,17.5,16
2026-10-06 09:41:15,2026-10-06 09:58:23,2026-10-06 09:59:51,17.14,16
2026-10-06 09:41:29,2026-10-06 09:59:51,2026-10-06 09:59:58,18.36,17
2026-10-06 09:41:50,2026-10-06 09:59:58,2026-10-06 10:00:40,18.12,17
2026-10-06 09:43:50,2026-10-06 10:00:40,2026-10-06 10:03:15,16.84,17
2026-10-06 09:43:53,2026-10-06 10:01:59,2026-10-06 10:09:18,18.09,18
2026-10-06 09:45:11,2026-10-06 10:03:15,2026-10-06 10:05:02,18.06,17
2026-10-06 09:46:53,2026-10-06 10:04:26,2026-10-06 10:07:52,17.56,14
2026-10-06 09:46:59,2026-10-06 10:05:02,2026-10-06 10:05:17,18.04,15
2026-10-06 09:47:06,2026-10-06 10:05:17,2026-10-06 10:10:42,18.18,16
2026-10-06 09:47:15,2026-10-06 10:07:52,2026-10-06 10:08:03,20.62,17
2026-10-06 09:49:29,2026-10-06 10:08:03,2026-10-06 10:10:44,18.57,18
2026-10-06 09:50:53,2026-10-06 10:09:18,2026-10-06 10:10:22,18.41,18
2026-10-06 09:51:25,2026-10-06 10:10:22,2026-10-06 10:19:49,18.95,19
2026-10-06 09:52:05,2026-10-06 10:10:42,2026-10-06 10:11:53,18.62,20
2026-10-06 09:52:12,2026-10-06 10:10:44,2026-10-06 10:11:51,18.54,21
2026-10-06 09:52:14,2026-10-06 10:11:51,2026-10-06 10:14:22,19.62,22
2026-10-06 09:53:58,2026-10-06 10:11:53,2026-10-06 10:16:10,17.91,22
2026-10-06 09:56:12,2026-10-06 10:14:22,2026-10-06 10:16:40,18.16,21
2026-10-06 09:56:29,2026-10-06 10:16:10,2026-10-06 10:16:40,19.68,20
2026-10-06 09:57:01,2026-10-06 10:16:40,2026-10-06 10:18:33,19.64,21
2026-10-06 09:57:37,2026-10-06 10:16:40,2026-10-06 10:23:45,19.05,22
2026-10-06 09:58:11,2026-10-06 10:18:33,2026-10-06 10:18:43,20.36,22
2026-10-06 09:59:08,2026-10-06 10:18:43,2026-10-06 10:20:18,19.58,21
2026-10-06 09:59:30,2026-10-06 10:19:49,2026-10-06 10:22:50,20.32,22
2026-10-06 10:00:04,2026-10-06 10:20:18,2026-10-06 10:25:31,20.24,21
2026-10-06 10:00:06,2026-10-06 10:22:50,2026-10-06 10:29:11,22.74,22
2026-10-06 10:00:32,2026-10-06 10:23:45,2026-10-06 10:25:49,23.23,23
2026-10-06 10:00:54,2026-10-06 10:25:31,2026-10-06 10:28:51,24.61,23
2026-10-06 10:01:24,2026-10-06 10:25:49,2026-10-06 10:28:51,24.41,24
2026-10-06 10:01:34,2026-10-06 10:28:51,2026-10-06 10:35:38,27.28,25
2026-10-06 10:02:05,2026-10-06 10:28:51,2026-10-06 10:34:43,26.77,25
2026-10-06 10:03:01,2026-10-06 10:29:11,2026-10-06 10:34:44,26.16,26
2026-10-06 10:04:00,2026-10-06 10:34:43,2026-10-06 10:38:53,30.73,26
2026-10-06 10:05:01,2026-10-06 10:34:44,2026-10-06 10:36:28,29.71,26
2026-10-06 10:05:04,2026-10-06 10:35:38,2026-10-06 10:36:45,30.56,26
2026-10-06 10:06:09,2026-10-06 10:36:28,2026-10-06 10:38:33,30.33,26
2026-10-06 10:06:22,2026-10-06 10:36:45,2026-10-06 10:43:15,30.37,27
2026-10-06 10:06:56,2026-10-06 10:38:33,2026-10-06 10:44:16,31.62,28
2026-10-06 10:07:11,2026-10-06 10:38:53,2026-10-06 10:39:42,31.7,29
2026-10-06 10:08:37,2026-10-06 10:39:42,2026-10-06 10:40:31,31.09,28
2026-10-06 10:09:14,2026-10-06 10:40:31,2026-10-06 10:47:42,31.28,29
2026-10-06 10:09:17,2026-10-06 10:43:15,2026-10-06 10:54:41,33.97,30
2026-10-06 10:09:56,2026-10-06 10:44:16,2026-10-06 10:45:26,34.33,30
2026-10-06 10:10:08,2026-10-06 10:45:26,2026-10-06 10:48:30,35.3,31
2026-10-06 10:10:23,2026-10-06 10:47:42,2026-10-06 10:48:32,37.31,31
2026-10-06 10:12:27,2026-10-06 10:48:30,2026-10-06 10:54:23,36.04,28
2026-10-06 10:12:33,2026-10-06 10:48:32,2026-10-06 10:49:00,35.99,29
2026-10-06 10:12:54,2026-10-06 10:49:00,2026-10-06 10:53:01,36.1,30
2026-10-06 10:15:05,2026-10-06 10:53:01,2026-10-06 11:05:48,37.94,30
2026-10-06 10:21:24,2026-10-06 10:54:23,2026-10-06 10:55:29,32.99,24
2026-10-06 10:21:45,2026-10-06 10:54:41,2026-10-06 10:58:14,32.93,25
2026-10-06 10:21:52,2026-10-06 10:55:29,2026-10-06 10:56:11,33.62,26
2026-10-06 10:21:52,2026-10-06 10:56:11,2026-10-06 11:00:46,34.32,27
2026-10-06 10:22:06,2026-10-06 10:58:14,2026-10-06 11:05:46,36.13,28
2026-10-06 10:22:23,2026-10-06 11:00:46,2026-10-06 11:02:50,38.38,29
2026-10-06 10:25:04,2026-10-06 11:02:50,2026-10-06 11:05:26,37.76,28
2026-10-06 10:25:58,2026-10-06 11:05:26,2026-10-06 11:07:38,39.47,27
2026-10-06 10:26:53,2026-10-06 11:05:46,2026-10-06 11:06:49,38.89,28
2026-10-06 10:26:55,2026-10-06 11:05:48,2026-10-06 11:06:27,38.89,29
2026-10-06 10:27:07,2026-10-06 11:06:27,2026-10-06 11:08:27,39.33,30
2026-10-06 10:30:38,2026-10-06 11:06:49,2026-10-06 11:09:50,36.17,28
2026-10-06 10:30:51,2026-10-06 11:07:38,2026-10-06 11:08:46,36.79,29
2026-10-06 10:30:57,2026-10-06 11:08:27,2026-10-06 11:08:59,37.51,30
2026-10-06 10:31:39,2026-10-06 11:08:46,2026-10-06 11:20:18,37.12,31
2026-10-06 10:32:49,2026-10-06 11:08:59,2026-10-06 11:09:05,36.17,32
2026-10-06 10:32:57,2026-10-06 11:09:05,2026-10-06 11:15:02,36.12,33
2026-10-06 10:33:40,2026-10-06 11:09:50,2026-10-06 11:10:49,36.17,34
2026-10-06 10:33:53,2026-10-06 11:10:49,2026-10-06 11:11:31,36.94,35
2026-10-06 10:34:12,2026-10-06 11:11:31,2026-10-06 11:13:25,37.32,36
2026-10-06 10:34:28,2026-10-06 11:13:25,2026-10-06 11:16:13,38.96,37
2026-10-06 10:34:54,2026-10-06 11:15:02,2026-10-06 11:16:56,40.13,36
2026-10-06 10:35:30,2026-10-06 11:16:13,2026-10-06 11:20:27,40.72,37
2026-10-06 10:35:43,2026-10-06 11:16:56,2026-10-06 11:22:18,41.21,37
2026-10-06 10:36:08,2026-10-06 11:20:18,2026-10-06 11:21:19,44.16,38
2026-10-06 10:36:34,2026-10-06 11:20:27,2026-10-06 11:25:27,43.88,38
2026-10-06 10:37:39,2026-10-06 11:21:19,2026-10-06 11:28:37,43.67,38
2026-10-06 10:37:53,2026-10-06 11:22:18,2026-10-06 11:25:04,44.42,39
2026-10-06 10:38:09,2026-10-06 11:25:04,2026-10-06 11:32:03,46.91,40
2026-10-06 10:38:44,2026-10-06 11:25:27,2026-10-06 11:26:53,46.72,40
2026-10-06 10:39:51,2026-10-06 11:26:53,2026-10-06 11:27:20,47.04,39
2026-10-06 10:40:38,2026-10-06 11:27:20,2026-10-06 11:33:27,46.7,39
2026-10-06 10:40:49,2026-10-06 11:28:37,2026-10-06 11:30:12,47.8,40
2026-10-06 10:41:11,2026-10-06 11:30:12,2026-10-06 11:33:54,49.02,41
2026-10-06 10:41:11,2026-10-06 11:32:03,2026-10-06 11:36:52,50.87,42
2026-10-06 10:41:33,2026-10-06 11:33:27,2026-10-06 11:46:04,51.9,43
2026-10-06 10:42:01,2026-10-06 11:33:54,2026-10-06 11:41:06,51.88,44
2026-10-06 10:43:35,2026-10-06 11:36:52,2026-10-06 11:38:55,53.29,44
2026-10-06 10:43:56,2026-10-06 11:38:55,2026-10-06 11:40:29,54.98,45
2026-10-06 10:44:45,2026-10-06 11:40:29,2026-10-06 11:47:28,55.74,45
2026-10-06 10:45:07,2026-10-06 11:41:06,2026-10-06 11:46:25,55.98,46
2026-10-06 10:45:35,2026-10-06 11:46:04,2026-10-06 11:52:24,60.47,46
2026-10-06 10:45:47,2026-10-06 11:46:25,2026-10-06 11:47:49,60.64,47
2026-10-06 10:46:38,2026-10-06 11:47:28,2026-10-06 11:48:02,60.84,48
2026-10-06 10:47:32,2026-10-06 11:47:49,2026-10-06 11:49:49,60.29,49
2026-10-06 10:47:59,2026-10-06 11:48:02,2026-10-06 11:48:21,60.05,49
2026-10-06 10:48:09,2026-10-06 11:48:21,2026-10-06 11:48:25,60.2,50
2026-10-06 10:48:46,2026-10-06 11:48:25,2026-10-06 11:48:43,59.66,49
2026-10-06 10:49:20,2026-10-06 11:48:43,2026-10-06 11:50:47,59.38,49
2026-10-06 10:49:28,2026-10-06 11:49:49,2026-10-06 11:51:17,60.35,50
2026-10-06 10:51:25,2026-10-06 11:50:47,2026-10-06 11:59:18,59.38,51
2026-10-06 10:52:01,2026-10-06 11:51:17,2026-10-06 11:52:03,59.26,52
2026-10-06 10:52:02,2026-10-06 11:52:03,2026-10-06 11:52:42,60.01,53
2026-10-06 10:52:44,2026-10-06 11:52:24,2026-10-06 11:55:10,59.67,54
2026-10-06 10:53:29,2026-10-06 11:52:42,2026-10-06 11:53:00,59.22,54
2026-10-06 10:53:47,2026-10-06 11:53:00,2026-10-06 11:53:49,59.22,55
2026-10-06 10:54:18,2026-10-06 11:53:49,2026-10-06 11:54:41,59.51,56
2026-10-06 10:55:21,2026-10-06 11:54:41,2026-10-06 11:58:18,59.35,55
2026-10-06 10:56:48,2026-10-06 11:55:10,2026-10-06 11:56:51,58.37,54
2026-10-06 10:57:39,2026-10-06 11:56:51,2026-10-06 12:00:22,59.2,55
2026-10-06 10:58:44,2026-10-06 11:58:18,2026-10-06 12:01:27,59.57,55
2026-10-06 10:59:01,2026-10-06 11:59:18,2026-10-06 12:00:39,60.28,56
2026-10-06 10:59:27,2026-10-06 12:00:22,2026-10-06 12:05:10,60.93,57
2026-10-06 11:01:39,2026-10-06 12:00:39,2026-10-06 12:02:46,58.99,57
2026-10-06 11:01:55,2026-10-06 12:01:27,2026-10-06 12:02:18,59.53,58
2026-10-06 11:02:14,2026-10-06 12:02:18,2026-10-06 12:03:54,60.06,59
2026-10-06 11:02:16,2026-10-06 12:02:46,2026-10-06 12:04:37,60.5,60
2026-10-06 11:02:32,2026-10-06 12:03:54,2026-10-06 12:09:42,61.37,61
2026-10-06 11:03:02,2026-10-06 12:04:37,2026-10-06 12:05:49,61.58,61
2026-10-06 11:03:14,2026-10-06 12:05:10,2026-10-06 12:06:55,61.93,62
2026-10-06 11:03:56,2026-10-06 12:05:49,2026-10-06 12:06:02,61.89,63
2026-10-06 11:03:56,2026-10-06 12:06:02,2026-10-06 12:07:02,62.1,64
2026-10-06 11:04:14,2026-10-06 12:06:55,2026-10-06 12:07:51,62.67,65
2026-10-06 11:04:17,2026-10-06 12:07:02,2026-10-06 12:09:21,62.76,66
2026-10-06 11:04:17,2026-10-06 12:07:51,2026-10-06 12:10:51,63.55,67
2026-10-06 11:04:41,2026-10-06 12:09:21,2026-10-06 12:12:36,64.66,68
2026-10-06 11:05:00,2026-10-06 12:09:42,2026-10-06 12:15:35,64.69,69
2026-10-06 11:05:13,2026-10-06 12:10:51,2026-10-06 12:13:37,65.64,70
2026-10-06 11:06:23,2026-10-06 12:12:36,2026-10-06 12:13:03,66.22,68
2026-10-06 11:06:27,2026-10-06 12:13:03,2026-10-06 12:31:13,66.6,69
2026-10-06 11:06:44,2026-10-06 12:13:37,2026-10-06 12:14:13,66.88,69
2026-10-06 11:07:01,2026-10-06 12:14:13,2026-10-06 12:14:47,67.2,69
2026-10-06 11:08:05,2026-10-06 12:14:47,2026-10-06 12:18:58,66.69,69
2026-10-06 11:08:08,2026-10-06 12:15:35,2026-10-06 12:16:08,67.46,70
2026-10-06 11:08:51,2026-10-06 12:16:08,2026-10-06 12:23:25,67.29,69
2026-10-06 11:13:02,2026-10-06 12:18:58,2026-10-06 12:19:16,65.94,65
2026-10-06 11:13:47,2026-10-06 12:19:16,2026-10-06 12:19:19,65.49,65
2026-10-06 11:14:11,2026-10-06 12:19:19,2026-10-06 12:23:01,65.14,66
2026-10-06 11:15:25,2026-10-06 12:23:01,2026-10-06 12:25:31,67.59,66
2026-10-06 11:15:32,2026-10-06 12:23:25,2026-10-06 12:25:35,67.89,67
2026-10-06 11:16:23,2026-10-06 12:25:31,2026-10-06 12:29:37,69.14,67
2026-10-06 11:17:22,2026-10-06 12:25:35,2026-10-06 12:33:13,68.22,67
2026-10-06 11:17:53,2026-10-06 12:29:37,2026-10-06 12:34:09,71.73,68
2026-10-06 11:18:38,2026-10-06 12:31:13,2026-10-06 12:37:44,72.59,69
2026-10-06 11:18:50,2026-10-06 12:33:13,2026-10-06 12:34:50,74.39,70
2026-10-06 11:19:13,2026-10-06 12:34:09,2026-10-06 12:34:42,74.94,71
2026-10-06 11:20:10,2026-10-06 12:34:42,2026-10-06 12:35:39,74.54,72
2026-10-06 11:21:12,2026-10-06 12:34:50,2026-10-06 12:35:18,73.63,71
2026-10-06 11:21:24,2026-10-06 12:35:18,2026-10-06 12:36:11,73.9,71
2026-10-06 11:26:04,2026-10-06 12:35:39,2026-10-06 12:36:48,69.59,69
2026-10-06 11:26:36,2026-10-06 12:36:11,2026-10-06 12:44:47,69.58,70
2026-10-06 11:27:50,2026-10-06 12:36:48,2026-10-06 12:41:41,68.97,69
2026-10-06 11:28:31,2026-10-06 12:37:44,2026-10-06 12:37:57,69.22,70
2026-10-06 11:29:11,2026-10-06 12:37:57,2026-10-06 12:41:42,68.77,70
2026-10-06 11:30:51,2026-10-06 12:41:41,2026-10-06 12:42:40,70.84,70
2026-10-06 11:31:41,2026-10-06 12:41:42,2026-10-06 12:45:10,70.03,71
2026-10-06 11:31:51,2026-10-06 12:42:40,2026-10-06 12:43:36,70.82,72
2026-10-06 11:32:35,2026-10-06 12:43:36,2026-10-06 12:45:11,71.0,72
2026-10-06 11:33:16,2026-10-06 12:44:47,2026-10-06 12:45:34,71.51,73
2026-10-06 11:33:16,2026-10-06 12:45:10,2026-10-06 12:48:24,71.89,74
2026-10-06 11:33:39,2026-10-06 12:45:11,2026-10-06 12:47:15,71.54,74
2026-10-06 11:33:45,2026-10-06 12:45:34,2026-10-06 12:49:05,71.83,75
2026-10-06 11:34:08,2026-10-06 12:47:15,2026-10-06 12:49:23,73.12,75
2026-10-06 11:35:59,2026-10-06 12:48:24,2026-10-06 12:48:55,72.41,76
2026-10-06 11:37:02,2026-10-06 12:48:55,2026-10-06 12:49:23,71.87,76
2026-10-06 11:41:07,2026-10-06 12:49:05,2026-10-06 12:53:45,67.96,74
2026-10-06 11:42:55,2026-10-06 12:49:23,2026-10-06 12:50:08,66.46,75
2026-10-06 11:43:14,2026-10-06 12:49:23,2026-10-06 12:50:02,66.16,76
2026-10-06 11:43:52,2026-10-06 12:50:02,2026-10-06 13:00:00,66.17,77
2026-10-06 11:44:03,2026-10-06 12:50:08,2026-10-06 12:54:13,66.08,78
2026-10-06 11:45:28,2026-10-06 12:53:45,2026-10-06 12:53:51,68.28,79
2026-10-06 11:45:31,2026-10-06 12:53:51,2026-10-06 12:55:43,68.34,80
2026-10-06 11:45:55,2026-10-06 12:54:13,2026-10-06 12:57:01,68.3,81
2026-10-06 11:46:47,2026-10-06 12:55:43,2026-10-06 12:56:32,68.93,80
2026-10-06 11:47:07,2026-10-06 12:56:32,2026-10-06 12:59:13,69.4,81
2026-10-06 11:48:05,2026-10-06 12:57:01,2026-10-06 13:01:51,68.95,79
2026-10-06 11:48:30,2026-10-06 12:59:13,2026-10-06 13:01:51,70.7,78
2026-10-06 11:49:07,2026-10-06 13:00:00,2026-10-06 13:00:15,70.89,78
2026-10-06 11:49:36,2026-10-06 13:00:15,2026-10-06 13:04:42,70.66,79
2026-10-06 11:51:39,2026-10-06 13:01:51,2026-10-06 13:10:10,70.2,77
2026-10-06 11:51:43,2026-10-06 13:01:51,2026-10-06 13:07:30,70.14,78
2026-10-06 11:51:44,2026-10-06 13:04:42,2026-10-06 13:09:53,72.96,79
2026-10-06 11:52:10,2026-10-06 13:07:30,2026-10-06 13:14:56,75.33,79
2026-10-06 11:53:58,2026-10-06 13:09:53,2026-10-06 13:14:05,75.91,76
2026-10-06 11:54:16,2026-10-06 13:10:10,2026-10-06 13:10:43,75.9,77
2026-10-06 11:54:44,2026-10-06 13:10:43,2026-10-06 13:10:50,75.97,77
2026-10-06 11:55:24,2026-10-06 13:10:50,2026-10-06 13:11:06,75.43,77
2026-10-06 11:55:33,2026-10-06 13:11:06,2026-10-06 13:11:21,75.55,78
2026-10-06 11:56:40,2026-10-06 13:11:21,2026-10-06 13:24:06,74.67,79
2026-10-06 11:57:54,2026-10-06 13:14:05,2026-10-06 13:15:15,76.18,79
2026-10-06 12:00:21,2026-10-06 13:14:56,2026-10-06 13:15:25,74.58,78
2026-10-06 12:00:23,2026-10-06 13:15:15,2026-10-06 13:15:20,74.86,78
2026-10-06 12:00:40,2026-10-06 13:15:20,2026-10-06 13:16:04,74.67,78
2026-10-06 12:01:45,2026-10-06 13:15:25,2026-10-06 13:19:28,73.66,78
2026-10-06 12:02:21,2026-10-06 13:16:04,2026-10-06 13:16:55,73.71,78
2026-10-06 12:03:01,2026-10-06 13:16:55,2026-10-06 13:19:37,73.89,78
2026-10-06 12:03:06,2026-10-06 13:19:28,2026-10-06 13:21:16,76.38,79
2026-10-06 12:03:28,2026-10-06 13:19:37,2026-10-06 13:22:13,76.14,80
2026-10-06 12:04:30,2026-10-06 13:21:16,2026-10-06 13:21:43,76.75,80
2026-10-06 12:05:24,2026-10-06 13:21:43,2026-10-06 13:23:55,76.32,79
2026-10-06 12:07:30,2026-10-06 13:22:13,2026-10-06 13:26:39,74.71,76
2026-10-06 12:09:50,2026-10-06 13:23:55,2026-10-06 13:25:42,74.08,74
2026-10-06 12:10:04,2026-10-06 13:24:06,2026-10-06 13:25:23,74.04,75
2026-10-06 12:10:27,2026-10-06 13:25:23,2026-10-06 13:26:16,74.94,76
2026-10-06 12:10:36,2026-10-06 13:25:42,2026-10-06 13:27:22,75.1,77
2026-10-06 12:11:32,2026-10-06 13:26:16,2026-10-06 13:27:59,74.74,77
2026-10-06 12:11:52,2026-10-06 13:26:39,2026-10-06 13:27:57,74.78,78
2026-10-06 12:12:14,2026-10-06 13:27:22,2026-10-06 13:27:55,75.14,79
2026-10-06 12:12:19,2026-10-06 13:27:55,2026-10-06 13:35:16,75.6,80
2026-10-06 12:13:15,2026-10-06 13:27:57,2026-10-06 13:30:46,74.69,79
2026-10-06 12:14:25,2026-10-06 13:27:59,2026-10-06 13:29:27,73.56,78
2026-10-06 12:14:30,2026-10-06 13:29:27,2026-10-06 13:31:29,74.96,79
2026-10-06 12:14:33,2026-10-06 13:30:46,2026-10-06 13:31:39,76.22,80
2026-10-06 12:15:42,2026-10-06 13:31:29,2026-10-06 13:33:17,75.78,79
2026-10-06 12:15:46,2026-10-06 13:31:39,2026-10-06 13:34:01,75.88,80
2026-10-06 12:16:16,2026-10-06 13:33:17,2026-10-06 13:37:47,77.02,80
2026-10-06 12:16:28,2026-10-06 13:34:01,2026-10-06 13:38:09,77.54,81
2026-10-06 12:18:18,2026-10-06 13:35:16,2026-10-06 13:39:46,76.97,82
2026-10-06 12:18:54,2026-10-06 13:37:47,2026-10-06 13:39:36,78.89,83
2026-10-06 12:21:33,2026-10-06 13:38:09,2026-10-06 13:41:00,76.6,81
2026-10-06 12:21:39,2026-10-06 13:39:36,2026-10-06 13:40:42,77.95,82
2026-10-06 12:22:17,2026-10-06 13:39:46,2026-10-06 13:40:04,77.49,83
2026-10-06 12:22:58,2026-10-06 13:40:04,2026-10-06 13:40:07,77.11,84
2026-10-06 12:23:31,2026-10-06 13:40:07,2026-10-06 13:41:30,76.6,83
2026-10-06 12:23:37,2026-10-06 13:40:42,2026-10-06 13:44:57,77.08,84
2026-10-06 12:24:47,2026-10-06 13:41:00,2026-10-06 13:41:11,76.22,85
2026-10-06 12:25:31,2026-10-06 13:41:11,2026-10-06 13:43:58,75.68,86
2026-10-06 12:25:56,2026-10-06 13:41:30,2026-10-06 13:43:12,75.56,85
2026-10-06 12:26:37,2026-10-06 13:43:12,2026-10-06 13:54:51,76.59,86
2026-10-06 12:29:48,2026-10-06 13:43:58,2026-10-06 13:44:33,74.17,86
2026-10-06 12:30:59,2026-10-06 13:44:33,2026-10-06 13:47:55,73.57,87
2026-10-06 12:31:29,2026-10-06 13:44:57,2026-10-06 13:45:28,73.46,87
2026-10-06 12:32:26,2026-10-06 13:45:28,2026-10-06 13:46:46,73.03,88
2026-10-06 12:32:36,2026-10-06 13:46:46,2026-10-06 13:47:35,74.16,89
2026-10-06 12:32:53,2026-10-06 13:47:35,2026-10-06 13:48:53,74.7,90
2026-10-06 12:33:48,2026-10-06 13:47:55,2026-10-06 13:49:09,74.11,90
2026-10-06 12:33:52,2026-10-06 13:48:53,2026-10-06 13:51:18,75.01,91
2026-10-06 12:34:05,2026-10-06 13:49:09,2026-10-06 13:49:55,75.06,92
2026-10-06 12:34:52,2026-10-06 13:49:55,2026-10-06 13:52:53,75.06,90
2026-10-06 12:35:19,2026-10-06 13:51:18,2026-10-06 13:56:18,75.98,90
2026-10-06 12:36:28,2026-10-06 13:52:53,2026-10-06 13:56:12,76.43,89
2026-10-06 12:36:36,2026-10-06 13:54:51,2026-10-06 14:02:39,78.26,90
2026-10-06 12:37:28,2026-10-06 13:56:12,2026-10-06 13:58:41,78.72,90
2026-10-06 12:38:28,2026-10-06 13:56:18,2026-10-06 13:59:42,77.84,89
2026-10-06 12:39:34,2026-10-06 13:58:41,2026-10-06 13:59:08,79.11,90
2026-10-06 12:39:35,2026-10-06 13:59:08,2026-10-06 14:01:51,79.54,91
2026-10-06 12:39:45,2026-10-06 13:59:42,2026-10-06 14:05:57,79.95,92
2026-10-06 12:39:47,2026-10-06 14:01:51,2026-10-06 14:02:57,82.07,93
2026-10-06 12:40:22,2026-10-06 14:02:39,2026-10-06 14:03:50,82.28,94
2026-10-06 12:42:40,2026-10-06 14:02:57,2026-10-06 14:05:31,80.27,92
2026-10-06 12:42:47,2026-10-06 14:03:50,2026-10-06 14:04:07,81.05,93
2026-10-06 12:42:57,2026-10-06 14:04:07,2026-10-06 14:05:39,81.15,94
2026-10-06 12:43:01,2026-10-06 14:05:31,2026-10-06 14:08:02,82.51,95
2026-10-06 12:43:48,2026-10-06 14:05:39,2026-10-06 14:07:02,81.85,95
2026-10-06 12:43:50,2026-10-06 14:05:57,2026-10-06 14:06:39,82.12,96
2026-10-06 12:43:56,2026-10-06 14:06:39,2026-10-06 14:15:16,82.71,97
2026-10-06 12:44:24,2026-10-06 14:07:02,2026-10-06 14:09:07,82.63,98
2026-10-06 12:46:15,2026-10-06 14:08:02,2026-10-06 14:10:41,81.78,95
2026-10-06 12:46:32,2026-10-06 14:09:07,2026-10-06 14:13:17,82.57,96
2026-10-06 12:46:48,2026-10-06 14:10:41,2026-10-06 14:11:11,83.89,97
2026-10-06 12:46:49,2026-10-06 14:11:11,2026-10-06 14:22:02,84.37,98
2026-10-06 12:48:27,2026-10-06 14:13:17,2026-10-06 14:15:44,84.82,97
2026-10-06 12:49:27,2026-10-06 14:15:16,2026-10-06 14:17:02,85.81,94
2026-10-06 12:50:56,2026-10-06 14:15:44,2026-10-06 14:16:24,84.79,93
2026-10-06 12:51:22,2026-10-06 14:16:24,2026-10-06 14:19:07,85.04,94
2026-10-06 12:51:31,2026-10-06 14:17:02,2026-10-06 14:19:28,85.51,95
2026-10-06 12:51:36,2026-10-06 14:19:07,2026-10-06 14:20:26,87.53,96
2026-10-06 12:54:55,2026-10-06 14:19:28,2026-10-06 14:21:54,84.53,94
2026-10-06 12:55:19,2026-10-06 14:20:26,2026-10-06 14:23:17,85.12,95
2026-10-06 12:55:45,2026-10-06 14:21:54,2026-10-06 14:24:16,86.16,95
2026-10-06 12:55:46,2026-10-06 14:22:02,2026-10-06 14:23:00,86.26,96
2026-10-06 12:57:04,2026-10-06 14:23:00,2026-10-06 14:23:43,85.94,95
2026-10-06 12:57:16,2026-10-06 14:23:17,2026-10-06 14:23:36,86.02,96
2026-10-06 12:57:16,2026-10-06 14:23:36,2026-10-06 14:26:23,86.33,97
2026-10-06 12:57:26,2026-10-06 14:23:43,2026-10-06 14:26:30,86.28,98
2026-10-06 12:58:24,2026-10-06 14:24:16,2026-10-06 14:27:53,85.86,99
2026-10-06 12:58:29,2026-10-06 14:26:23,2026-10-06 14:29:42,87.9,100
2026-10-06 13:00:03,2026-10-06 14:26:30,2026-10-06 14:28:01,86.45,99
2026-10-06 13:00:21,2026-10-06 14:27:53,2026-10-06 14:30:20,87.54,99
2026-10-06 13:00:31,2026-10-06 14:28:01,2026-10-06 14:31:14,87.51,100
2026-10-06 13:00:38,2026-10-06 14:29:42,2026-10-06 14:30:38,89.07,101
2026-10-06 13:00:58,2026-10-06 14:30:20,2026-10-06 14:32:30,89.36,102
2026-10-06 13:02:02,2026-10-06 14:30:38,2026-10-06 14:35:19,88.6,101
2026-10-06 13:02:45,2026-10-06 14:31:14,2026-10-06 14:31:57,88.48,102
2026-10-06 13:03:53,2026-10-06 14:31:57,2026-10-06 14:32:59,88.08,103
2026-10-06 13:04:26,2026-10-06 14:32:30,2026-10-06 14:47:19,88.07,104
2026-10-06 13:04:41,2026-10-06 14:32:59,2026-10-06 14:38:59,88.3,105
2026-10-06 13:04:49,2026-10-06 14:35:19,2026-10-06 14:36:15,90.49,105
2026-10-06 13:05:57,2026-10-06 14:36:15,2026-10-06 14:47:27,90.31,106
2026-10-06 13:06:07,2026-10-06 14:38:59,2026-10-06 14:42:00,92.87,107
2026-10-06 13:06:44,2026-10-06 14:42:00,2026-10-06 14:42:49,95.28,108
2026-10-06 13:06:44,2026-10-06 14:42:49,2026-10-06 14:49:29,96.09,109
2026-10-06 13:07:15,2026-10-06 14:47:19,2026-10-06 14:48:04,100.07,110
2026-10-06 13:08:04,2026-10-06 14:47:27,2026-10-06 14:56:15,99.39,110
2026-10-06 13:09:20,2026-10-06 14:48:04,2026-10-06 15:00:58,98.74,111
2026-10-06 13:09:37,2026-10-06 14:49:29,2026-10-06 14:49:29,99.86,112
2026-10-06 13:10:23,2026-10-06 14:49:29,2026-10-06 14:54:58,99.11,111
2026-10-06 13:10:41,2026-10-06 14:54:58,2026-10-06 14:59:43,104.29,112
2026-10-06 13:10:57,2026-10-06 14:56:15,2026-10-06 15:01:46,105.3,111
2026-10-06 13:11:39,2026-10-06 14:59:43,2026-10-06 15:09:52,108.06,110
2026-10-06 13:11:45,2026-10-06 15:00:58,2026-10-06 15:03:03,109.22,111
2026-10-06 13:14:26,2026-10-06 15:01:46,2026-10-06 15:01:53,107.34,111
2026-10-06 13:15:46,2026-10-06 15:01:53,2026-10-06 15:06:31,106.11,108
2026-10-06 13:16:02,2026-10-06 15:03:03,2026-10-06 15:04:45,107.03,109
2026-10-06 13:16:33,2026-10-06 15:04:45,2026-10-06 15:09:02,108.19,109
2026-10-06 13:16:33,2026-10-06 15:06:31,2026-10-06 15:13:52,109.96,110
2026-10-06 13:17:03,2026-10-06 15:09:02,2026-10-06 15:15:54,111.99,110
2026-10-06 13:20:00,2026-10-06 15:09:52,2026-10-06 15:10:42,109.87,109
2026-10-06 13:21:29,2026-10-06 15:10:42,2026-10-06 15:12:23,109.22,109
2026-10-06 13:23:08,2026-10-06 15:12:23,2026-10-06 15:13:29,109.24,108
2026-10-06 13:25:36,2026-10-06 15:13:29,2026-10-06 15:17:04,107.88,106
2026-10-06 13:26:16,2026-10-06 15:13:52,2026-10-06 15:15:42,107.6,105
2026-10-06 13:26:56,2026-10-06 15:15:42,2026-10-06 15:19:20,108.78,105
2026-10-06 13:26:57,2026-10-06 15:15:54,2026-10-06 15:17:05,108.96,106
2026-10-06 13:29:21,2026-10-06 15:17:04,2026-10-06 15:22:58,107.71,103
2026-10-06 13:31:21,2026-10-06 15:17:05,2026-10-06 15:19:40,105.75,102
2026-10-06 13:32:16,2026-10-06 15:19:20,2026-10-06 15:19:26,107.07,101
2026-10-06 13:32:25,2026-10-06 15:19:26,2026-10-06 15:22:10,107.03,102
2026-10-06 13:34:51,2026-10-06 15:19:40,2026-10-06 15:21:38,104.82,101
2026-10-06 13:37:08,2026-10-06 15:21:38,2026-10-06 15:22:17,104.51,101
2026-10-06 13:37:44,2026-10-06 15:22:10,2026-10-06 15:23:09,104.43,102
2026-10-06 13:38:06,2026-10-06 15:22:17,2026-10-06 15:23:41,104.19,102
2026-10-06 13:38:25,2026-10-06 15:22:58,2026-10-06 15:24:46,104.55,102
2026-10-06 13:38:29,2026-10-06 15:23:09,2026-10-06 15:28:10,104.66,103
2026-10-06 13:39:14,2026-10-06 15:23:41,2026-10-06 15:24:35,104.45,104
2026-10-06 13:39:56,2026-10-06 15:24:35,2026-10-06 15:29:11,104.64,103
2026-10-06 13:40:13,2026-10-06 15:24:46,2026-10-06 15:27:53,104.55,102
2026-10-06 13:41:48,2026-10-06 15:27:53,2026-10-06 15:29:27,106.1,99
2026-10-06 13:42:14,2026-10-06 15:28:10,2026-10-06 15:28:42,105.93,100
2026-10-06 13:42:24,2026-10-06 15:28:42,2026-10-06 15:34:20,106.3,101
2026-10-06 13:42:30,2026-10-06 15:29:11,2026-10-06 15:30:19,106.69,102
2026-10-06 13:43:10,2026-10-06 15:29:27,2026-10-06 15:29:44,106.28,103
2026-10-06 13:44:40,2026-10-06 15:29:44,2026-10-06 15:31:58,105.07,101
2026-10-06 13:44:41,2026-10-06 15:30:19,2026-10-06 15:30:54,105.63,102
2026-10-06 13:44:44,2026-10-06 15:30:54,2026-10-06 15:34:21,106.17,103
2026-10-06 13:45:28,2026-10-06 15:31:58,2026-10-06 15:33:53,106.5,103
2026-10-06 13:45:43,2026-10-06 15:33:53,2026-10-06 15:35:37,108.18,103
2026-10-06 13:46:07,2026-10-06 15:34:20,2026-10-06 15:37:52,108.23,104
2026-10-06 13:46:11,2026-10-06 15:34:21,2026-10-06 15:37:16,108.17,105
2026-10-06 13:46:37,2026-10-06 15:35:37,2026-10-06 15:41:07,109.0,106
2026-10-06 13:48:00,2026-10-06 15:37:16,2026-10-06 15:37:45,109.26,104
2026-10-06 13:48:08,2026-10-06 15:37:45,2026-10-06 15:39:34,109.62,105
2026-10-06 13:48:23,2026-10-06 15:37:52,2026-10-06 15:37:55,109.48,106
2026-10-06 13:49:16,2026-10-06 15:37:55,2026-10-06 15:43:16,108.65,105
2026-10-06 13:49:17,2026-10-06 15:39:34,2026-10-06 15:41:44,110.29,106
2026-10-06 13:49:54,2026-10-06 15:41:07,2026-10-06 15:41:44,111.22,107
2026-10-06 13:50:40,2026-10-06 15:41:44,2026-10-06 15:43:18,111.06,107
2026-10-06 13:51:24,2026-10-06 15:41:44,2026-10-06 15:42:52,110.33,107
2026-10-06 13:51:32,2026-10-06 15:42:52,2026-10-06 15:59:15,111.33,108
2026-10-06 13:51:39,2026-10-06 15:43:16,2026-10-06 15:50:31,111.62,109
2026-10-06 13:53:28,2026-10-06 15:43:18,2026-10-06 15:44:56,109.84,109
2026-10-06 13:53:40,2026-10-06 15:44:56,2026-10-06 15:47:35,111.27,110
2026-10-06 13:53:50,2026-10-06 15:47:35,2026-10-06 15:48:31,113.76,111
2026-10-06 13:54:54,2026-10-06 15:48:31,2026-10-06 15:52:33,113.62,111
2026-10-06 13:55:18,2026-10-06 15:50:31,2026-10-06 15:51:40,115.23,112
2026-10-06 13:56:15,2026-10-06 15:51:40,2026-10-06 15:54:26,115.41,112
2026-10-06 13:58:58,2026-10-06 15:52:33,2026-10-06 15:53:18,113.58,111
2026-10-06 13:58:59,2026-10-06 15:53:18,2026-10-06 15:53:48,114.31,112
2026-10-06 14:00:03,2026-10-06 15:53:48,2026-10-06 15:57:57,113.75,111
2026-10-06 14:00:22,2026-10-06 15:54:26,2026-10-06 15:59:47,114.07,112
2026-10-06 14:00:55,2026-10-06 15:57:57,2026-10-06 16:03:06,117.03,113
2026-10-06 14:01:00,2026-10-06 15:59:15,2026-10-06 15:59:52,118.25,114
2026-10-06 14:01:08,2026-10-06 15:59:47,2026-10-06 16:05:41,118.64,115
2026-10-06 14:01:17,2026-10-06 15:59:52,2026-10-06 16:00:05,118.59,116
2026-10-06 14:02:15,2026-10-06 16:00:05,2026-10-06 16:10:27,117.83,116
2026-10-06 14:02:27,2026-10-06 16:03:06,2026-10-06 16:03:20,120.65,117
2026-10-06 14:03:16,2026-10-06 16:03:20,2026-10-06 16:03:35,120.06,116
2026-10-06 14:04:13,2026-10-06 16:03:35,2026-10-06 16:05:17,119.37,115
2026-10-06 14:04:22,2026-10-06 16:05:17,2026-10-06 16:05:43,120.92,116
2026-10-06 14:04:24,2026-10-06 16:05:41,2026-10-06 16:06:08,121.28,117
2026-10-06 14:04:41,2026-10-06 16:05:43,2026-10-06 16:10:14,121.04,118
2026-10-06 14:05:46,2026-10-06 16:06:08,2026-10-06 16:06:54,120.38,117
2026-10-06 14:05:49,2026-10-06 16:06:54,2026-10-06 16:08:14,121.09,118
2026-10-06 14:06:32,2026-10-06 16:08:14,2026-10-06 16:12:51,121.7,118
2026-10-06 14:08:03,2026-10-06 16:10:14,2026-10-06 16:12:12,122.18,116
2026-10-06 14:08:13,2026-10-06 16:10:27,2026-10-06 16:13:57,122.23,117
2026-10-06 14:09:39,2026-10-06 16:12:12,2026-10-06 16:12:34,122.55,117
2026-10-06 14:10:42,2026-10-06 16:12:34,2026-10-06 16:15:42,121.86,117
2026-10-06 14:11:47,2026-10-06 16:12:51,2026-10-06 16:15:06,121.08,117
2026-10-06 14:12:21,2026-10-06 16:13:57,2026-10-06 16:19:33,121.61,118
2026-10-06 14:12:26,2026-10-06 16:15:06,2026-10-06 16:16:36,122.66,119
2026-10-06 14:12:39,2026-10-06 16:15:42,2026-10-06 16:16:46,123.04,120
2026-10-06 14:12:48,2026-10-06 16:16:36,2026-10-06 16:18:14,123.8,121
2026-10-06 14:12:53,2026-10-06 16:16:46,2026-10-06 16:24:35,123.88,122
2026-10-06 14:12:57,2026-10-06 16:18:14,2026-10-06 16:25:13,125.29,123
2026-10-06 14:13:05,2026-10-06 16:19:33,2026-10-06 16:24:39,126.45,124
2026-10-06 14:13:42,2026-10-06 16:24:35,2026-10-06 16:28:24,130.88,124
2026-10-06 14:15:36,2026-10-06 16:24:39,2026-10-06 16:25:19,129.04,124
2026-10-06 14:15:43,2026-10-06 16:25:13,2026-10-06 16:32:35,129.49,125
2026-10-06 14:16:05,2026-10-06 16:25:19,2026-10-06 16:27:14,129.23,125
2026-10-06 14:16:12,2026-10-06 16:27:14,2026-10-06 16:27:44,131.05,126
2026-10-06 14:16:57,2026-10-06 16:27:44,2026-10-06 16:38:37,130.79,126
2026-10-06 14:16:58,2026-10-06 16:28:24,2026-10-06 16:30:16,131.43,127
2026-10-06 14:17:28,2026-10-06 16:30:16,2026-10-06 16:30:47,132.8,127
2026-10-06 14:18:23,2026-10-06 16:30:47,2026-10-06 16:32:05,132.4,128
2026-10-06 14:18:40,2026-10-06 16:32:05,2026-10-06 16:38:23,133.41,129
2026-10-06 14:19:02,2026-10-06 16:32:35,2026-10-06 16:37:26,133.55,130
2026-10-06 14:19:42,2026-10-06 16:37:26,2026-10-06 16:41:21,137.73,129
2026-10-06 14:19:42,2026-10-06 16:38:23,2026-10-06 16:46:44,138.67,130
2026-10-06 14:19:47,2026-10-06 16:38:37,2026-10-06 16:38:49,138.84,131
2026-10-06 14:20:03,2026-10-06 16:38:49,2026-10-06 16:39:17,138.78,132
2026-10-06 14:20:13,2026-10-06 16:39:17,2026-10-06 16:40:27,139.06,133
2026-10-06 14:22:41,2026-10-06 16:40:27,2026-10-06 16:43:31,137.77,131
2026-10-06 14:23:34,2026-10-06 16:41:21,2026-10-06 16:45:00,137.8,130
2026-10-06 14:25:04,2026-10-06 16:43:31,2026-10-06 16:48:19,138.44,128
2026-10-06 14:25:23,2026-10-06 16:45:00,2026-10-06 16:45:53,139.61,129
2026-10-06 14:25:48,2026-10-06 16:45:53,2026-10-06 16:46:38,140.07,130
2026-10-06 14:26:38,2026-10-06 16:46:38,2026-10-06 16:49:45,140.0,129
2026-10-06 14:27:52,2026-10-06 16:46:44,2026-10-06 16:54:00,138.87,130
2026-10-06 14:28:00,2026-10-06 16:48:19,2026-10-06 16:48:52,140.32,130
2026-10-06 14:29:34,2026-10-06 16:48:52,2026-10-06 16:52:32,139.3,130
2026-10-06 14:29:34,2026-10-06 16:49:45,2026-10-06 16:50:57,140.18,131
2026-10-06 14:31:09,2026-10-06 16:50:57,2026-10-06 16:54:15,139.8,129
2026-10-06 14:31:43,2026-10-06 16:52:32,2026-10-06 16:57:37,140.83,129
2026-10-06 14:31:47,2026-10-06 16:54:00,2026-10-06 16:54:35,142.22,130
2026-10-06 14:33:38,2026-10-06 16:54:15,2026-10-06 17:00:17,140.61,128
2026-10-06 14:34:10,2026-10-06 16:54:35,2026-10-06 17:05:49,140.42,129
2026-10-06 14:34:32,2026-10-06 16:57:37,2026-10-06 17:00:25,143.09,130
2026-10-06 14:34:51,2026-10-06 17:00:17,2026-10-06 17:01:40,145.45,131
2026-10-06 14:35:24,2026-10-06 17:00:25,2026-10-06 17:01:15,145.02,131
2026-10-06 14:35:57,2026-10-06 17:01:15,2026-10-06 17:03:14,145.3,132
2026-10-06 14:36:12,2026-10-06 17:01:40,2026-10-06 17:04:56,145.48,133
2026-10-06 14:37:03,2026-10-06 17:03:14,2026-10-06 17:03:59,146.18,133
2026-10-06 14:37:09,2026-10-06 17:03:59,2026-10-06 17:12:09,146.83,134
2026-10-06 14:38:19,2026-10-06 17:04:56,2026-10-06 17:09:38,146.61,135
2026-10-06 14:38:51,2026-10-06 17:05:49,2026-10-06 17:08:36,146.97,136
2026-10-06 14:39:01,2026-10-06 17:08:36,2026-10-06 17:09:08,149.57,136
2026-10-06 14:39:14,2026-10-06 17:09:08,2026-10-06 17:11:28,149.9,137
2026-10-06 14:39:51,2026-10-06 17:09:38,2026-10-06 17:10:52,149.78,138
2026-10-06 14:40:55,2026-10-06 17:10:52,2026-10-06 17:12:52,149.94,139
2026-10-06 14:41:09,2026-10-06 17:11:28,2026-10-06 17:14:05,150.31,140
2026-10-06 14:42:32,2026-10-06 17:12:09,2026-10-06 17:15:15,149.62,140
2026-10-06 14:42:35,2026-10-06 17:12:52,2026-10-06 17:13:33,150.29,141
2026-10-06 14:42:44,2026-10-06 17:13:33,2026-10-06 17:14:37,150.82,142
2026-10-06 14:43:08,2026-10-06 17:14:05,2026-10-06 17:16:44,150.95,142
2026-10-06 14:43:10,2026-10-06 17:14:37,2026-10-06 17:20:14,151.46,143
2026-10-06 14:43:31,2026-10-06 17:15:15,2026-10-06 17:17:09,151.72,144
2026-10-06 14:44:41,2026-10-06 17:16:44,2026-10-06 17:17:27,152.06,145
2026-10-06 14:45:54,2026-10-06 17:17:09,2026-10-06 17:17:12,151.26,146
2026-10-06 14:46:58,2026-10-06 17:17:12,2026-10-06 17:18:00,150.22,147
2026-10-06 14:47:19,2026-10-06 17:17:27,2026-10-06 17:22:31,150.14,148
2026-10-06 14:47:29,2026-10-06 17:18:00,2026-10-06 17:23:20,150.51,147
2026-10-06 14:47:45,2026-10-06 17:20:14,2026-10-06 17:21:22,152.48,148
2026-10-06 14:48:53,2026-10-06 17:21:22,2026-10-06 17:24:02,152.48,148
2026-10-06 14:49:07,2026-10-06 17:22:31,2026-10-06 17:23:10,153.39,149
2026-10-06 14:49:17,2026-10-06 17:23:10,2026-10-06 17:24:13,153.89,150
2026-10-06 14:49:18,2026-10-06 17:23:20,2026-10-06 17:24:21,154.02,151
2026-10-06 14:49:41,2026-10-06 17:24:02,2026-10-06 17:30:16,154.34,150
2026-10-06 14:54:00,2026-10-06 17:24:13,2026-10-06 17:24:29,150.21,151
2026-10-06 14:54:00,2026-10-06 17:24:21,2026-10-06 17:25:13,150.35,152
2026-10-06 14:54:21,2026-10-06 17:24:29,2026-10-06 17:27:02,150.13,153
2026-10-06 14:54:49,2026-10-06 17:25:13,2026-10-06 17:26:00,150.39,154
2026-10-06 14:57:11,2026-10-06 17:26:00,2026-10-06 17:32:59,148.83,153
2026-10-06 14:57:15,2026-10-06 17:27:02,2026-10-06 17:28:55,149.78,154
2026-10-06 14:58:58,2026-10-06 17:28:55,2026-10-06 17:33:52,149.95,155
2026-10-06 14:59:10,2026-10-06 17:30:16,2026-10-06 17:40:03,151.09,156
2026-10-06 15:00:04,2026-10-06 17:32:59,2026-10-06 17:34:18,152.92,156
2026-10-06 15:00:53,2026-10-06 17:33:52,2026-10-06 17:37:42,152.98,157
2026-10-06 15:00:55,2026-10-06 17:34:18,2026-10-06 17:40:32,153.38,158
2026-10-06 15:01:10,2026-10-06 17:37:42,2026-10-06 17:37:54,156.53,158
2026-10-06 15:01:35,2026-10-06 17:37:54,2026-10-06 17:38:41,156.32,159
2026-10-06 15:02:09,2026-10-06 17:38:41,2026-10-06 17:40:31,156.52,158
2026-10-06 15:03:25,2026-10-06 17:40:03,2026-10-06 17:41:14,156.64,158
2026-10-06 15:03:25,2026-10-06 17:40:31,2026-10-06 17:42:54,157.11,159
2026-10-06 15:04:38,2026-10-06 17:40:32,2026-10-06 17:47:04,155.9,160
2026-10-06 15:05:00,2026-10-06 17:41:14,2026-10-06 17:43:25,156.24,160
2026-10-06 15:05:25,2026-10-06 17:42:54,2026-10-06 17:43:36,157.47,161
2026-10-06 15:07:50,2026-10-06 17:43:25,2026-10-06 17:44:23,155.59,161
2026-10-06 15:08:18,2026-10-06 17:43:36,2026-10-06 17:45:50,155.29,162
2026-10-06 15:09:00,2026-10-06 17:44:23,2026-10-06 17:53:49,155.39,163
2026-10-06 15:09:18,2026-10-06 17:45:50,2026-10-06 17:54:42,156.53,163
2026-10-06 15:09:25,2026-10-06 17:47:04,2026-10-06 17:50:03,157.65,164
2026-10-06 15:10:11,2026-10-06 17:50:03,2026-10-06 17:56:04,159.86,164
2026-10-06 15:11:31,2026-10-06 17:53:49,2026-10-06 17:54:12,162.3,164
2026-10-06 15:12:16,2026-10-06 17:54:12,2026-10-06 17:56:47,161.93,165
2026-10-06 15:13:00,2026-10-06 17:54:42,2026-10-06 17:55:32,161.7,165
2026-10-06 15:13:30,2026-10-06 17:55:32,2026-10-06 17:55:36,162.04,165
2026-10-06 15:13:33,2026-10-06 17:55:36,2026-10-06 17:56:23,162.04,166
2026-10-06 15:14:16,2026-10-06 17:56:04,2026-10-06 18:00:34,161.79,166
2026-10-06 15:15:41,2026-10-06 17:56:23,2026-10-06 17:58:41,160.71,167
2026-10-06 15:16:04,2026-10-06 17:56:47,2026-10-06 17:57:24,160.71,166
2026-10-06 15:16:12,2026-10-06 17:57:24,2026-10-06 18:03:42,161.19,167
2026-10-06 15:16:29,2026-10-06 17:58:41,2026-10-06 18:01:08,162.2,168
2026-10-06 15:16:52,2026-10-06 18:00:34,2026-10-06 18:00:35,163.7,169
2026-10-06 15:16:56,2026-10-06 18:00:35,2026-10-06 18:07:40,163.65,170
2026-10-06 15:17:26,2026-10-06 18:01:08,2026-10-06 18:03:14,163.7,169
2026-10-06 15:17:42,2026-10-06 18:03:14,2026-10-06 18:06:36,165.54,170
2026-10-06 15:17:47,2026-10-06 18:03:42,2026-10-06 18:04:19,165.92,171
2026-10-06 15:18:10,2026-10-06 18:04:19,2026-10-06 18:16:27,166.16,172
2026-10-06 15:18:34,2026-10-06 18:06:36,2026-10-06 18:07:37,168.04,173
2026-10-06 15:19:21,2026-10-06 18:07:37,2026-10-06 18:20:07,168.27,173
2026-10-06 15:20:08,2026-10-06 18:07:40,2026-10-06 18:09:08,167.54,172
2026-10-06 15:20:34,2026-10-06 18:09:08,2026-10-06 18:13:45,168.57,173
2026-10-06 15:20:45,2026-10-06 18:13:45,2026-10-06 18:14:35,173.0,174
2026-10-06 15:20:45,2026-10-06 18:14:35,2026-10-06 18:24:44,173.84,175
2026-10-06 15:21:00,2026-10-06 18:16:27,2026-10-06 18:19:31,175.44,176
2026-10-06 15:21:12,2026-10-06 18:19:31,2026-10-06 18:21:30,178.32,177
2026-10-06 15:21:15,2026-10-06 18:20:07,2026-10-06 18:23:18,178.86,178
2026-10-06 15:22:46,2026-10-06 18:21:30,2026-10-06 18:22:30,178.74,176
2026-10-06 15:22:53,2026-10-06 18:22:30,2026-10-06 18:24:33,179.62,177
2026-10-06 15:23:51,2026-10-06 18:23:18,2026-10-06 18:23:38,179.45,175
2026-10-06 15:24:14,2026-10-06 18:23:38,2026-10-06 18:25:24,179.4,176
2026-10-06 15:25:00,2026-10-06 18:24:33,2026-10-06 18:27:16,179.56,175
2026-10-06 15:25:03,2026-10-06 18:24:44,2026-10-06 18:25:13,179.68,176
2026-10-06 15:25:57,2026-10-06 18:25:13,2026-10-06 18:27:31,179.27,177
2026-10-06 15:26:05,2026-10-06 18:25:24,2026-10-06 18:27:36,179.3,178
2026-10-06 15:26:53,2026-10-06 18:27:16,2026-10-06 18:27:54,180.38,179
2026-10-06 15:27:50,2026-10-06 18:27:31,2026-10-06 18:33:46,179.67,180
2026-10-06 15:28:28,2026-10-06 18:27:36,2026-10-06 18:32:01,179.13,179
2026-10-06 15:28:40,2026-10-06 18:27:54,2026-10-06 18:31:08,179.24,180
2026-10-06 15:30:37,2026-10-06 18:31:08,2026-10-06 18:32:57,180.51,176
2026-10-06 15:30:52,2026-10-06 18:32:01,2026-10-06 18:35:08,181.16,177
2026-10-06 15:31:07,2026-10-06 18:32:57,2026-10-06 18:37:35,181.83,177
2026-10-06 15:31:32,2026-10-06 18:33:46,2026-10-06 18:34:13,182.23,178
2026-10-06 15:31:47,2026-10-06 18:34:13,2026-10-06 18:35:06,182.43,179
2026-10-06 15:32:22,2026-10-06 18:35:06,2026-10-06 18:50:50,182.73,179
2026-10-06 15:32:51,2026-10-06 18:35:08,2026-10-06 18:41:35,182.28,180
2026-10-06 15:32:59,2026-10-06 18:37:35,2026-10-06 18:44:19,184.6,181
2026-10-06 15:33:07,2026-10-06 18:41:35,2026-10-06 18:45:40,188.46,182
2026-10-06 15:34:04,2026-10-06 18:44:19,2026-10-06 18:45:07,190.25,182
2026-10-06 15:34:05,2026-10-06 18:45:07,2026-10-06 18:50:23,191.02,183
2026-10-06 15:34:24,2026-10-06 18:45:40,2026-10-06 18:49:32,191.25,182
2026-10-06 15:34:28,2026-10-06 18:49:32,2026-10-06 18:53:12,195.07,183
2026-10-06 15:35:11,2026-10-06 18:50:23,2026-10-06 18:50:35,195.2,184
2026-10-06 15:35:15,2026-10-06 18:50:35,2026-10-06 18:51:08,195.34,185
2026-10-06 15:37:11,2026-10-06 18:50:50,2026-10-06 18:57:49,193.66,185
2026-10-06 15:37:39,2026-10-06 18:51:08,2026-10-06 18:54:45,193.48,185
2026-10-06 15:38:13,2026-10-06 18:53:12,2026-10-06 18:53:52,194.98,183
2026-10-06 15:38:19,2026-10-06 18:53:52,2026-10-06 18:55:19,195.55,184
2026-10-06 15:39:01,2026-10-06 18:54:45,2026-10-06 19:05:19,195.74,185
2026-10-06 15:39:07,2026-10-06 18:55:19,2026-10-06 18:58:33,196.21,186
2026-10-06 15:39:32,2026-10-06 18:57:49,2026-10-06 18:58:32,198.29,187
2026-10-06 15:42:13,2026-10-06 18:58:32,2026-10-06 18:59:10,196.32,184
2026-10-06 15:42:14,2026-10-06 18:58:33,2026-10-06 19:00:25,196.31,185
2026-10-06 15:42:58,2026-10-06 18:59:10,2026-10-06 19:08:06,196.21,185
2026-10-06 15:43:09,2026-10-06 19:00:25,2026-10-06 19:08:21,197.27,186
2026-10-06 15:43:47,2026-10-06 19:05:19,2026-10-06 19:11:45,201.53,185
2026-10-06 15:44:04,2026-10-06 19:08:06,2026-10-06 19:10:20,204.03,186
2026-10-06 15:44:12,2026-10-06 19:08:21,2026-10-06 19:09:28,204.15,187
2026-10-06 15:44:27,2026-10-06 19:09:28,2026-10-06 19:10:26,205.01,188
2026-10-06 15:44:36,2026-10-06 19:10:20,2026-10-06 19:11:32,205.73,189
2026-10-06 15:44:37,2026-10-06 19:10:26,2026-10-06 19:17:20,205.81,190
2026-10-06 15:45:34,2026-10-06 19:11:32,2026-10-06 19:13:05,205.96,190
2026-10-06 15:47:19,2026-10-06 19:11:45,2026-10-06 19:12:38,204.43,191
2026-10-06 15:47:29,2026-10-06 19:12:38,2026-10-06 19:14:23,205.14,192
2026-10-06 15:47:42,2026-10-06 19:13:05,2026-10-06 19:17:54,205.39,192
2026-10-06 15:47:43,2026-10-06 19:14:23,2026-10-06 19:17:48,206.67,193
2026-10-06 15:48:08,2026-10-06 19:17:20,2026-10-06 19:23:34,209.19,194
2026-10-06 15:49:35,2026-10-06 19:17:48,2026-10-06 19:17:59,208.21,194
2026-10-06 15:50:10,2026-10-06 19:17:54,2026-10-06 19:19:13,207.74,195
2026-10-06 15:51:01,2026-10-06 19:17:59,2026-10-06 19:20:01,206.97,195
2026-10-06 15:51:33,2026-10-06 19:19:13,2026-10-06 19:20:07,207.68,196
2026-10-06 15:51:48,2026-10-06 19:20:01,2026-10-06 19:20:45,208.22,196
2026-10-06 15:51:58,2026-10-06 19:20:07,2026-10-06 19:26:55,208.14,197
2026-10-06 15:55:16,2026-10-06 19:20:45,2026-10-06 19:24:16,205.48,194
2026-10-06 15:55:18,2026-10-06 19:23:34,2026-10-06 19:27:39,208.27,195
2026-10-06 15:55:20,2026-10-06 19:24:16,2026-10-06 19:26:50,208.94,196
2026-10-06 15:55:29,2026-10-06 19:26:50,2026-10-06 19:30:22,211.36,197
2026-10-06 15:55:33,2026-10-06 19:26:55,2026-10-06 19:29:27,211.37,198
2026-10-06 15:55:45,2026-10-06 19:27:39,2026-10-06 19:30:11,211.91,199
2026-10-06 15:55:54,2026-10-06 19:29:27,2026-10-06 19:33:09,213.55,200
2026-10-06 15:56:02,2026-10-06 19:30:11,2026-10-06 19:31:54,214.16,201
2026-10-06 15:56:46,2026-10-06 19:30:22,2026-10-06 19:31:06,213.61,202
2026-10-06 15:57:20,2026-10-06 19:31:06,2026-10-06 19:34:39,213.77,203
2026-10-06 15:59:29,2026-10-06 19:31:54,2026-10-06 19:34:54,212.42,202
2026-10-06 16:00:00,2026-10-06 19:33:09,2026-10-06 19:40:52,213.14,201
2026-10-06 16:00:38,2026-10-06 19:34:39,2026-10-06 19:36:15,214.02,201
2026-10-06 16:00:52,2026-10-06 19:34:54,2026-10-06 19:35:32,214.03,202
2026-10-06 16:01:17,2026-10-06 19:35:32,2026-10-06 19:38:36,214.25,203
2026-10-06 16:03:24,2026-10-06 19:36:15,2026-10-06 19:41:24,212.86,202
2026-10-06 16:05:32,2026-10-06 19:38:36,2026-10-06 19:39:27,213.06,201
2026-10-06 16:05:36,2026-10-06 19:39:27,2026-10-06 19:40:54,213.85,202
2026-10-06 16:05:36,2026-10-06 19:40:52,2026-10-06 19:42:39,215.27,203
2026-10-06 16:06:20,2026-10-06 19:40:54,2026-10-06 19:40:59,214.57,201
2026-10-06 16:06:30,2026-10-06 19:40:59,2026-10-06 19:41:27,214.49,202
2026-10-06 16:07:34,2026-10-06 19:41:24,2026-10-06 19:42:47,213.83,202
2026-10-06 16:07:49,2026-10-06 19:41:27,2026-10-06 19:44:50,213.65,203
2026-10-06 16:08:13,2026-10-06 19:42:39,2026-10-06 19:42:48,214.44,204
2026-10-06 16:08:26,2026-10-06 19:42:47,2026-10-06 19:48:28,214.35,204
2026-10-06 16:09:19,2026-10-06 19:42:48,2026-10-06 19:45:07,213.49,205
2026-10-06 16:09:49,2026-10-06 19:44:50,2026-10-06 19:45:21,215.01,206
2026-10-06 16:10:35,2026-10-06 19:45:07,2026-10-06 19:47:36,214.54,205
2026-10-06 16:10:55,2026-10-06 19:45:21,2026-10-06 19:46:23,214.42,206
2026-10-06 16:12:19,2026-10-06 19:46:23,2026-10-06 19:48:55,214.06,206
2026-10-06 16:12:27,2026-10-06 19:47:36,2026-10-06 19:47:36,215.14,207
2026-10-06 16:12:51,2026-10-06 19:47:36,2026-10-06 19:50:21,214.74,206
2026-10-06 16:13:37,2026-10-06 19:48:28,2026-10-06 19:57:22,214.86,207
2026-10-06 16:14:22,2026-10-06 19:48:55,2026-10-06 19:51:13,214.56,207
2026-10-06 16:14:51,2026-10-06 19:50:21,2026-10-06 19:52:38,215.51,208
2026-10-06 16:16:20,2026-10-06 19:51:13,2026-10-06 20:01:00,214.88,207
2026-10-06 16:16:26,2026-10-06 19:52:38,2026-10-06 19:55:56,216.2,208
2026-10-06 16:17:18,2026-10-06 19:55:56,2026-10-06 19:56:53,218.65,207
2026-10-06 16:17:27,2026-10-06 19:56:53,2026-10-06 20:01:24,219.44,208
2026-10-06 16:17:32,2026-10-06 19:57:22,2026-10-06 19:57:50,219.84,209
2026-10-06 16:18:04,2026-10-06 19:57:50,2026-10-06 19:59:39,219.75,210
2026-10-06 16:18:32,2026-10-06 19:59:39,2026-10-06 20:00:28,221.12,210
2026-10-06 16:18:49,2026-10-06 20:00:28,2026-10-06 20:02:13,221.66,211
2026-10-06 16:19:29,2026-10-06 20:01:00,2026-10-06 20:03:21,221.51,212
2026-10-06 16:20:10,2026-10-06 20:01:24,2026-10-06 20:05:55,221.24,212
2026-10-06 16:20:12,2026-10-06 20:02:13,2026-10-06 20:08:57,222.01,213
2026-10-06 16:22:59,2026-10-06 20:03:21,2026-10-06 20:03:52,220.38,214
2026-10-06 16:23:58,2026-10-06 20:03:52,2026-10-06 20:04:17,219.91,215
2026-10-06 16:24:37,2026-10-06 20:04:17,2026-10-06 20:04:35,219.67,215
2026-10-06 16:24:42,2026-10-06 20:04:35,2026-10-06 20:08:50,219.87,215
2026-10-06 16:26:08,2026-10-06 20:05:55,2026-10-06 20:07:38,219.77,214
2026-10-06 16:26:37,2026-10-06 20:07:38,2026-10-06 20:08:10,221.01,215
2026-10-06 16:26:40,2026-10-06 20:08:10,2026-10-06 20:11:02,221.51,216
2026-10-06 16:27:11,2026-10-06 20:08:50,2026-10-06 20:21:46,221.65,217
2026-10-06 16:27:35,2026-10-06 20:08:57,2026-10-06 20:10:52,221.36,217
2026-10-06 16:28:25,2026-10-06 20:10:52,2026-10-06 20:14:24,222.46,216
2026-10-06 16:28:33,2026-10-06 20:11:02,2026-10-06 20:11:39,222.49,217
2026-10-06 16:28:48,2026-10-06 20:11:39,2026-10-06 20:12:29,222.86,218
2026-10-06 16:30:15,2026-10-06 20:12:29,2026-10-06 20:13:39,222.23,219
2026-10-06 16:30:18,2026-10-06 20:13:39,2026-10-06 20:17:26,223.36,219
2026-10-06 16:30:35,2026-10-06 20:14:24,2026-10-06 20:14:34,223.81,220
2026-10-06 16:32:36,2026-10-06 20:14:34,2026-10-06 20:14:53,221.96,218
2026-10-06 16:32:39,2026-10-06 20:14:53,2026-10-06 20:16:08,222.23,219
2026-10-06 16:32:43,2026-10-06 20:16:08,2026-10-06 20:18:42,223.42,220
2026-10-06 16:32:48,2026-10-06 20:17:26,2026-10-06 20:18:10,224.63,221
2026-10-06 16:33:37,2026-10-06 20:18:10,2026-10-06 20:20:33,224.56,222
2026-10-06 16:34:37,2026-10-06 20:18:42,2026-10-06 20:18:58,224.1,223
2026-10-06 16:34:51,2026-10-06 20:18:58,2026-10-06 20:20:00,224.13,224
2026-10-06 16:35:28,2026-10-06 20:20:00,2026-10-06 20:23:23,224.53,225
2026-10-06 16:35:45,2026-10-06 20:20:33,2026-10-06 20:21:00,224.8,226
2026-10-06 16:36:32,2026-10-06 20:21:00,2026-10-06 20:21:40,224.47,227
2026-10-06 16:36:35,2026-10-06 20:21:40,2026-10-06 20:25:42,225.09,228
2026-10-06 16:36:57,2026-10-06 20:21:46,2026-10-06 20:24:05,224.82,229
2026-10-06 16:39:00,2026-10-06 20:23:23,2026-10-06 20:25:36,224.39,226
2026-10-06 16:40:18,2026-10-06 20:24:05,2026-10-06 20:24:34,223.79,226
2026-10-06 16:40:20,2026-10-06 20:24:34,2026-10-06 20:31:08,224.22,227
2026-10-06 16:41:06,2026-10-06 20:25:36,2026-10-06 20:27:06,224.49,227
2026-10-06 16:42:02,2026-10-06 20:25:42,2026-10-06 20:27:11,223.67,227
2026-10-06 16:43:24,2026-10-06 20:27:06,2026-10-06 20:28:01,223.7,228
2026-10-06 16:43:31,2026-10-06 20:27:11,2026-10-06 20:32:31,223.66,228
2026-10-06 16:43:57,2026-10-06 20:28:01,2026-10-06 20:28:22,224.08,229
2026-10-06 16:46:21,2026-10-06 20:28:22,2026-10-06 20:32:00,222.03,228
2026-10-06 16:46:37,2026-10-06 20:31:08,2026-10-06 20:33:00,224.51,229
2026-10-06 16:47:08,2026-10-06 20:32:00,2026-10-06 20:32:00,224.87,228
2026-10-06 16:47:51,2026-10-06 20:32:00,2026-10-06 20:40:21,224.16,229
2026-10-06 16:49:37,2026-10-06 20:32:31,2026-10-06 20:32:43,222.9,228
2026-10-06 16:50:35,2026-10-06 20:32:43,2026-10-06 20:36:02,222.13,228
2026-10-06 16:50:39,2026-10-06 20:33:00,2026-10-06 20:45:54,222.36,229
2026-10-06 16:50:41,2026-10-06 20:36:02,2026-10-06 20:37:13,225.36,230
2026-10-06 16:50:59,2026-10-06 20:37:13,2026-10-06 20:37:19,226.25,230
2026-10-06 16:52:06,2026-10-06 20:37:19,2026-10-06 20:38:32,225.23,231
2026-10-06 16:52:31,2026-10-06 20:38:32,2026-10-06 20:43:52,226.02,232
2026-10-06 16:52:51,2026-10-06 20:40:21,2026-10-06 20:41:34,227.51,232
2026-10-06 16:53:28,2026-10-06 20:41:34,2026-10-06 20:43:40,228.1,233
2026-10-06 16:53:42,2026-10-06 20:43:40,2026-10-06 20:49:05,229.96,234
2026-10-06 16:54:23,2026-10-06 20:43:52,2026-10-06 20:45:54,229.47,233
2026-10-06 16:55:24,2026-10-06 20:45:54,2026-10-06 20:48:17,230.49,233
2026-10-06 16:55:54,2026-10-06 20:45:54,2026-10-06 20:57:27,230.01,234
2026-10-06 16:56:04,2026-10-06 20:48:17,2026-10-06 20:51:01,232.22,235
2026-10-06 16:56:43,2026-10-06 20:49:05,2026-10-06 20:57:42,232.36,236
2026-10-06 16:58:02,2026-10-06 20:51:01,2026-10-06 20:52:43,232.99,236
2026-10-06 16:58:23,2026-10-06 20:52:43,2026-10-06 21:06:19,234.34,237
2026-10-07 09:00:01,2026-10-07 09:00:01,2026-10-07 09:00:30,0.0,0
2026-10-07 09:01:40,2026-10-07 09:01:40,2026-10-07 09:02:00,0.0,0
2026-10-07 09:02:17,2026-10-07 09:02:17,2026-10-07 09:04:42,0.0,0
2026-10-07 09:02:50,2026-10-07 09:02:50,2026-10-07 09:03:40,0.0,0
2026-10-07 09:03:03,2026-10-07 09:03:03,2026-10-07 09:03:46,0.0,0
2026-10-07 09:03:51,2026-10-07 09:03:51,2026-10-07 09:03:52,0.0,0
2026-10-07 09:04:02,2026-10-07 09:04:02,2026-10-07 09:04:30,0.0,0
2026-10-07 09:04:37,2026-10-07 09:04:37,2026-10-07 09:08:13,0.0,0
2026-10-07 09:05:45,2026-10-07 09:05:45,2026-10-07 09:06:26,0.0,0
2026-10-07 09:05:47,2026-10-07 09:05:47,2026-10-07 09:07:21,0.0,0
2026-10-07 09:06:03,2026-10-07 09:06:26,2026-10-07 09:06:30,0.39,0
2026-10-07 09:06:05,2026-10-07 09:06:30,2026-10-07 09:09:23,0.43,1
2026-10-07 09:06:08,2026-10-07 09:07:21,2026-10-07 09:07:28,1.21,2
2026-10-07 09:06:26,2026-10-07 09:07:28,2026-10-07 09:08:50,1.03,3
2026-10-07 09:07:26,2026-10-07 09:08:13,2026-10-07 09:10:19,0.78,1
2026-10-07 09:07:48,2026-10-07 09:08:50,2026-10-07 09:13:24,1.05,1
2026-10-07 09:08:06,2026-10-07 09:09:23,2026-10-07 09:10:36,1.28,2
2026-10-07 09:08:15,2026-10-07 09:10:19,2026-10-07 09:11:58,2.07,2
2026-10-07 09:08:17,2026-10-07 09:10:36,2026-10-07 09:10:56,2.31,3
2026-10-07 09:08:30,2026-10-07 09:10:56,2026-10-07 09:11:44,2.42,4
2026-10-07 09:08:51,2026-10-07 09:11:44,2026-10-07 09:16:18,2.88,4
2026-10-07 09:09:21,2026-10-07 09:11:58,2026-10-07 09:12:03,2.61,5
2026-10-07 09:09:35,2026-10-07 09:12:03,2026-10-07 09:13:49,2.47,5
2026-10-07 09:10:13,2026-10-07 09:13:24,2026-10-07 09:14:57,3.19,6
2026-10-07 09:10:14,2026-10-07 09:13:49,2026-10-07 09:13:50,3.57,7
2026-10-07 09:10:23,2026-10-07 09:13:50,2026-10-07 09:14:40,3.44,7
2026-10-07 09:10:29,2026-10-07 09:14:40,2026-10-07 09:15:51,4.18,8
2026-10-07 09:10:32,2026-10-07 09:14:57,2026-10-07 09:18:15,4.42,9
2026-10-07 09:11:30,2026-10-07 09:15:51,2026-10-07 09:16:03,4.35,8
2026-10-07 09:11:44,2026-10-07 09:16:03,2026-10-07 09:16:06,4.31,8
2026-10-07 09:12:49,2026-10-07 09:16:06,2026-10-07 09:16:16,3.28,7
2026-10-07 09:13:25,2026-10-07 09:16:16,2026-10-07 09:20:01,2.84,7
2026-10-07 09:13:32,2026-10-07 09:16:18,2026-10-07 09:16:34,2.77,8
2026-10-07 09:13:38,2026-10-07 09:16:34,2026-10-07 09:19:14,2.94,9
2026-10-07 09:14:03,2026-10-07 09:18:15,2026-10-07 09:18:38,4.2,8
2026-10-07 09:14:33,2026-10-07 09:18:38,2026-10-07 09:22:09,4.08,9
2026-10-07 09:14:57,2026-10-07 09:19:14,2026-10-07 09:20:22,4.29,9
2026-10-07 09:15:15,2026-10-07 09:20:01,2026-10-07 09:20:48,4.76,9
2026-10-07 09:15:19,2026-10-07 09:20:22,2026-10-07 09:20:49,5.05,10
2026-10-07 09:15:23,2026-10-07 09:20:48,2026-10-07 09:21:02,5.42,11
2026-10-07 09:15:32,2026-10-07 09:20:49,2026-10-07 09:21:47,5.29,12
2026-10-07 09:15:40,2026-10-07 09:21:02,2026-10-07 09:22:11,5.38,13
2026-10-07 09:16:16,2026-10-07 09:21:47,2026-10-07 09:22:32,5.52,10
2026-10-07 09:16:35,2026-10-07 09:22:09,2026-10-07 09:22:41,5.56,9
2026-10-07 09:17:43,2026-10-07 09:22:11,2026-10-07 09:23:15,4.47,10
2026-10-07 09:18:16,2026-10-07 09:22:32,2026-10-07 09:24:41,4.26,10
2026-10-07 09:18:33,2026-10-07 09:22:41,2026-10-07 09:22:56,4.14,11
2026-10-07 09:20:19,2026-10-07 09:22:56,2026-10-07 09:24:54,2.62,9
2026-10-07 09:20:20,2026-10-07 09:23:15,2026-10-07 09:25:32,2.92,10
2026-10-07 09:20:23,2026-10-07 09:24:41,2026-10-07 09:25:37,4.3,10
2026-10-07 09:20:35,2026-10-07 09:24:54,2026-10-07 09:27:01,4.31,11
2026-10-07 09:20:50,2026-10-07 09:25:32,2026-10-07 09:27:36,4.71,10
2026-10-07 09:21:23,2026-10-07 09:25:37,2026-10-07 09:27:08,4.23,10
2026-10-07 09:22:02,2026-10-07 09:27:01,2026-10-07 09:30:59,4.99,10
2026-10-07 09:23:45,2026-10-07 09:27:08,2026-10-07 09:27:11,3.38,5
2026-10-07 09:24:05,2026-10-07 09:27:11,2026-10-07 09:27:36,3.1,6
2026-10-07 09:24:26,2026-10-07 09:27:36,2026-10-07 09:31:07,3.17,7
2026-10-07 09:24:48,2026-10-07 09:27:36,2026-10-07 09:29:14,2.8,7
2026-10-07 09:25:12,2026-10-07 09:29:14,2026-10-07 09:30:52,4.03,7
2026-10-07 09:26:15,2026-10-07 09:30:52,2026-10-07 09:38:36,4.62,6
2026-10-07 09:26:47,2026-10-07 09:30:59,2026-10-07 09:31:09,4.2,7
2026-10-07 09:26:57,2026-10-07 09:31:07,2026-10-07 09:35:27,4.17,8
2026-10-07 09:27:15,2026-10-07 09:31:09,2026-10-07 09:36:00,3.9,6
2026-10-07 09:27:22,2026-10-07 09:35:27,2026-10-07 09:35:31,8.08,7
2026-10-07 09:27:45,2026-10-07 09:35:31,2026-10-07 09:40:49,7.77,6
2026-10-07 09:28:25,2026-10-07 09:36:00,2026-10-07 09:36:02,7.58,7
2026-10-07 09:28:37,2026-10-07 09:36:02,2026-10-07 09:36:12,7.42,8
2026-10-07 09:28:38,2026-10-07 09:36:12,2026-10-07 09:42:32,7.56,9
2026-10-07 09:28:39,2026-10-07 09:38:36,2026-10-07 09:40:32,9.96,10
2026-10-07 09:28:49,2026-10-07 09:40:32,2026-10-07 09:41:21,11.71,11
2026-10-07 09:30:03,2026-10-07 09:40:49,2026-10-07 09:41:21,10.77,11
2026-10-07 09:30:08,2026-10-07 09:41:21,2026-10-07 09:47:31,11.21,12
2026-10-07 09:30:41,2026-10-07 09:41:21,2026-10-07 09:45:27,10.66,13
2026-10-07 09:31:31,2026-10-07 09:42:32,2026-10-07 09:45:29,11.01,10
2026-10-07 09:31:55,2026-10-07 09:45:27,2026-10-07 09:46:25,13.53,11
2026-10-07 09:31:56,2026-10-07 09:45:29,2026-10-07 09:47:12,13.56,12
2026-10-07 09:32:05,2026-10-07 09:46:25,2026-10-07 09:47:30,14.32,13
2026-10-07 09:34:07,2026-10-07 09:47:12,2026-10-07 09:47:37,13.08,14
2026-10-07 09:36:07,2026-10-07 09:47:30,2026-10-07 09:48:17,11.39,11
2026-10-07 09:36:12,2026-10-07 09:47:31,2026-10-07 09:48:49,11.33,12
2026-10-07 09:36:52,2026-10-07 09:47:37,2026-10-07 09:51:46,10.75,12
2026-10-07 09:37:13,2026-10-07 09:48:17,2026-10-07 09:50:02,11.07,13
2026-10-07 09:37:43,2026-10-07 09:48:49,2026-10-07 09:49:35,11.11,14
2026-10-07 09:38:59,2026-10-07 09:49:35,2026-10-07 09:50:13,10.6,14
2026-10-07 09:39:08,2026-10-07 09:50:02,2026-10-07 09:56:17,10.9,15
2026-10-07 09:39:09,2026-10-07 09:50:13,2026-10-07 09:50:51,11.06,16
2026-10-07 09:39:48,2026-10-07 09:50:51,2026-10-07 09:52:15,11.05,17
2026-10-07 09:40:26,2026-10-07 09:51:46,2026-10-07 09:52:40,11.32,18
2026-10-07 09:40:27,2026-10-07 09:52:15,2026-10-07 09:53:05,11.79,19
2026-10-07 09:40:34,2026-10-07 09:52:40,2026-10-07 09:53:20,12.09,19
2026-10-07 09:40:37,2026-10-07 09:53:05,2026-10-07 09:55:13,12.47,20
2026-10-07 09:41:05,2026-10-07 09:53:20,2026-10-07 09:53:28,12.25,20
2026-10-07 09:41:25,2026-10-07 09:53:28,2026-10-07 09:54:46,12.05,19
2026-10-07 09:41:51,2026-10-07 09:54:46,2026-10-07 09:54:53,12.91,20
2026-10-07 09:42:26,2026-10-07 09:54:53,2026-10-07 09:58:17,12.46,21
2026-10-07 09:42:51,2026-10-07 09:55:13,2026-10-07 09:55:22,12.36,21
2026-10-07 09:43:02,2026-10-07 09:55:22,2026-10-07 10:01:45,12.33,22
2026-10-07 09:44:03,2026-10-07 09:56:17,2026-10-07 09:56:58,12.23,23
2026-10-07 09:44:47,2026-10-07 09:56:58,2026-10-07 10:00:04,12.18,24
2026-10-07 09:45:13,2026-10-07 09:58:17,2026-10-07 10:01:39,13.08,25
2026-10-07 09:45:26,2026-10-07 10:00:04,2026-10-07 10:00:23,14.64,26
2026-10-07 09:45:56,2026-10-07 10:00:23,2026-10-07 10:00:29,14.45,25
2026-10-07 09:46:29,2026-10-07 10:00:29,2026-10-07 10:01:04,14.0,25
2026-10-07 09:46:57,2026-10-07 10:01:04,2026-10-07 10:02:44,14.11,26
2026-10-07 09:48:01,2026-10-07 10:01:39,2026-10-07 10:03:17,13.64,23
2026-10-07 09:49:04,2026-10-07 10:01:45,2026-10-07 10:04:37,12.69,22
2026-10-07 09:50:04,2026-10-07 10:02:44,2026-10-07 10:05:35,12.67,21
2026-10-07 09:50:24,2026-10-07 10:03:17,2026-10-07 10:03:53,12.9,21
2026-10-07 09:50:39,2026-10-07 10:03:53,2026-10-07 10:06:43,13.23,22
2026-10-07 09:50:44,2026-10-07 10:04:37,2026-10-07 10:08:15,13.88,23
2026-10-07 09:53:41,2026-10-07 10:05:35,2026-10-07 10:06:30,11.91,17
2026-10-07 09:54:22,2026-10-07 10:06:30,2026-10-07 10:06:58,12.14,18
2026-10-07 09:54:32,2026-10-07 10:06:43,2026-10-07 10:07:14,12.2,19
2026-10-07 09:54:32,2026-10-07 10:06:58,2026-10-07 10:07:45,12.42,20
2026-10-07 09:54:34,2026-10-07 10:07:14,2026-10-07 10:08:30,12.67,21
2026-10-07 09:55:43,2026-10-07 10:07:45,2026-10-07 10:10:53,12.03,18
2026-10-07 09:57:18,2026-10-07 10:08:15,2026-10-07 10:08:19,10.95,17
2026-10-07 09:57:26,2026-10-07 10:08:19,2026-10-07 10:08:30,10.88,18
2026-10-07 09:57:27,2026-10-07 10:08:30,2026-10-07 10:10:51,11.05,19
2026-10-07 09:59:06,2026-10-07 10:08:30,2026-10-07 10:09:51,9.41,19
2026-10-07 09:59:46,2026-10-07 10:09:51,2026-10-07 10:11:49,10.08,20
2026-10-07 09:59:49,2026-10-07 10:10:51,2026-10-07 10:11:57,11.04,21
2026-10-07 10:00:00,2026-10-07 10:10:53,2026-10-07 10:12:34,10.89,22
2026-10-07 10:00:22,2026-10-07 10:11:49,2026-10-07 10:15:52,11.45,22
2026-10-07 10:00:39,2026-10-07 10:11:57,2026-10-07 10:12:10,11.3,21
2026-10-07 10:01:25,2026-10-07 10:12:10,2026-10-07 10:15:34,10.74,21
2026-10-07 10:01:57,2026-10-07 10:12:34,2026-10-07 10:15:13,10.62,20
2026-10-07 10:02:22,2026-10-07 10:15:13,2026-10-07 10:24:15,12.84,21
2026-10-07 10:02:30,2026-10-07 10:15:34,2026-10-07 10:19:44,13.07,22
2026-10-07 10:03:14,2026-10-07 10:15:52,2026-10-07 10:16:10,12.64,22
2026-10-07 10:03:26,2026-10-07 10:16:10,2026-10-07 10:17:58,12.74,22
2026-10-07 10:03:37,2026-10-07 10:17:58,2026-10-07 10:20:07,14.35,23
2026-10-07 10:04:10,2026-10-07 10:19:44,2026-10-07 10:23:01,15.56,23
2026-10-07 10:05:44,2026-10-07 10:20:07,2026-10-07 10:23:03,14.39,22
2026-10-07 10:05:45,2026-10-07 10:23:01,2026-10-07 10:23:11,17.25,23
2026-10-07 10:06:08,2026-10-07 10:23:03,2026-10-07 10:25:58,16.91,24
2026-10-07 10:06:36,2026-10-07 10:23:11,2026-10-07 10:23:18,16.59,24
2026-10-07 10:06:52,2026-10-07 10:23:18,2026-10-07 10:31:14,16.44,24
2026-10-07 10:07:38,2026-10-07 10:24:15,2026-10-07 10:26:08,16.61,23
2026-10-07 10:08:43,2026-10-07 10:25:58,2026-10-07 10:26:33,17.26,19
2026-10-07 10:08:55,2026-10-07 10:26:08,2026-10-07 10:26:28,17.22,20
2026-10-07 10:08:59,2026-10-07 10:26:28,2026-10-07 10:27:03,17.47,21
2026-10-07 10:09:04,2026-10-07 10:26:33,2026-10-07 10:27:49,17.48,22
2026-10-07 10:09:14,2026-10-07 10:27:03,2026-10-07 10:28:11,17.81,23
2026-10-07 10:09:24,2026-10-07 10:27:49,2026-10-07 10:30:05,18.41,24
2026-10-07 10:10:39,2026-10-07 10:28:11,2026-10-07 10:30:52,17.55,24
2026-10-07 10:10:39,2026-10-07 10:30:05,2026-10-07 10:35:12,19.44,25
2026-10-07 10:10:42,2026-10-07 10:30:52,2026-10-07 10:31:46,20.17,26
2026-10-07 10:10:55,2026-10-07 10:31:14,2026-10-07 10:33:10,20.32,25
2026-10-07 10:11:41,2026-10-07 10:31:46,2026-10-07 10:33:16,20.08,26
2026-10-07 10:13:00,2026-10-07 10:33:10,2026-10-07 10:34:34,20.18,23
2026-10-07 10:13:02,2026-10-07 10:33:16,2026-10-07 10:33:17,20.25,24
2026-10-07 10:13:49,2026-10-07 10:33:17,2026-10-07 10:33:56,19.46,25
2026-10-07 10:13:59,2026-10-07 10:33:56,2026-10-07 10:34:47,19.96,26
2026-10-07 10:14:03,2026-10-07 10:34:34,2026-10-07 10:38:34,20.52,27
2026-10-07 10:14:11,2026-10-07 10:34:47,2026-10-07 10:38:04,20.6,28
2026-10-07 10:14:11,2026-10-07 10:35:12,2026-10-07 10:36:26,21.02,29
2026-10-07 10:14:11,2026-10-07 10:36:26,2026-10-07 10:39:05,22.25,30
2026-10-07 10:15:26,2026-10-07 10:38:04,2026-10-07 10:44:35,22.63,30
2026-10-07 10:16:16,2026-10-07 10:38:34,2026-10-07 10:43:32,22.32,28
2026-10-07 10:16:26,2026-10-07 10:39:05,2026-10-07 10:39:31,22.64,29
2026-10-07 10:16:36,2026-10-07 10:39:31,2026-10-07 10:40:07,22.91,30
2026-10-07 10:16:54,2026-10-07 10:40:07,2026-10-07 10:46:48,23.2,31
2026-10-07 10:17:06,2026-10-07 10:43:32,2026-10-07 10:43:32,26.43,32
2026-10-07 10:18:08,2026-10-07 10:43:32,2026-10-07 10:44:22,25.39,32
2026-10-07 10:18:35,2026-10-07 10:44:22,2026-10-07 10:47:37,25.78,33
2026-10-07 10:18:39,2026-10-07 10:44:35,2026-10-07 10:45:06,25.92,34
2026-10-07 10:18:50,2026-10-07 10:45:06,2026-10-07 10:49:35,26.27,35
2026-10-07 10:18:52,2026-10-07 10:46:48,2026-10-07 10:47:00,27.94,36
2026-10-07 10:19:34,2026-10-07 10:47:00,2026-10-07 10:47:35,27.44,37
2026-10-07 10:19:37,2026-10-07 10:47:35,2026-10-07 10:48:01,27.98,38
2026-10-07 10:20:06,2026-10-07 10:47:37,2026-10-07 10:49:30,27.52,38
2026-10-07 10:21:25,2026-10-07 10:48:01,2026-10-07 10:48:45,26.6,38
2026-10-07 10:21:33,2026-10-07 10:48:45,2026-10-07 10:54:55,27.19,39
2026-10-07 10:22:10,2026-10-07 10:49:30,2026-10-07 10:51:12,27.34,40
2026-10-07 10:22:28,2026-10-07 10:49:35,2026-10-07 10:51:21,27.12,41
2026-10-07 10:27:03,2026-10-07 10:51:12,2026-10-07 10:51:38,24.14,33
2026-10-07 10:27:35,2026-10-07 10:51:21,2026-10-07 10:53:56,23.76,33
2026-10-07 10:28:13,2026-10-07 10:51:38,2026-10-07 10:54:14,23.42,32
2026-10-07 10:29:14,2026-10-07 10:53:56,2026-10-07 10:53:59,24.69,33
2026-10-07 10:29:36,2026-10-07 10:53:59,2026-10-07 10:54:47,24.39,34
2026-10-07 10:29:36,2026-10-07 10:54:14,2026-10-07 10:54:50,24.63,35
2026-10-07 10:29:51,2026-10-07 10:54:47,2026-10-07 10:55:55,24.93,36
2026-10-07 10:30:14,2026-10-07 10:54:50,2026-10-07 10:58:49,24.61,36
2026-10-07 10:30:36,2026-10-07 10:54:55,2026-10-07 10:56:19,24.32,37
2026-10-07 10:30:36,2026-10-07 10:55:55,2026-10-07 10:57:18,25.3,38
2026-10-07 10:32:05,2026-10-07 10:56:19,2026-10-07 10:58:27,24.23,36
2026-10-07 10:32:21,2026-10-07 10:57:18,2026-10-07 10:58:35,24.94,37
2026-10-07 10:33:03,2026-10-07 10:58:27,2026-10-07 10:58:27,25.39,38
2026-10-07 10:33:51,2026-10-07 10:58:27,2026-10-07 11:00:09,24.59,36
2026-10-07 10:34:09,2026-10-07 10:58:35,2026-10-07 10:59:04,24.44,36
2026-10-07 10:34:17,2026-10-07 10:58:49,2026-10-07 10:58:57,24.53,37
2026-10-07 10:34:26,2026-10-07 10:58:57,2026-10-07 11:01:29,24.5,38
2026-10-07 10:36:18,2026-10-07 10:59:04,2026-10-07 11:01:27,22.76,36
2026-10-07 10:38:20,2026-10-07 11:00:09,2026-10-07 11:02:02,21.81,35
2026-10-07 10:38:59,2026-10-07 11:01:27,2026-10-07 11:02:33,22.47,35
2026-10-07 10:39:01,2026-10-07 11:01:29,2026-10-07 11:03:51,22.46,36
2026-10-07 10:39:05,2026-10-07 11:02:02,2026-10-07 11:02:02,22.94,36
2026-10-07 10:39:29,2026-10-07 11:02:02,2026-10-07 11:05:20,22.56,37
2026-10-07 10:39:32,2026-10-07 11:02:33,2026-10-07 11:02:51,23.02,37
2026-10-07 10:41:22,2026-10-07 11:02:51,2026-10-07 11:02:58,21.48,37
2026-10-07 10:41:53,2026-10-07 11:02:58,2026-10-07 11:03:07,21.09,38
2026-10-07 10:41:58,2026-10-07 11:03:07,2026-10-07 11:04:01,21.16,39
2026-10-07 10:43:55,2026-10-07 11:03:51,2026-10-07 11:04:13,19.93,38
2026-10-07 10:44:08,2026-10-07 11:04:01,2026-10-07 11:04:06,19.88,39
2026-10-07 10:44:21,2026-10-07 11:04:06,2026-10-07 11:05:28,19.75,40
2026-10-07 10:44:36,2026-10-07 11:04:13,2026-10-07 11:09:08,19.62,39
2026-10-07 10:44:51,2026-10-07 11:05:20,2026-10-07 11:07:12,20.49,40
2026-10-07 10:45:55,2026-10-07 11:05:28,2026-10-07 11:06:50,19.54,40
2026-10-07 10:46:06,2026-10-07 11:06:50,2026-10-07 11:07:16,20.73,41
2026-10-07 10:46:14,2026-10-07 11:07:12,2026-10-07 11:07:13,20.97,42
2026-10-07 10:46:23,2026-10-07 11:07:13,2026-10-07 11:07:32,20.82,43
2026-10-07 10:46:48,2026-10-07 11:07:16,2026-10-07 11:08:45,20.47,44
2026-10-07 10:47:20,2026-10-07 11:07:32,2026-10-07 11:09:02,20.2,43
2026-10-07 10:47:33,2026-10-07 11:08:45,2026-10-07 11:11:20,21.2,44
2026-10-07 10:48:23,2026-10-07 11:09:02,2026-10-07 11:11:39,20.66,42
2026-10-07 10:48:32,2026-10-07 11:09:08,2026-10-07 11:14:51,20.61,43
2026-10-07 10:50:25,2026-10-07 11:11:20,2026-10-07 11:11:29,20.92,41
2026-10-07 10:50:27,2026-10-07 11:11:29,2026-10-07 11:13:01,21.04,42
2026-10-07 10:50:42,2026-10-07 11:11:39,2026-10-07 11:17:19,20.94,43
2026-10-07 10:51:22,2026-10-07 11:13:01,2026-10-07 11:14:21,21.64,42
2026-10-07 10:51:57,2026-10-07 11:14:21,2026-10-07 11:16:11,22.39,42
2026-10-07 10:52:24,2026-10-07 11:14:51,2026-10-07 11:16:53,22.44,43
2026-10-07 10:53:02,2026-10-07 11:16:11,2026-10-07 11:18:09,23.16,44
2026-10-07 10:53:03,2026-10-07 11:16:53,2026-10-07 11:18:37,23.83,45
2026-10-07 10:53:36,2026-10-07 11:17:19,2026-10-07 11:17:19,23.72,46
2026-10-07 10:54:22,2026-10-07 11:17:19,2026-10-07 11:22:07,22.94,44
2026-10-07 10:54:37,2026-10-07 11:18:09,2026-10-07 11:18:54,23.54,45
2026-10-07 10:54:52,2026-10-07 11:18:37,2026-10-07 11:18:38,23.75,44
2026-10-07 10:54:56,2026-10-07 11:18:38,2026-10-07 11:21:29,23.71,44
2026-10-07 10:55:00,2026-10-07 11:18:54,2026-10-07 11:21:29,23.91,45
2026-10-07 10:56:15,2026-10-07 11:21:29,2026-10-07 11:23:19,25.23,45
2026-10-07 10:56:28,2026-10-07 11:21:29,2026-10-07 11:21:49,25.01,45
2026-10-07 10:57:50,2026-10-07 11:21:49,2026-10-07 11:23:38,23.99,45
2026-10-07 10:58:19,2026-10-07 11:22:07,2026-10-07 11:22:26,23.8,46
2026-10-07 10:58:23,2026-10-07 11:22:26,2026-10-07 11:22:51,24.04,47
2026-10-07 10:58:49,2026-10-07 11:22:51,2026-10-07 11:25:24,24.04,44
2026-10-07 10:59:30,2026-10-07 11:23:19,2026-10-07 11:24:42,23.81,43
2026-10-07 10:59:33,2026-10-07 11:23:38,2026-10-07 11:25:20,24.07,44
2026-10-07 11:00:03,2026-10-07 11:24:42,2026-10-07 11:28:27,24.65,45
2026-10-07 11:00:31,2026-10-07 11:25:20,2026-10-07 11:25:21,24.82,45
2026-10-07 11:00:31,2026-10-07 11:25:21,2026-10-07 11:28:09,24.83,46
2026-10-07 11:01:09,2026-10-07 11:25:24,2026-10-07 11:26:12,24.25,47
2026-10-07 11:01:30,2026-10-07 11:26:12,2026-10-07 11:27:19,24.7,46
2026-10-07 11:01:43,2026-10-07 11:27:19,2026-10-07 11:29:34,25.6,47
2026-10-07 11:01:53,2026-10-07 11:28:09,2026-10-07 11:28:24,26.27,48
2026-10-07 11:02:20,2026-10-07 11:28:24,2026-10-07 11:28:47,26.07,47
2026-10-07 11:02:24,2026-10-07 11:28:27,2026-10-07 11:32:03,26.04,48
2026-10-07 11:02:44,2026-10-07 11:28:47,2026-10-07 11:30:33,26.06,48
2026-10-07 11:03:37,2026-10-07 11:29:34,2026-10-07 11:34:10,25.96,46
2026-10-07 11:03:45,2026-10-07 11:30:33,2026-10-07 11:32:56,26.8,47
2026-10-07 11:03:57,2026-10-07 11:32:03,2026-10-07 11:34:50,28.09,47
2026-10-07 11:04:15,2026-10-07 11:32:56,2026-10-07 11:34:23,28.67,45
2026-10-07 11:04:34,2026-10-07 11:34:10,2026-10-07 11:34:34,29.61,46
2026-10-07 11:05:54,2026-10-07 11:34:23,2026-10-07 11:41:43,28.49,45
2026-10-07 11:05:59,2026-10-07 11:34:34,2026-10-07 11:35:27,28.58,46
2026-10-07 11:06:16,2026-10-07 11:34:50,2026-10-07 11:38:23,28.56,47
2026-10-07 11:06:28,2026-10-07 11:35:27,2026-10-07 11:41:54,28.98,48
2026-10-07 11:06:38,2026-10-07 11:38:23,2026-10-07 11:41:21,31.75,49
2026-10-07 11:08:06,2026-10-07 11:41:21,2026-10-07 11:43:17,33.25,45
2026-10-07 11:08:12,2026-10-07 11:41:43,2026-10-07 11:43:52,33.52,46
2026-10-07 11:09:26,2026-10-07 11:41:54,2026-10-07 11:48:45,32.47,44
2026-10-07 11:09:34,2026-10-07 11:43:17,2026-10-07 11:44:02,33.72,45
2026-10-07 11:09:47,2026-10-07 11:43:52,2026-10-07 11:44:27,34.08,46
2026-10-07 11:09:49,2026-10-07 11:44:02,2026-10-07 11:45:23,34.21,47
2026-10-07 11:10:01,2026-10-07 11:44:27,2026-10-07 11:50:51,34.45,48
2026-10-07 11:10:06,2026-10-07 11:45:23,2026-10-07 11:49:55,35.29,49
2026-10-07 11:10:59,2026-10-07 11:48:45,2026-10-07 11:51:51,37.78,50
2026-10-07 11:11:06,2026-10-07 11:49:55,2026-10-07 11:50:27,38.81,51
2026-10-07 11:11:41,2026-10-07 11:50:27,2026-10-07 11:50:35,38.76,49
2026-10-07 11:12:08,2026-10-07 11:50:35,2026-10-07 11:52:32,38.46,50
2026-10-07 11:12:44,2026-10-07 11:50:51,2026-10-07 11:51:19,38.11,51
2026-10-07 11:12:57,2026-10-07 11:51:19,2026-10-07 11:59:38,38.37,52
2026-10-07 11:13:06,2026-10-07 11:51:51,2026-10-07 11:55:58,38.76,52
2026-10-07 11:13:29,2026-10-07 11:52:32,2026-10-07 11:52:32,39.05,53
2026-10-07 11:13:33,2026-10-07 11:52:32,2026-10-07 11:55:19,38.98,54
2026-10-07 11:13:45,2026-10-07 11:55:19,2026-10-07 12:00:55,41.56,55
2026-10-07 11:14:06,2026-10-07 11:55:58,2026-10-07 11:56:54,41.88,56
2026-10-07 11:14:57,2026-10-07 11:56:54,2026-10-07 12:01:57,41.94,55
2026-10-07 11:15:04,2026-10-07 11:59:38,2026-10-07 12:00:39,44.56,56
2026-10-07 11:15:05,2026-10-07 12:00:39,2026-10-07 12:00:51,45.57,57
2026-10-07 11:15:26,2026-10-07 12:00:51,2026-10-07 12:04:21,45.42,58
2026-10-07 11:15:40,2026-10-07 12:00:55,2026-10-07 12:02:03,45.25,59
2026-10-07 11:15:44,2026-10-07 12:01:57,2026-10-07 12:02:34,46.22,60
2026-10-07 11:15:58,2026-10-07 12:02:03,2026-10-07 12:12:13,46.09,61
2026-10-07 11:16:05,2026-10-07 12:02:34,2026-10-07 12:04:59,46.49,62
2026-10-07 11:16:06,2026-10-07 12:04:21,2026-10-07 12:05:29,48.25,63
2026-10-07 11:16:34,2026-10-07 12:04:59,2026-10-07 12:09:38,48.41,63
2026-10-07 11:17:05,2026-10-07 12:05:29,2026-10-07 12:10:04,48.4,63
2026-10-07 11:17:23,2026-10-07 12:09:38,2026-10-07 12:09:53,52.26,62
2026-10-07 11:18:30,2026-10-07 12:09:53,2026-10-07 12:10:39,51.38,62
2026-10-07 11:19:03,2026-10-07 12:10:04,2026-10-07 12:12:14,51.01,60
2026-10-07 11:19:08,2026-10-07 12:10:39,2026-10-07 12:12:22,51.52,61
2026-10-07 11:19:10,2026-10-07 12:12:13,2026-10-07 12:12:31,53.05,62
2026-10-07 11:19:51,2026-10-07 12:12:14,2026-10-07 12:12:49,52.39,63
2026-10-07 11:21:07,2026-10-07 12:12:22,2026-10-07 12:16:03,51.25,64
2026-10-07 11:21:33,2026-10-07 12:12:31,2026-10-07 12:12:38,50.95,63
2026-10-07 11:21:47,2026-10-07 12:12:38,2026-10-07 12:13:02,50.84,64
2026-10-07 11:22:20,2026-10-07 12:12:49,2026-10-07 12:15:44,50.49,63
2026-10-07 11:22:29,2026-10-07 12:13:02,2026-10-07 12:18:12,50.55,63
2026-10-07 11:23:12,2026-10-07 12:15:44,2026-10-07 12:16:44,52.53,63
2026-10-07 11:24:20,2026-10-07 12:16:03,2026-10-07 12:20:32,51.71,62
2026-10-07 11:24:27,2026-10-07 12:16:44,2026-10-07 12:17:06,52.28,63
2026-10-07 11:24:28,2026-10-07 12:17:06,2026-10-07 12:19:47,52.64,64
2026-10-07 11:24:46,2026-10-07 12:18:12,2026-10-07 12:22:52,53.43,64
2026-10-07 11:25:18,2026-10-07 12:19:47,2026-10-07 12:21:43,54.5,65
2026-10-07 11:25:36,2026-10-07 12:20:32,2026-10-07 12:20:48,54.93,63
2026-10-07 11:25:48,2026-10-07 12:20:48,2026-10-07 12:21:59,55.01,64
2026-10-07 11:26:38,2026-10-07 12:21:43,2026-10-07 12:27:00,55.07,64
2026-10-07 11:26:41,2026-10-07 12:21:59,2026-10-07 12:22:15,55.3,65
2026-10-07 11:26:49,2026-10-07 12:22:15,2026-10-07 12:22:31,55.43,66
2026-10-07 11:27:03,2026-10-07 12:22:31,2026-10-07 12:26:50,55.46,67
2026-10-07 11:27:55,2026-10-07 12:22:52,2026-10-07 12:23:03,54.95,67
2026-10-07 11:28:19,2026-10-07 12:23:03,2026-10-07 12:23:29,54.73,67
2026-10-07 11:28:24,2026-10-07 12:23:29,2026-10-07 12:23:49,55.08,68
2026-10-07 11:28:43,2026-10-07 12:23:49,2026-10-07 12:23:54,55.1,67
2026-10-07 11:28:55,2026-10-07 12:23:54,2026-10-07 12:24:23,54.98,67
2026-10-07 11:28:56,2026-10-07 12:24:23,2026-10-07 12:28:12,55.46,68
2026-10-07 11:29:06,2026-10-07 12:26:50,2026-10-07 12:30:24,57.75,69
2026-10-07 11:29:06,2026-10-07 12:27:00,2026-10-07 12:28:30,57.9,70
2026-10-07 11:29:33,2026-10-07 12:28:12,2026-10-07 12:34:06,58.64,71
2026-10-07 11:29:42,2026-10-07 12:28:30,2026-10-07 12:30:56,58.8,71
2026-10-07 11:29:44,2026-10-07 12:30:24,2026-10-07 12:33:59,60.67,72
2026-10-07 11:29:59,2026-10-07 12:30:56,2026-10-07 12:31:09,60.96,73
2026-10-07 11:30:15,2026-10-07 12:31:09,2026-10-07 12:33:52,60.91,74
2026-10-07 11:30:17,2026-10-07 12:33:52,2026-10-07 12:34:17,63.58,75
2026-10-07 11:30:21,2026-10-07 12:33:59,2026-10-07 12:34:12,63.63,76
2026-10-07 11:32:19,2026-10-07 12:34:06,2026-10-07 12:34:53,61.78,75
2026-10-07 11:32:43,2026-10-07 12:34:12,2026-10-07 12:39:32,61.48,76
2026-10-07 11:33:36,2026-10-07 12:34:17,2026-10-07 12:37:10,60.69,76
2026-10-07 11:34:11,2026-10-07 12:34:53,2026-10-07 12:35:08,60.71,76
2026-10-07 11:34:43,2026-10-07 12:35:08,2026-10-07 12:36:16,60.42,75
2026-10-07 11:35:24,2026-10-07 12:36:16,2026-10-07 12:37:50,60.87,75
2026-10-07 11:36:39,2026-10-07 12:37:10,2026-10-07 12:37:30,60.52,75
2026-10-07 11:36:40,2026-10-07 12:37:30,2026-10-07 12:37:31,60.83,76
2026-10-07 11:37:53,2026-10-07 12:37:31,2026-10-07 12:37:45,59.64,77
2026-10-07 11:38:30,2026-10-07 12:37:45,2026-10-07 12:39:10,59.26,77
2026-10-07 11:38:58,2026-10-07 12:37:50,2026-10-07 12:39:15,58.86,78
2026-10-07 11:39:24,2026-10-07 12:39:10,2026-10-07 12:41:22,59.77,79
2026-10-07 11:41:24,2026-10-07 12:39:15,2026-10-07 12:41:32,57.85,79
2026-10-07 11:42:15,2026-10-07 12:39:32,2026-10-07 12:40:15,57.28,78
2026-10-07 11:42:47,2026-10-07 12:40:15,2026-10-07 12:42:53,57.46,79
2026-10-07 11:42:57,2026-10-07 12:41:22,2026-10-07 12:46:56,58.42,80
2026-10-07 11:43:41,2026-10-07 12:41:32,2026-10-07 12:45:08,57.85,80
2026-10-07 11:43:59,2026-10-07 12:42:53,2026-10-07 12:43:58,58.89,80
2026-10-07 11:45:27,2026-10-07 12:43:58,2026-10-07 12:44:41,58.51,78
2026-10-07 11:45:41,2026-10-07 12:44:41,2026-10-07 12:45:23,59.0,79
2026-10-07 11:45:43,2026-10-07 12:45:08,2026-10-07 12:46:29,59.42,80
2026-10-07 11:45:52,2026-10-07 12:45:23,2026-10-07 12:48:39,59.52,81
2026-10-07 11:46:13,2026-10-07 12:46:29,2026-10-07 12:46:40,60.26,82
2026-10-07 11:46:36,2026-10-07 12:46:40,2026-10-07 12:46:59,60.06,83
2026-10-07 11:46:42,2026-10-07 12:46:56,2026-10-07 12:47:42,60.25,84
2026-10-07 11:46:49,2026-10-07 12:46:59,2026-10-07 12:47:14,60.15,85
2026-10-07 11:47:15,2026-10-07 12:47:14,2026-10-07 12:51:26,59.98,86
2026-10-07 11:47:26,2026-10-07 12:47:42,2026-10-07 12:47:51,60.26,87
2026-10-07 11:47:27,2026-10-07 12:47:51,2026-10-07 12:48:33,60.4,88
2026-10-07 11:47:59,2026-10-07 12:48:33,2026-10-07 12:48:49,60.57,89
2026-10-07 11:48:30,2026-10-07 12:48:39,2026-10-07 12:54:15,60.15,90
2026-10-07 11:48:42,2026-10-07 12:48:49,2026-10-07 12:49:54,60.12,91
2026-10-07 11:48:49,2026-10-07 12:49:54,2026-10-07 12:50:30,61.09,91
2026-10-07 11:48:57,2026-10-07 12:50:30,2026-10-07 12:51:17,61.56,92
2026-10-07 11:49:03,2026-10-07 12:51:17,2026-10-07 12:53:39,62.23,93
2026-10-07 11:49:25,2026-10-07 12:51:26,2026-10-07 12:53:28,62.01,94
2026-10-07 11:49:49,2026-10-07 12:53:28,2026-10-07 12:59:28,63.64,95
2026-10-07 11:49:55,2026-10-07 12:53:39,2026-10-07 12:54:23,63.74,95
2026-10-07 11:50:27,2026-10-07 12:54:15,2026-10-07 12:56:06,63.81,96
2026-10-07 11:50:35,2026-10-07 12:54:23,2026-10-07 12:56:43,63.8,95
2026-10-07 11:50:35,2026-10-07 12:56:06,2026-10-07 12:56:30,65.51,96
2026-10-07 11:51:21,2026-10-07 12:56:30,2026-10-07 12:57:39,65.14,95
2026-10-07 11:52:08,2026-10-07 12:56:43,2026-10-07 12:59:41,64.59,95
2026-10-07 11:53:17,2026-10-07 12:57:39,2026-10-07 12:59:08,64.37,94
2026-10-07 11:54:01,2026-10-07 12:59:08,2026-10-07 12:59:28,65.12,95
2026-10-07 11:54:25,2026-10-07 12:59:28,2026-10-07 13:00:09,65.04,96
2026-10-07 11:54:34,2026-10-07 12:59:28,2026-10-07 13:01:40,64.9,97
2026-10-07 11:54:49,2026-10-07 12:59:41,2026-10-07 13:01:57,64.86,98
2026-10-07 11:55:33,2026-10-07 13:00:09,2026-10-07 13:04:43,64.6,98
2026-10-07 11:55:49,2026-10-07 13:01:40,2026-10-07 13:04:01,65.85,99
2026-10-07 11:56:10,2026-10-07 13:01:57,2026-10-07 13:02:02,65.79,99
2026-10-07 11:56:49,2026-10-07 13:02:02,2026-10-07 13:02:22,65.21,100
2026-10-07 11:56:50,2026-10-07 13:02:22,2026-10-07 13:04:03,65.54,101
2026-10-07 11:57:57,2026-10-07 13:04:01,2026-10-07 13:05:56,66.08,101
2026-10-07 11:57:58,2026-10-07 13:04:03,2026-10-07 13:06:39,66.07,102
2026-10-07 11:58:15,2026-10-07 13:04:43,2026-10-07 13:06:06,66.47,103
2026-10-07 11:59:29,2026-10-07 13:05:56,2026-10-07 13:05:58,66.45,104
2026-10-07 11:59:52,2026-10-07 13:05:58,2026-10-07 13:06:26,66.1,104
2026-10-07 12:00:37,2026-10-07 13:06:06,2026-10-07 13:07:55,65.47,105
2026-10-07 12:01:23,2026-10-07 13:06:26,2026-10-07 13:07:35,65.06,103
2026-10-07 12:02:29,2026-10-07 13:06:39,2026-10-07 13:09:31,64.17,102
2026-10-07 12:03:06,2026-10-07 13:07:35,2026-10-07 13:07:54,64.48,102
2026-10-07 12:03:27,2026-10-07 13:07:54,2026-10-07 13:08:58,64.45,103
2026-10-07 12:03:47,2026-10-07 13:07:55,2026-10-07 13:08:20,64.13,104
2026-10-07 12:04:01,2026-10-07 13:08:20,2026-10-07 13:09:31,64.32,105
2026-10-07 12:04:28,2026-10-07 13:08:58,2026-10-07 13:09:56,64.49,105
2026-10-07 12:05:32,2026-10-07 13:09:31,2026-10-07 13:09:58,63.98,104
2026-10-07 12:06:45,2026-10-07 13:09:31,2026-10-07 13:13:57,62.77,105
2026-10-07 12:07:24,2026-10-07 13:09:56,2026-10-07 13:12:15,62.54,106
2026-10-07 12:07:49,2026-10-07 13:09:58,2026-10-07 13:11:11,62.15,107
2026-10-07 12:07:51,2026-10-07 13:11:11,2026-10-07 13:11:35,63.34,108
2026-10-07 12:07:57,2026-10-07 13:11:35,2026-10-07 13:15:30,63.62,109
2026-10-07 12:08:03,2026-10-07 13:12:15,2026-10-07 13:15:55,64.2,110
2026-10-07 12:08:38,2026-10-07 13:13:57,2026-10-07 13:14:42,65.31,111
2026-10-07 12:09:00,2026-10-07 13:14:42,2026-10-07 13:15:10,65.7,112
2026-10-07 12:09:11,2026-10-07 13:15:10,2026-10-07 13:16:01,65.98,113
2026-10-07 12:11:12,2026-10-07 13:15:30,2026-10-07 13:17:03,64.29,110
2026-10-07 12:11:27,2026-10-07 13:15:55,2026-10-07 13:16:28,64.48,111
2026-10-07 12:11:57,2026-10-07 13:16:01,2026-10-07 13:22:04,64.08,112
2026-10-07 12:12:14,2026-10-07 13:16:28,2026-10-07 13:20:09,64.23,111
2026-10-07 12:12:44,2026-10-07 13:17:03,2026-10-07 13:18:48,64.31,109
2026-10-07 12:12:45,2026-10-07 13:18:48,2026-10-07 13:23:07,66.05,110
2026-10-07 12:13:07,2026-10-07 13:20:09,2026-10-07 13:20:32,67.04,109
2026-10-07 12:13:56,2026-10-07 13:20:32,2026-10-07 13:22:28,66.59,110
2026-10-07 12:14:29,2026-10-07 13:22:04,2026-10-07 13:24:00,67.59,111
2026-10-07 12:14:33,2026-10-07 13:22:28,2026-10-07 13:24:17,67.92,112
2026-10-07 12:14:45,2026-10-07 13:23:07,2026-10-07 13:23:16,68.37,113
2026-10-07 12:15:05,2026-10-07 13:23:16,2026-10-07 13:24:12,68.19,114
2026-10-07 12:16:01,2026-10-07 13:24:00,2026-10-07 13:25:16,67.98,114
2026-10-07 12:16:19,2026-10-07 13:24:12,2026-10-07 13:28:10,67.89,114
2026-10-07 12:17:01,2026-10-07 13:24:17,2026-10-07 13:30:24,67.27,114
2026-10-07 12:17:10,2026-10-07 13:25:16,2026-10-07 13:26:28,68.1,114
2026-10-07 12:17:37,2026-10-07 13:26:28,2026-10-07 13:29:25,68.85,115
2026-10-07 12:18:15,2026-10-07 13:28:10,2026-10-07 13:28:48,69.92,115
2026-10-07 12:18:22,2026-10-07 13:28:48,2026-10-07 13:36:52,70.42,116
2026-10-07 12:18:26,2026-10-07 13:29:25,2026-10-07 13:32:20,70.99,117
2026-10-07 12:18:43,2026-10-07 13:30:24,2026-10-07 13:31:17,71.69,118
2026-10-07 12:18:49,2026-10-07 13:31:17,2026-10-07 13:34:44,72.46,119
2026-10-07 12:18:51,2026-10-07 13:32:20,2026-10-07 13:34:08,73.48,120
2026-10-07 12:19:07,2026-10-07 13:34:08,2026-10-07 13:40:55,75.0,121
2026-10-07 12:19:22,2026-10-07 13:34:44,2026-10-07 13:35:46,75.36,122
2026-10-07 12:20:41,2026-10-07 13:35:46,2026-10-07 13:40:02,75.09,121
2026-10-07 12:20:54,2026-10-07 13:36:52,2026-10-07 13:38:11,75.96,121
2026-10-07 12:21:08,2026-10-07 13:38:11,2026-10-07 13:38:16,77.06,122
2026-10-07 12:21:17,2026-10-07 13:38:16,2026-10-07 13:40:38,76.98,123
2026-10-07 12:21:31,2026-10-07 13:40:02,2026-10-07 13:46:29,78.52,124
2026-10-07 12:22:04,2026-10-07 13:40:38,2026-10-07 13:42:20,78.57,123
2026-10-07 12:22:21,2026-10-07 13:40:55,2026-10-07 13:40:56,78.57,123
2026-10-07 12:22:50,2026-10-07 13:40:56,2026-10-07 13:44:32,78.1,123
2026-10-07 12:23:12,2026-10-07 13:42:20,2026-10-07 13:43:42,79.13,122
2026-10-07 12:23:16,2026-10-07 13:43:42,2026-10-07 13:47:49,80.43,123
2026-10-07 12:24:00,2026-10-07 13:44:32,2026-10-07 13:45:33,80.53,121
2026-10-07 12:24:26,2026-10-07 13:45:33,2026-10-07 13:45:46,81.12,121
2026-10-07 12:24:30,2026-10-07 13:45:46,2026-10-07 13:46:44,81.27,122
2026-10-07 12:24:46,2026-10-07 13:46:29,2026-10-07 13:49:30,81.71,123
2026-10-07 12:25:36,2026-10-07 13:46:44,2026-10-07 13:49:52,81.12,124
2026-10-07 12:25:59,2026-10-07 13:47:49,2026-10-07 13:53:42,81.85,125
2026-10-07 12:26:21,2026-10-07 13:49:30,2026-10-07 13:50:12,83.15,126
2026-10-07 12:26:27,2026-10-07 13:49:52,2026-10-07 13:51:24,83.41,127
2026-10-07 12:26:38,2026-10-07 13:50:12,2026-10-07 13:54:59,83.56,128
2026-10-07 12:26:44,2026-10-07 13:51:24,2026-10-07 13:52:02,84.67,129
2026-10-07 12:27:06,2026-10-07 13:52:02,2026-10-07 13:53:08,84.93,128
2026-10-07 12:27:16,2026-10-07 13:53:08,2026-10-07 13:54:50,85.85,129
2026-10-07 12:28:29,2026-10-07 13:53:42,2026-10-07 13:56:43,85.21,129
2026-10-07 12:29:10,2026-10-07 13:54:50,2026-10-07 13:58:28,85.68,129
2026-10-07 12:29:13,2026-10-07 13:54:59,2026-10-07 13:59:11,85.76,130
2026-10-07 12:31:58,2026-10-07 13:56:43,2026-10-07 13:57:55,84.75,128
2026-10-07 12:32:55,2026-10-07 13:57:55,2026-10-07 14:02:35,84.99,129
2026-10-07 12:33:08,2026-10-07 13:58:28,2026-10-07 13:58:39,85.32,130
2026-10-07 12:33:27,2026-10-07 13:58:39,2026-10-07 13:59:11,85.19,131
2026-10-07 12:33:44,2026-10-07 13:59:11,2026-10-07 14:00:51,85.46,132
2026-10-07 12:34:18,2026-10-07 13:59:11,2026-10-07 14:00:20,84.9,128
2026-10-07 12:34:24,2026-10-07 14:00:20,2026-10-07 14:01:58,85.95,129
2026-10-07 12:34:29,2026-10-07 14:00:51,2026-10-07 14:02:03,86.37,130
2026-10-07 12:35:15,2026-10-07 14:01:58,2026-10-07 14:03:02,86.72,129
2026-10-07 12:38:18,2026-10-07 14:02:03,2026-10-07 14:03:29,83.76,124
2026-10-07 12:38:20,2026-10-07 14:02:35,2026-10-07 14:07:58,84.25,125
2026-10-07 12:38:33,2026-10-07 14:03:02,2026-10-07 14:03:51,84.49,126
2026-10-07 12:38:55,2026-10-07 14:03:29,2026-10-07 14:05:43,84.56,127
2026-10-07 12:39:54,2026-10-07 14:03:51,2026-10-07 14:04:22,83.95,125
2026-10-07 12:40:19,2026-10-07 14:04:22,2026-10-07 14:04:41,84.04,125
2026-10-07 12:40:42,2026-10-07 14:04:41,2026-10-07 14:09:59,83.97,126
2026-10-07 12:41:15,2026-10-07 14:05:43,2026-10-07 14:10:34,84.48,127
2026-10-07 12:41:31,2026-10-07 14:07:58,2026-10-07 14:08:12,86.46,127
2026-10-07 12:41:39,2026-10-07 14:08:12,2026-10-07 14:09:56,86.56,127
2026-10-07 12:42:32,2026-10-07 14:09:56,2026-10-07 14:11:29,87.41,128
2026-10-07 12:42:38,2026-10-07 14:09:59,2026-10-07 14:18:46,87.34,129
2026-10-07 12:43:02,2026-10-07 14:10:34,2026-10-07 14:18:01,87.54,129
2026-10-07 12:43:17,2026-10-07 14:11:29,2026-10-07 14:13:11,88.19,130
2026-10-07 12:43:33,2026-10-07 14:13:11,2026-10-07 14:13:41,89.64,131
2026-10-07 12:44:12,2026-10-07 14:13:41,2026-10-07 14:14:27,89.48,131
2026-10-07 12:44:27,2026-10-07 14:14:27,2026-10-07 14:14:47,90.01,132
2026-10-07 12:44:33,2026-10-07 14:14:47,2026-10-07 14:15:09,90.23,133
2026-10-07 12:44:42,2026-10-07 14:15:09,2026-10-07 14:18:50,90.45,133
2026-10-07 12:45:35,2026-10-07 14:18:01,2026-10-07 14:19:58,92.44,132
2026-10-07 12:46:25,2026-10-07 14:18:46,2026-10-07 14:18:49,92.34,133
2026-10-07 12:46:33,2026-10-07 14:18:49,2026-10-07 14:19:23,92.27,133
2026-10-07 12:46:47,2026-10-07 14:18:50,2026-10-07 14:21:31,92.05,133
2026-10-07 12:47:20,2026-10-07 14:19:23,2026-10-07 14:20:12,92.05,131
2026-10-07 12:47:49,2026-10-07 14:19:58,2026-10-07 14:21:05,92.14,131
2026-10-07 12:48:04,2026-10-07 14:20:12,2026-10-07 14:21:03,92.13,131
2026-10-07 12:48:04,2026-10-07 14:21:03,2026-10-07 14:23:16,92.98,132
2026-10-07 12:48:18,2026-10-07 14:21:05,2026-10-07 14:23:58,92.78,133
2026-10-07 12:48:32,2026-10-07 14:21:31,2026-10-07 14:24:20,92.99,134
2026-10-07 12:48:43,2026-10-07 14:23:16,2026-10-07 14:23:38,94.54,133
2026-10-07 12:48:44,2026-10-07 14:23:38,2026-10-07 14:31:07,94.89,134
2026-10-07 12:49:49,2026-10-07 14:23:58,2026-10-07 14:25:09,94.16,134
2026-10-07 12:50:01,2026-10-07 14:24:20,2026-10-07 14:26:24,94.31,134
2026-10-07 12:50:06,2026-10-07 14:25:09,2026-10-07 14:34:13,95.05,135
2026-10-07 12:50:56,2026-10-07 14:26:24,2026-10-07 14:28:14,95.46,135
2026-10-07 12:51:24,2026-10-07 14:28:14,2026-10-07 14:33:05,96.83,135
2026-10-07 12:51:30,2026-10-07 14:31:07,2026-10-07 14:31:37,99.62,135
2026-10-07 12:51:32,2026-10-07 14:31:37,2026-10-07 14:34:04,100.07,136
2026-10-07 12:51:38,2026-10-07 14:33:05,2026-10-07 14:35:15,101.45,137
2026-10-07 12:51:54,2026-10-07 14:34:04,2026-10-07 14:37:27,102.17,138
2026-10-07 12:51:55,2026-10-07 14:34:13,2026-10-07 14:36:20,102.3,139
2026-10-07 12:52:14,2026-10-07 14:35:15,2026-10-07 14:39:45,103.02,140
2026-10-07 12:52:32,2026-10-07 14:36:20,2026-10-07 14:37:11,103.8,141
2026-10-07 12:52:45,2026-10-07 14:37:11,2026-10-07 14:37:46,104.44,142
2026-10-07 12:52:47,2026-10-07 14:37:27,2026-10-07 14:39:07,104.67,143
2026-10-07 12:53:10,2026-10-07 14:37:46,2026-10-07 14:40:04,104.59,144
2026-10-07 12:53:25,2026-10-07 14:39:07,2026-10-07 14:40:14,105.7,145
2026-10-07 12:53:29,2026-10-07 14:39:45,2026-10-07 14:40:01,106.26,145
2026-10-07 12:54:26,2026-10-07 14:40:01,2026-10-07 14:42:38,105.59,143
2026-10-07 12:54:50,2026-10-07 14:40:04,2026-10-07 14:42:39,105.22,144
2026-10-07 12:55:29,2026-10-07 14:40:14,2026-10-07 14:42:02,104.74,145
2026-10-07 12:55:44,2026-10-07 14:42:02,2026-10-07 14:42:19,106.3,146
2026-10-07 12:55:45,2026-10-07 14:42:19,2026-10-07 14:45:03,106.57,147
2026-10-07 12:56:24,2026-10-07 14:42:38,2026-10-07 14:42:55,106.23,147
2026-10-07 12:56:52,2026-10-07 14:42:39,2026-10-07 14:43:17,105.77,146
2026-10-07 12:57:33,2026-10-07 14:42:55,2026-10-07 14:44:14,105.36,147
2026-10-07 12:57:40,2026-10-07 14:43:17,2026-10-07 14:43:27,105.61,147
2026-10-07 12:57:52,2026-10-07 14:43:27,2026-10-07 14:43:58,105.59,148
2026-10-07 12:57:55,2026-10-07 14:43:58,2026-10-07 14:44:47,106.06,149
2026-10-07 12:59:02,2026-10-07 14:44:14,2026-10-07 14:45:32,105.18,150
2026-10-07 12:59:23,2026-10-07 14:44:47,2026-10-07 14:48:05,105.4,150
2026-10-07 12:59:25,2026-10-07 14:45:03,2026-10-07 14:45:34,105.62,151
2026-10-07 13:00:19,2026-10-07 14:45:32,2026-10-07 14:46:18,105.21,148
2026-10-07 13:00:31,2026-10-07 14:45:34,2026-10-07 14:48:22,105.05,149
2026-10-07 13:00:40,2026-10-07 14:46:18,2026-10-07 14:47:42,105.62,150
2026-10-07 13:00:48,2026-10-07 14:47:42,2026-10-07 14:48:02,106.89,151
2026-10-07 13:01:17,2026-10-07 14:48:02,2026-10-07 14:48:49,106.74,152
2026-10-07 13:01:27,2026-10-07 14:48:05,2026-10-07 14:48:19,106.63,153
2026-10-07 13:01:52,2026-10-07 14:48:19,2026-10-07 14:49:54,106.45,153
2026-10-07 13:02:00,2026-10-07 14:48:22,2026-10-07 14:52:08,106.37,153
2026-10-07 13:02:12,2026-10-07 14:48:49,2026-10-07 14:50:25,106.62,153
2026-10-07 13:02:39,2026-10-07 14:49:54,2026-10-07 14:50:33,107.24,153
2026-10-07 13:02:56,2026-10-07 14:50:25,2026-10-07 14:54:06,107.48,154
2026-10-07 13:03:10,2026-10-07 14:50:33,2026-10-07 14:51:40,107.38,155
2026-10-07 13:03:19,2026-10-07 14:51:40,2026-10-07 14:52:48,108.34,156
2026-10-07 13:03:24,2026-10-07 14:52:08,2026-10-07 15:00:31,108.73,157
2026-10-07 13:04:04,2026-10-07 14:52:48,2026-10-07 14:53:39,108.73,156
2026-10-07 13:04:54,2026-10-07 14:53:39,2026-10-07 15:02:14,108.76,156
2026-10-07 13:05:20,2026-10-07 14:54:06,2026-10-07 14:55:02,108.77,157
2026-10-07 13:06:32,2026-10-07 14:55:02,2026-10-07 15:00:08,108.5,154
2026-10-07 13:06:43,2026-10-07 15:00:08,2026-10-07 15:01:11,113.43,154
2026-10-07 13:07:18,2026-10-07 15:00:31,2026-10-07 15:00:41,113.21,155
2026-10-07 13:08:10,2026-10-07 15:00:41,2026-10-07 15:03:21,112.52,153
2026-10-07 13:08:32,2026-10-07 15:01:11,2026-10-07 15:03:12,112.65,153
2026-10-07 13:09:05,2026-10-07 15:02:14,2026-10-07 15:06:39,113.14,153
2026-10-07 13:09:12,2026-10-07 15:03:12,2026-10-07 15:03:30,113.99,154
2026-10-07 13:10:05,2026-10-07 15:03:21,2026-10-07 15:04:01,113.27,151
2026-10-07 13:10:13,2026-10-07 15:03:30,2026-10-07 15:08:07,113.27,152
2026-10-07 13:10:35,2026-10-07 15:04:01,2026-10-07 15:05:35,113.42,153
2026-10-07 13:11:02,2026-10-07 15:05:35,2026-10-07 15:06:10,114.55,154
2026-10-07 13:11:22,2026-10-07 15:06:10,2026-10-07 15:06:32,114.8,154
2026-10-07 13:11:37,2026-10-07 15:06:32,2026-10-07 15:09:42,114.93,154
2026-10-07 13:12:05,2026-10-07 15:06:39,2026-10-07 15:06:59,114.56,155
2026-10-07 13:13:09,2026-10-07 15:06:59,2026-10-07 15:11:18,113.84,155
2026-10-07 13:13:13,2026-10-07 15:08:07,2026-10-07 15:12:03,114.91,156
2026-10-07 13:13:48,2026-10-07 15:09:42,2026-10-07 15:10:38,115.91,157
2026-10-07 13:14:16,2026-10-07 15:10:38,2026-10-07 15:10:56,116.36,157
2026-10-07 13:15:13,2026-10-07 15:10:56,2026-10-07 15:11:06,115.72,156
2026-10-07 13:15:23,2026-10-07 15:11:06,2026-10-07 15:14:21,115.72,157
2026-10-07 13:15:55,2026-10-07 15:11:18,2026-10-07 15:20:48,115.38,156
2026-10-07 13:16:40,2026-10-07 15:12:03,2026-10-07 15:14:54,115.39,155
2026-10-07 13:16:49,2026-10-07 15:14:21,2026-10-07 15:19:44,117.52,156
2026-10-07 13:17:00,2026-10-07 15:14:54,2026-10-07 15:15:50,117.9,157
2026-10-07 13:17:14,2026-10-07 15:15:50,2026-10-07 15:20:17,118.61,157
2026-10-07 13:17:37,2026-10-07 15:19:44,2026-10-07 15:20:54,122.12,158
2026-10-07 13:17:50,2026-10-07 15:20:17,2026-10-07 15:20:32,122.46,159
2026-10-07 13:18:17,2026-10-07 15:20:32,2026-10-07 15:24:00,122.25,160
2026-10-07 13:18:31,2026-10-07 15:20:48,2026-10-07 15:22:47,122.27,161
2026-10-07 13:18:45,2026-10-07 15:20:54,2026-10-07 15:21:15,122.16,162
2026-10-07 13:19:07,2026-10-07 15:21:15,2026-10-07 15:23:22,122.13,162
2026-10-07 13:19:26,2026-10-07 15:22:47,2026-10-07 15:27:34,123.35,163
2026-10-07 13:19:37,2026-10-07 15:23:22,2026-10-07 15:24:44,123.75,164
2026-10-07 13:20:39,2026-10-07 15:24:00,2026-10-07 15:25:58,123.35,163
2026-10-07 13:22:26,2026-10-07 15:24:44,2026-10-07 15:25:23,122.3,163
2026-10-07 13:22:38,2026-10-07 15:25:23,2026-10-07 15:26:32,122.76,163
2026-10-07 13:23:08,2026-10-07 15:25:58,2026-10-07 15:27:15,122.83,163
2026-10-07 13:23:23,2026-10-07 15:26:32,2026-10-07 15:27:48,123.16,163
2026-10-07 13:24:31,2026-10-07 15:27:15,2026-10-07 15:28:10,122.72,161
2026-10-07 13:24:42,2026-10-07 15:27:34,2026-10-07 15:27:56,122.87,162
2026-10-07 13:25:03,2026-10-07 15:27:48,2026-10-07 15:34:16,122.75,163
2026-10-07 13:25:36,2026-10-07 15:27:56,2026-10-07 15:31:51,122.34,163
2026-10-07 13:26:01,2026-10-07 15:28:10,2026-10-07 15:31:35,122.15,164
2026-10-07 13:26:26,2026-10-07 15:31:35,2026-10-07 15:34:10,125.15,165
2026-10-07 13:26:36,2026-10-07 15:31:51,2026-10-07 15:34:04,125.26,165
2026-10-07 13:26:52,2026-10-07 15:34:04,2026-10-07 15:37:14,127.21,166
2026-10-07 13:27:47,2026-10-07 15:34:10,2026-10-07 15:34:53,126.38,167
2026-10-07 13:28:06,2026-10-07 15:34:16,2026-10-07 15:41:58,126.16,168
2026-10-07 13:28:50,2026-10-07 15:34:53,2026-10-07 15:36:00,126.05,167
2026-10-07 13:28:54,2026-10-07 15:36:00,2026-10-07 15:36:34,127.11,168
2026-10-07 13:29:01,2026-10-07 15:36:34,2026-10-07 15:40:02,127.56,169
2026-10-07 13:29:31,2026-10-07 15:37:14,2026-10-07 15:37:34,127.72,169
2026-10-07 13:31:02,2026-10-07 15:37:34,2026-10-07 15:37:50,126.54,169
2026-10-07 13:31:06,2026-10-07 15:37:50,2026-10-07 15:41:07,126.74,170
2026-10-07 13:31:42,2026-10-07 15:40:02,2026-10-07 15:40:24,128.33,170
2026-10-07 13:31:46,2026-10-07 15:40:24,2026-10-07 15:42:19,128.64,171
2026-10-07 13:31:50,2026-10-07 15:41:07,2026-10-07 15:44:46,129.27,172
2026-10-07 13:33:30,2026-10-07 15:41:58,2026-10-07 15:46:02,128.46,172
2026-10-07 13:35:51,2026-10-07 15:42:19,2026-10-07 15:42:53,126.47,170
2026-10-07 13:36:12,2026-10-07 15:42:53,2026-10-07 15:45:54,126.68,171
2026-10-07 13:36:16,2026-10-07 15:44:46,2026-10-07 15:44:55,128.49,172
2026-10-07 13:36:27,2026-10-07 15:44:55,2026-10-07 15:45:50,128.47,173
2026-10-07 13:38:09,2026-10-07 15:45:50,2026-10-07 15:58:30,127.69,173
2026-10-07 13:38:42,2026-10-07 15:45:54,2026-10-07 15:46:56,127.2,172
2026-10-07 13:38:45,2026-10-07 15:46:02,2026-10-07 15:48:41,127.28,173
2026-10-07 13:39:02,2026-10-07 15:46:56,2026-10-07 15:47:24,127.91,174
2026-10-07 13:39:09,2026-10-07 15:47:24,2026-10-07 15:53:28,128.25,175
2026-10-07 13:40:16,2026-10-07 15:48:41,2026-10-07 15:48:49,128.43,175
2026-10-07 13:40:55,2026-10-07 15:48:49,2026-10-07 15:53:50,127.9,175
2026-10-07 13:41:46,2026-10-07 15:53:28,2026-10-07 15:54:28,131.71,174
2026-10-07 13:42:02,2026-10-07 15:53:50,2026-10-07 15:54:24,131.8,175
2026-10-07 13:43:16,2026-10-07 15:54:24,2026-10-07 15:55:27,131.14,175
2026-10-07 13:43:20,2026-10-07 15:54:28,2026-10-07 15:55:19,131.14,176
2026-10-07 13:43:21,2026-10-07 15:55:19,2026-10-07 15:55:35,131.96,177
2026-10-07 13:44:27,2026-10-07 15:55:27,2026-10-07 16:00:08,131.0,177
2026-10-07 13:44:42,2026-10-07 15:55:35,2026-10-07 15:56:06,130.88,177
2026-10-07 13:44:43,2026-10-07 15:56:06,2026-10-07 15:57:14,131.39,178
2026-10-07 13:45:43,2026-10-07 15:57:14,2026-10-07 15:58:54,131.52,178
2026-10-07 13:46:27,2026-10-07 15:58:30,2026-10-07 16:00:21,132.05,178
2026-10-07 13:46:58,2026-10-07 15:58:54,2026-10-07 15:59:19,131.92,177
2026-10-07 13:48:26,2026-10-07 15:59:19,2026-10-07 15:59:57,130.88,177
2026-10-07 13:48:27,2026-10-07 15:59:57,2026-10-07 16:00:18,131.51,178
2026-10-07 13:48:52,2026-10-07 16:00:08,2026-10-07 16:01:09,131.27,179
2026-10-07 13:49:12,2026-10-07 16:00:18,2026-10-07 16:00:22,131.1,180
2026-10-07 13:50:03,2026-10-07 16:00:21,2026-10-07 16:05:03,130.3,179
2026-10-07 13:50:08,2026-10-07 16:00:22,2026-10-07 16:01:28,130.24,180
2026-10-07 13:50:23,2026-10-07 16:01:09,2026-10-07 16:05:07,130.77,180
2026-10-07 13:52:19,2026-10-07 16:01:28,2026-10-07 16:03:03,129.14,179
2026-10-07 13:53:04,2026-10-07 16:03:03,2026-10-07 16:04:56,129.98,180
2026-10-07 13:53:24,2026-10-07 16:04:56,2026-10-07 16:07:09,131.53,180
2026-10-07 13:53:33,2026-10-07 16:05:03,2026-10-07 16:06:02,131.5,181
2026-10-07 13:54:15,2026-10-07 16:05:07,2026-10-07 16:06:02,130.86,181
2026-10-07 13:54:28,2026-10-07 16:06:02,2026-10-07 16:08:25,131.56,182
2026-10-07 13:54:40,2026-10-07 16:06:02,2026-10-07 16:06:09,131.36,183
2026-10-07 13:54:46,2026-10-07 16:06:09,2026-10-07 16:06:20,131.39,184
2026-10-07 13:55:05,2026-10-07 16:06:20,2026-10-07 16:06:56,131.25,183
2026-10-07 13:55:20,2026-10-07 16:06:56,2026-10-07 16:06:59,131.61,184
2026-10-07 13:56:28,2026-10-07 16:06:59,2026-10-07 16:11:13,130.52,185
2026-10-07 13:56:38,2026-10-07 16:07:09,2026-10-07 16:11:17,130.52,186
2026-10-07 13:56:38,2026-10-07 16:08:25,2026-10-07 16:09:08,131.78,187
2026-10-07 13:57:23,2026-10-07 16:09:08,2026-10-07 16:15:10,131.75,187
2026-10-07 13:58:21,2026-10-07 16:11:13,2026-10-07 16:14:37,132.87,187
2026-10-07 13:58:31,2026-10-07 16:11:17,2026-10-07 16:16:09,132.78,187
2026-10-07 13:58:36,2026-10-07 16:14:37,2026-10-07 16:15:24,136.02,188
2026-10-07 13:58:42,2026-10-07 16:15:10,2026-10-07 16:15:36,136.47,188
2026-10-07 13:58:49,2026-10-07 16:15:24,2026-10-07 16:18:17,136.58,189
2026-10-07 13:58:59,2026-10-07 16:15:36,2026-10-07 16:18:14,136.61,190
2026-10-07 13:59:04,2026-10-07 16:16:09,2026-10-07 16:18:09,137.08,191
2026-10-07 13:59:07,2026-10-07 16:18:09,2026-10-07 16:18:13,139.04,192
2026-10-07 13:59:09,2026-10-07 16:18:13,2026-10-07 16:20:36,139.07,193
2026-10-07 13:59:21,2026-10-07 16:18:14,2026-10-07 16:20:59,138.88,192
2026-10-07 13:59:35,2026-10-07 16:18:17,2026-10-07 16:20:01,138.69,193
2026-10-07 14:00:13,2026-10-07 16:20:01,2026-10-07 16:20:30,139.8,194
2026-10-07 14:00:44,2026-10-07 16:20:30,2026-10-07 16:24:44,139.76,194
2026-10-07 14:01:38,2026-10-07 16:20:36,2026-10-07 16:24:50,138.96,194
2026-10-07 14:01:50,2026-10-07 16:20:59,2026-10-07 16:22:08,139.14,195
2026-10-07 14:02:38,2026-10-07 16:22:08,2026-10-07 16:26:13,139.49,193
2026-10-07 14:04:05,2026-10-07 16:24:44,2026-10-07 16:25:20,140.65,191
2026-10-07 14:04:07,2026-10-07 16:24:50,2026-10-07 16:25:43,140.72,192
2026-10-07 14:05:09,2026-10-07 16:25:20,2026-10-07 16:26:55,140.19,191
2026-10-07 14:05:41,2026-10-07 16:25:43,2026-10-07 16:26:13,140.03,192
2026-10-07 14:06:05,2026-10-07 16:26:13,2026-10-07 16:36:29,140.13,192
2026-10-07 14:06:46,2026-10-07 16:26:13,2026-10-07 16:29:37,139.45,193
2026-10-07 14:06:54,2026-10-07 16:26:55,2026-10-07 16:29:36,140.01,194
2026-10-07 14:07:26,2026-10-07 16:29:36,2026-10-07 16:29:44,142.16,195
2026-10-07 14:08:29,2026-10-07 16:29:37,2026-10-07 16:31:35,141.14,194
2026-10-07 14:08:32,2026-10-07 16:29:44,2026-10-07 16:34:58,141.21,195
2026-10-07 14:08:41,2026-10-07 16:31:35,2026-10-07 16:32:08,142.9,196
2026-10-07 14:09:22,2026-10-07 16:32:08,2026-10-07 16:35:40,142.77,197
2026-10-07 14:09:47,2026-10-07 16:34:58,2026-10-07 16:35:34,145.19,198
2026-10-07 14:10:23,2026-10-07 16:35:34,2026-10-07 16:36:01,145.19,197
2026-10-07 14:10:25,2026-10-07 16:35:40,2026-10-07 16:35:57,145.24,198
2026-10-07 14:11:02,2026-10-07 16:35:57,2026-10-07 16:37:33,144.91,198
2026-10-07 14:11:22,2026-10-07 16:36:01,2026-10-07 16:36:39,144.66,199
2026-10-07 14:13:16,2026-10-07 16:36:29,2026-10-07 16:47:23,143.23,198
2026-10-07 14:13:44,2026-10-07 16:36:39,2026-10-07 16:42:24,142.91,198
2026-10-07 14:15:27,2026-10-07 16:37:33,2026-10-07 16:40:56,142.11,196
2026-10-07 14:15:38,2026-10-07 16:40:56,2026-10-07 16:47:21,145.3,197
2026-10-07 14:15:42,2026-10-07 16:42:24,2026-10-07 16:42:30,146.69,198
2026-10-07 14:16:18,2026-10-07 16:42:30,2026-10-07 16:57:26,146.21,199
2026-10-07 14:16:45,2026-10-07 16:47:21,2026-10-07 16:50:26,150.6,200
2026-10-07 14:16:48,2026-10-07 16:47:23,2026-10-07 16:48:41,150.58,201
2026-10-07 14:17:55,2026-10-07 16:48:41,2026-10-07 16:52:26,150.76,202
2026-10-07 14:18:02,2026-10-07 16:50:26,2026-10-07 16:57:24,152.41,202
2026-10-07 14:18:12,2026-10-07 16:52:26,2026-10-07 16:53:58,154.24,203
2026-10-07 14:18:37,2026-10-07 16:53:58,2026-10-07 16:55:08,155.35,204
2026-10-07 14:18:48,2026-10-07 16:55:08,2026-10-07 16:55:29,156.33,204
2026-10-07 14:19:50,2026-10-07 16:55:29,2026-10-07 16:57:42,155.64,202
2026-10-07 14:20:47,2026-10-07 16:57:24,2026-10-07 16:57:58,156.62,201
2026-10-07 14:20:58,2026-10-07 16:57:26,2026-10-07 17:01:04,156.46,202
2026-10-07 14:21:38,2026-10-07 16:57:42,2026-10-07 17:01:03,156.06,200
2026-10-07 14:21:44,2026-10-07 16:57:58,2026-10-07 17:01:22,156.24,201
2026-10-07 14:22:24,2026-10-07 17:01:03,2026-10-07 17:07:30,158.65,202
2026-10-07 14:22:27,2026-10-07 17:01:04,2026-10-07 17:03:49,158.61,203
2026-10-07 14:23:36,2026-10-07 17:01:22,2026-10-07 17:02:07,157.76,203
2026-10-07 14:23:57,2026-10-07 17:02:07,2026-10-07 17:04:59,158.15,203
2026-10-07 14:25:19,2026-10-07 17:03:49,2026-10-07 17:03:55,158.5,201
2026-10-07 14:25:22,2026-10-07 17:03:55,2026-10-07 17:04:39,158.55,202
2026-10-07 14:26:27,2026-10-07 17:04:39,2026-10-07 17:05:31,158.2,202
2026-10-07 14:27:01,2026-10-07 17:04:59,2026-10-07 17:07:22,157.96,203
2026-10-07 14:27:13,2026-10-07 17:05:31,2026-10-07 17:10:03,158.3,204
2026-10-07 14:27:52,2026-10-07 17:07:22,2026-10-07 17:08:51,159.49,205
2026-10-07 14:28:02,2026-10-07 17:07:30,2026-10-07 17:10:39,159.46,206
2026-10-07 14:28:43,2026-10-07 17:08:51,2026-10-07 17:09:23,160.14,206
2026-10-07 14:29:33,2026-10-07 17:09:23,2026-10-07 17:13:50,159.84,207
2026-10-07 14:30:07,2026-10-07 17:10:03,2026-10-07 17:13:38,159.94,208
2026-10-07 14:30:07,2026-10-07 17:10:39,2026-10-07 17:13:07,160.52,209
2026-10-07 14:30:42,2026-10-07 17:13:07,2026-10-07 17:14:29,162.41,210
2026-10-07 14:31:04,2026-10-07 17:13:38,2026-10-07 17:14:09,162.57,211
2026-10-07 14:31:12,2026-10-07 17:13:50,2026-10-07 17:14:13,162.63,211
2026-10-07 14:31:15,2026-10-07 17:14:09,2026-10-07 17:15:00,162.9,212
2026-10-07 14:32:31,2026-10-07 17:14:13,2026-10-07 17:17:56,161.69,212
2026-10-07 14:32:48,2026-10-07 17:14:29,2026-10-07 17:14:32,161.69,213
2026-10-07 14:33:30,2026-10-07 17:14:32,2026-10-07 17:18:47,161.03,213
2026-10-07 14:34:02,2026-10-07 17:15:00,2026-10-07 17:17:13,160.96,214
2026-10-07 14:34:12,2026-10-07 17:17:13,2026-10-07 17:19:20,163.02,214
2026-10-07 14:34:58,2026-10-07 17:17:56,2026-10-07 17:20:54,162.97,214
2026-10-07 14:35:10,2026-10-07 17:18:47,2026-10-07 17:19:40,163.62,215
2026-10-07 14:35:23,2026-10-07 17:19:20,2026-10-07 17:20:03,163.95,215
2026-10-07 14:35:26,2026-10-07 17:19:40,2026-10-07 17:22:02,164.23,216
2026-10-07 14:35:30,2026-10-07 17:20:03,2026-10-07 17:20:46,164.55,217
2026-10-07 14:35:41,2026-10-07 17:20:46,2026-10-07 17:25:24,165.08,218
2026-10-07 14:35:42,2026-10-07 17:20:54,2026-10-07 17:21:52,165.21,219
2026-10-07 14:35:59,2026-10-07 17:21:52,2026-10-07 17:21:56,165.89,220
2026-10-07 14:36:07,2026-10-07 17:21:56,2026-10-07 17:23:36,165.82,221
2026-10-07 14:36:10,2026-10-07 17:22:02,2026-10-07 17:26:10,165.86,222
2026-10-07 14:36:37,2026-10-07 17:23:36,2026-10-07 17:28:34,166.98,222
2026-10-07 14:36:40,2026-10-07 17:25:24,2026-10-07 17:29:27,168.74,223
2026-10-07 14:37:00,2026-10-07 17:26:10,2026-10-07 17:33:51,169.17,224
2026-10-07 14:37:47,2026-10-07 17:28:34,2026-10-07 17:30:28,170.78,222
2026-10-07 14:37:49,2026-10-07 17:29:27,2026-10-07 17:29:29,171.64,223
2026-10-07 14:38:00,2026-10-07 17:29:29,2026-10-07 17:35:15,171.49,224
2026-10-07 14:38:10,2026-10-07 17:30:28,2026-10-07 17:30:48,172.31,225
2026-10-07 14:38:16,2026-10-07 17:30:48,2026-10-07 17:35:39,172.54,226
2026-10-07 14:38:40,2026-10-07 17:33:51,2026-10-07 17:34:55,175.18,227
2026-10-07 14:39:21,2026-10-07 17:34:55,2026-10-07 17:35:43,175.56,227
2026-10-07 14:39:26,2026-10-07 17:35:15,2026-10-07 17:35:33,175.81,228
2026-10-07 14:40:24,2026-10-07 17:35:33,2026-10-07 17:35:37,175.16,225
2026-10-07 14:41:09,2026-10-07 17:35:37,2026-10-07 17:39:44,174.46,226
2026-10-07 14:41:54,2026-10-07 17:35:39,2026-10-07 17:38:44,173.74,227
2026-10-07 14:42:25,2026-10-07 17:35:43,2026-10-07 17:37:24,173.3,226
2026-10-07 14:42:41,2026-10-07 17:37:24,2026-10-07 17:41:51,174.71,225
2026-10-07 14:42:45,2026-10-07 17:38:44,2026-10-07 17:46:53,175.99,226
2026-10-07 14:42:46,2026-10-07 17:39:44,2026-10-07 17:40:03,176.98,227
2026-10-07 14:43:41,2026-10-07 17:40:03,2026-10-07 17:43:01,176.38,225
2026-10-07 14:44:01,2026-10-07 17:41:51,2026-10-07 17:43:05,177.84,225
2026-10-07 14:44:21,2026-10-07 17:43:01,2026-10-07 17:43:28,178.65,225
2026-10-07 14:44:25,2026-10-07 17:43:05,2026-10-07 17:47:42,178.66,226
2026-10-07 14:44:36,2026-10-07 17:43:28,2026-10-07 17:44:38,178.87,227
2026-10-07 14:44:46,2026-10-07 17:44:38,2026-10-07 17:48:19,179.86,228
2026-10-07 14:45:06,2026-10-07 17:46:53,2026-10-07 17:48:26,181.78,227
2026-10-07 14:45:21,2026-10-07 17:47:42,2026-10-07 17:52:30,182.34,228
2026-10-07 14:45:40,2026-10-07 17:48:19,2026-10-07 17:49:18,182.64,227
2026-10-07 14:46:56,2026-10-07 17:48:26,2026-10-07 17:48:29,181.49,227
2026-10-07 14:47:09,2026-10-07 17:48:29,2026-10-07 17:49:22,181.32,228
2026-10-07 14:48:35,2026-10-07 17:49:18,2026-10-07 17:49:42,180.71,224
2026-10-07 14:49:57,2026-10-07 17:49:22,2026-10-07 17:50:38,179.42,223
2026-10-07 14:49:57,2026-10-07 17:49:42,2026-10-07 17:50:02,179.74,224
2026-10-07 14:50:26,2026-10-07 17:50:02,2026-10-07 17:51:26,179.6,224
2026-10-07 14:51:00,2026-10-07 17:50:38,2026-10-07 17:51:14,179.64,224
2026-10-07 14:51:27,2026-10-07 17:51:14,2026-10-07 17:53:17,179.79,225
2026-10-07 14:51:28,2026-10-07 17:51:26,2026-10-07 17:52:03,179.97,226
2026-10-07 14:52:03,2026-10-07 17:52:03,2026-10-07 17:52:05,179.99,226
2026-10-07 14:52:29,2026-10-07 17:52:05,2026-10-07 17:54:51,179.6,226
2026-10-07 14:53:00,2026-10-07 17:52:30,2026-10-07 17:55:14,179.49,226
2026-10-07 14:53:12,2026-10-07 17:53:17,2026-10-07 17:58:31,180.09,227
2026-10-07 14:53:50,2026-10-07 17:54:51,2026-10-07 18:01:12,181.03,227
2026-10-07 14:54:05,2026-10-07 17:55:14,2026-10-07 17:57:25,181.15,228
2026-10-07 14:54:30,2026-10-07 17:57:25,2026-10-07 17:58:44,182.91,228
2026-10-07 14:55:02,2026-10-07 17:58:31,2026-10-07 18:00:35,183.49,228
2026-10-07 14:55:34,2026-10-07 17:58:44,2026-10-07 18:01:37,183.17,229
2026-10-07 14:55:34,2026-10-07 18:00:35,2026-10-07 18:06:33,185.01,230
2026-10-07 14:56:12,2026-10-07 18:01:12,2026-10-07 18:04:31,185.0,231
2026-10-07 14:56:46,2026-10-07 18:01:37,2026-10-07 18:01:57,184.85,232
2026-10-07 14:57:33,2026-10-07 18:01:57,2026-10-07 18:05:39,184.39,233
2026-10-07 14:57:47,2026-10-07 18:04:31,2026-10-07 18:05:08,186.74,234
2026-10-07 14:58:04,2026-10-07 18:05:08,2026-10-07 18:07:33,187.07,235
2026-10-07 14:58:16,2026-10-07 18:05:39,2026-10-07 18:06:49,187.38,236
2026-10-07 14:59:03,2026-10-07 18:06:33,2026-10-07 18:06:54,187.5,237
2026-10-07 15:00:54,2026-10-07 18:06:49,2026-10-07 18:08:45,185.91,235
2026-10-07 15:01:00,2026-10-07 18:06:54,2026-10-07 18:07:00,185.9,236
2026-10-07 15:02:05,2026-10-07 18:07:00,2026-10-07 18:08:07,184.92,236
2026-10-07 15:02:34,2026-10-07 18:07:33,2026-10-07 18:09:35,185.0,236
2026-10-07 15:03:37,2026-10-07 18:08:07,2026-10-07 18:08:24,184.51,234
2026-10-07 15:03:51,2026-10-07 18:08:24,2026-10-07 18:12:07,184.55,235
2026-10-07 15:04:13,2026-10-07 18:08:45,2026-10-07 18:09:11,184.54,235
2026-10-07 15:04:32,2026-10-07 18:09:11,2026-10-07 18:11:53,184.65,236
2026-10-07 15:04:48,2026-10-07 18:09:35,2026-10-07 18:09:36,184.78,237
2026-10-07 15:05:37,2026-10-07 18:09:36,2026-10-07 18:23:06,183.98,237
2026-10-07 15:05:50,2026-10-07 18:11:53,2026-10-07 18:12:53,186.05,238
2026-10-07 15:06:02,2026-10-07 18:12:07,2026-10-07 18:13:05,186.09,239
2026-10-07 15:06:19,2026-10-07 18:12:53,2026-10-07 18:15:18,186.57,239
2026-10-07 15:07:53,2026-10-07 18:13:05,2026-10-07 18:13:19,185.21,237
2026-10-07 15:08:22,2026-10-07 18:13:19,2026-10-07 18:17:53,184.96,237
2026-10-07 15:10:02,2026-10-07 18:15:18,2026-10-07 18:16:38,185.27,237
2026-10-07 15:10:27,2026-10-07 18:16:38,2026-10-07 18:18:33,186.18,238
2026-10-07 15:10:55,2026-10-07 18:17:53,2026-10-07 18:18:14,186.97,238
2026-10-07 15:11:01,2026-10-07 18:18:14,2026-10-07 18:18:37,187.22,238
2026-10-07 15:11:39,2026-10-07 18:18:33,2026-10-07 18:29:58,186.9,237
2026-10-07 15:12:02,2026-10-07 18:18:37,2026-10-07 18:18:55,186.6,238
2026-10-07 15:12:16,2026-10-07 18:18:55,2026-10-07 18:19:23,186.65,238
2026-10-07 15:12:16,2026-10-07 18:19:23,2026-10-07 18:19:32,187.11,239
2026-10-07 15:12:42,2026-10-07 18:19:32,2026-10-07 18:20:38,186.84,240
2026-10-07 15:13:18,2026-10-07 18:20:38,2026-10-07 18:21:32,187.33,241
2026-10-07 15:13:23,2026-10-07 18:21:32,2026-10-07 18:22:36,188.14,242
2026-10-07 15:13:48,2026-10-07 18:22:36,2026-10-07 18:26:43,188.8,243
2026-10-07 15:14:51,2026-10-07 18:23:06,2026-10-07 18:38:17,188.26,243
2026-10-07 15:15:00,2026-10-07 18:26:43,2026-10-07 18:29:06,191.71,243
2026-10-07 15:15:05,2026-10-07 18:29:06,2026-10-07 18:29:32,194.0,244
2026-10-07 15:15:13,2026-10-07 18:29:32,2026-10-07 18:31:12,194.33,245
2026-10-07 15:15:57,2026-10-07 18:29:58,2026-10-07 18:34:35,194.02,245
2026-10-07 15:17:14,2026-10-07 18:31:12,2026-10-07 18:32:11,193.96,246
2026-10-07 15:17:37,2026-10-07 18:32:11,2026-10-07 18:32:50,194.56,247
2026-10-07 15:18:02,2026-10-07 18:32:50,2026-10-07 18:32:56,194.8,248
2026-10-07 15:18:42,2026-10-07 18:32:56,2026-10-07 18:34:06,194.23,249
2026-10-07 15:19:18,2026-10-07 18:34:06,2026-10-07 18:36:52,194.8,250
2026-10-07 15:20:14,2026-10-07 18:34:35,2026-10-07 18:36:01,194.36,250
2026-10-07 15:20:22,2026-10-07 18:36:01,2026-10-07 18:37:56,195.66,250
2026-10-07 15:20:43,2026-10-07 18:36:52,2026-10-07 18:37:18,196.16,250
2026-10-07 15:20:55,2026-10-07 18:37:18,2026-10-07 18:37:21,196.38,249
2026-10-07 15:21:07,2026-10-07 18:37:21,2026-10-07 18:37:31,196.23,250
2026-10-07 15:21:12,2026-10-07 18:37:31,2026-10-07 18:39:13,196.3,251
2026-10-07 15:21:13,2026-10-07 18:37:56,2026-10-07 18:38:32,196.7,252
2026-10-07 15:22:19,2026-10-07 18:38:17,2026-10-07 18:39:29,195.97,252
2026-10-07 15:23:38,2026-10-07 18:38:32,2026-10-07 18:44:58,194.9,251
2026-10-07 15:23:48,2026-10-07 18:39:13,2026-10-07 18:39:59,195.43,252
2026-10-07 15:23:50,2026-10-07 18:39:29,2026-10-07 18:40:27,195.66,253
2026-10-07 15:23:53,2026-10-07 18:39:59,2026-10-07 18:40:53,196.1,254
2026-10-07 15:24:15,2026-10-07 18:40:27,2026-10-07 18:40:38,196.2,254
2026-10-07 15:24:16,2026-10-07 18:40:38,2026-10-07 18:41:49,196.38,255
2026-10-07 15:24:44,2026-10-07 18:40:53,2026-10-07 18:45:24,196.14,255
2026-10-07 15:25:21,2026-10-07 18:41:49,2026-10-07 18:42:51,196.48,256
2026-10-07 15:25:37,2026-10-07 18:42:51,2026-10-07 18:43:04,197.23,256
2026-10-07 15:26:21,2026-10-07 18:43:04,2026-10-07 18:45:15,196.73,256
2026-10-07 15:27:00,2026-10-07 18:44:58,2026-10-07 18:46:30,197.97,256
2026-10-07 15:27:56,2026-10-07 18:45:15,2026-10-07 18:46:23,197.32,254
2026-10-07 15:29:06,2026-10-07 18:45:24,2026-10-07 18:47:19,196.29,253
2026-10-07 15:30:14,2026-10-07 18:46:23,2026-10-07 18:50:36,196.15,254
2026-10-07 15:31:33,2026-10-07 18:46:30,2026-10-07 18:46:48,194.94,255
2026-10-07 15:31:35,2026-10-07 18:46:48,2026-10-07 18:47:24,195.21,256
2026-10-07 15:31:40,2026-10-07 18:47:19,2026-10-07 18:48:08,195.65,256
2026-10-07 15:32:49,2026-10-07 18:47:24,2026-10-07 18:53:46,194.58,256
2026-10-07 15:33:02,2026-10-07 18:48:08,2026-10-07 18:49:51,195.1,257
2026-10-07 15:33:11,2026-10-07 18:49:51,2026-10-07 18:50:02,196.67,258
2026-10-07 15:33:40,2026-10-07 18:50:02,2026-10-07 18:51:23,196.36,259
2026-10-07 15:33:41,2026-10-07 18:50:36,2026-10-07 18:51:13,196.91,260
2026-10-07 15:34:32,2026-10-07 18:51:13,2026-10-07 18:52:09,196.69,258
2026-10-07 15:34:58,2026-10-07 18:51:23,2026-10-07 18:54:06,196.42,258
2026-10-07 15:35:17,2026-10-07 18:52:09,2026-10-07 18:56:15,196.88,259
2026-10-07 15:35:21,2026-10-07 18:53:46,2026-10-07 18:55:03,198.42,260
2026-10-07 15:35:49,2026-10-07 18:54:06,2026-10-07 18:54:55,198.29,261
2026-10-07 15:36:12,2026-10-07 18:54:55,2026-10-07 18:56:42,198.72,261
2026-10-07 15:37:04,2026-10-07 18:55:03,2026-10-07 18:56:07,197.99,261
2026-10-07 15:38:13,2026-10-07 18:56:07,2026-10-07 18:59:58,197.9,259
2026-10-07 15:38:46,2026-10-07 18:56:15,2026-10-07 18:56:56,197.48,260
2026-10-07 15:38:52,2026-10-07 18:56:42,2026-10-07 18:58:07,197.82,261
2026-10-07 15:40:34,2026-10-07 18:56:56,2026-10-07 19:04:15,196.36,260
2026-10-07 15:40:54,2026-10-07 18:58:07,2026-10-07 18:58:41,197.23,261
2026-10-07 15:41:33,2026-10-07 18:58:41,2026-10-07 19:00:11,197.14,261
2026-10-07 15:41:35,2026-10-07 18:59:58,2026-10-07 19:00:18,198.4,262
2026-10-07 15:41:45,2026-10-07 19:00:11,2026-10-07 19:02:58,198.43,263
2026-10-07 15:42:10,2026-10-07 19:00:18,2026-10-07 19:01:25,198.14,263
2026-10-07 15:45:29,2026-10-07 19:01:25,2026-10-07 19:05:37,195.93,260
2026-10-07 15:45:38,2026-10-07 19:02:58,2026-10-07 19:05:59,197.33,261
2026-10-07 15:45:58,2026-10-07 19:04:15,2026-10-07 19:04:26,198.28,260
2026-10-07 15:46:27,2026-10-07 19:04:26,2026-10-07 19:05:20,197.98,260
2026-10-07 15:46:57,2026-10-07 19:05:20,2026-10-07 19:05:26,198.38,260
2026-10-07 15:47:33,2026-10-07 19:05:26,2026-10-07 19:09:59,197.88,260
2026-10-07 15:47:55,2026-10-07 19:05:37,2026-10-07 19:07:48,197.7,261
2026-10-07 15:48:27,2026-10-07 19:05:59,2026-10-07 19:06:06,197.53,262
2026-10-07 15:49:05,2026-10-07 19:06:06,2026-10-07 19:07:17,197.01,261
2026-10-07 15:49:17,2026-10-07 19:07:17,2026-10-07 19:08:36,198.0,262
2026-10-07 15:49:19,2026-10-07 19:07:48,2026-10-07 19:08:46,198.49,263
2026-10-07 15:50:41,2026-10-07 19:08:36,2026-10-07 19:13:57,197.91,264
2026-10-07 15:51:03,2026-10-07 19:08:46,2026-10-07 19:08:58,197.72,265
2026-10-07 15:51:05,2026-10-07 19:08:58,2026-10-07 19:11:10,197.89,266
2026-10-07 15:52:03,2026-10-07 19:09:59,2026-10-07 19:10:43,197.93,267
2026-10-07 15:52:24,2026-10-07 19:10:43,2026-10-07 19:19:19,198.32,268
2026-10-07 15:53:17,2026-10-07 19:11:10,2026-10-07 19:13:08,197.89,269
2026-10-07 15:53:18,2026-10-07 19:13:08,2026-10-07 19:15:11,199.84,270
2026-10-07 15:53:28,2026-10-07 19:13:57,2026-10-07 19:15:12,200.48,271
2026-10-07 15:53:42,2026-10-07 19:15:11,2026-10-07 19:20:47,201.5,271
2026-10-07 15:54:03,2026-10-07 19:15:12,2026-10-07 19:15:22,201.14,271
2026-10-07 15:54:12,2026-10-07 19:15:22,2026-10-07 19:19:18,201.16,272
2026-10-07 15:54:14,2026-10-07 19:19:18,2026-10-07 19:21:12,205.06,273
2026-10-07 15:55:02,2026-10-07 19:19:19,2026-10-07 19:19:41,204.28,272
2026-10-07 15:55:17,2026-10-07 19:19:41,2026-10-07 19:21:42,204.4,273
2026-10-07 15:55:29,2026-10-07 19:20:47,2026-10-07 19:26:35,205.3,272
2026-10-07 15:56:31,2026-10-07 19:21:12,2026-10-07 19:24:16,204.68,271
2026-10-07 15:57:02,2026-10-07 19:21:42,2026-10-07 19:24:43,204.68,272
2026-10-07 15:57:05,2026-10-07 19:24:16,2026-10-07 19:26:54,207.19,273
2026-10-07 15:57:58,2026-10-07 19:24:43,2026-10-07 19:26:08,206.73,273
2026-10-07 15:59:18,2026-10-07 19:26:08,2026-10-07 19:27:12,206.83,272
2026-10-07 15:59:53,2026-10-07 19:26:35,2026-10-07 19:27:28,206.7,272
2026-10-07 16:00:14,2026-10-07 19:26:54,2026-10-07 19:28:48,206.66,271
2026-10-07 16:00:22,2026-10-07 19:27:12,2026-10-07 19:28:04,206.82,269
2026-10-07 16:01:07,2026-10-07 19:27:28,2026-10-07 19:34:52,206.34,270
2026-10-07 16:01:20,2026-10-07 19:28:04,2026-10-07 19:29:49,206.74,270
2026-10-07 16:01:42,2026-10-07 19:28:48,2026-10-07 19:29:29,207.1,270
2026-10-07 16:01:57,2026-10-07 19:29:29,2026-10-07 19:36:01,207.54,271
2026-10-07 16:02:38,2026-10-07 19:29:49,2026-10-07 19:31:19,207.18,272
2026-10-07 16:02:48,2026-10-07 19:31:19,2026-10-07 19:34:04,208.5,273
2026-10-07 16:02:55,2026-10-07 19:34:04,2026-10-07 19:36:56,211.16,274
2026-10-07 16:03:59,2026-10-07 19:34:52,2026-10-07 19:38:37,210.89,274
2026-10-07 16:04:20,2026-10-07 19:36:01,2026-10-07 19:37:02,211.68,275
2026-10-07 16:04:29,2026-10-07 19:36:56,2026-10-07 19:40:39,212.46,276
2026-10-07 16:07:10,2026-10-07 19:37:02,2026-10-07 19:39:40,209.87,267
2026-10-07 16:07:26,2026-10-07 19:38:37,2026-10-07 19:40:42,211.19,268
2026-10-07 16:08:37,2026-10-07 19:39:40,2026-10-07 19:50:27,211.05,268
2026-10-07 16:09:12,2026-10-07 19:40:39,2026-10-07 19:46:36,211.46,268
2026-10-07 16:09:23,2026-10-07 19:40:42,2026-10-07 19:41:43,211.32,269
2026-10-07 16:09:41,2026-10-07 19:41:43,2026-10-07 19:51:01,212.04,270
2026-10-07 16:10:06,2026-10-07 19:46:36,2026-10-07 19:46:38,216.49,271
2026-10-07 16:10:31,2026-10-07 19:46:38,2026-10-07 19:47:18,216.11,272
2026-10-07 16:10:48,2026-10-07 19:47:18,2026-10-07 19:51:48,216.5,273
2026-10-07 16:11:02,2026-10-07 19:50:27,2026-10-07 19:56:13,219.42,274
2026-10-07 16:11:31,2026-10-07 19:51:01,2026-10-07 19:54:05,219.49,273
2026-10-07 16:11:42,2026-10-07 19:51:48,2026-10-07 19:53:04,220.1,274
2026-10-07 16:11:57,2026-10-07 19:53:04,2026-10-07 19:54:15,221.11,275
2026-10-07 16:12:18,2026-10-07 19:54:05,2026-10-07 19:59:15,221.79,276
2026-10-07 16:12:19,2026-10-07 19:54:15,2026-10-07 19:55:37,221.93,277
2026-10-07 16:12:41,2026-10-07 19:55:37,2026-10-07 19:56:33,222.94,278
2026-10-07 16:13:25,2026-10-07 19:56:13,2026-10-07 19:56:20,222.8,279
2026-10-07 16:13:37,2026-10-07 19:56:20,2026-10-07 19:58:36,222.72,280
2026-10-07 16:13:53,2026-10-07 19:56:33,2026-10-07 19:57:26,222.66,281
2026-10-07 16:14:13,2026-10-07 19:57:26,2026-10-07 20:02:33,223.22,282
2026-10-07 16:14:59,2026-10-07 19:58:36,2026-10-07 20:00:08,223.62,282
2026-10-07 16:15:00,2026-10-07 19:59:15,2026-10-07 20:01:52,224.26,283
2026-10-07 16:15:16,2026-10-07 20:00:08,2026-10-07 20:00:54,224.86,283
2026-10-07 16:15:30,2026-10-07 20:00:54,2026-10-07 20:01:12,225.41,283
2026-10-07 16:15:45,2026-10-07 20:01:12,2026-10-07 20:04:36,225.44,283
2026-10-07 16:16:51,2026-10-07 20:01:52,2026-10-07 20:03:56,225.02,283
2026-10-07 16:17:19,2026-10-07 20:02:33,2026-10-07 20:06:37,225.23,284
2026-10-07 16:18:02,2026-10-07 20:03:56,2026-10-07 20:10:06,225.91,285
2026-10-07 16:18:17,2026-10-07 20:04:36,2026-10-07 20:06:09,226.31,282
2026-10-07 16:18:33,2026-10-07 20:06:09,2026-10-07 20:06:45,227.6,283
2026-10-07 16:19:24,2026-10-07 20:06:37,2026-10-07 20:08:32,227.22,284
2026-10-07 16:19:51,2026-10-07 20:06:45,2026-10-07 20:07:19,226.9,285
2026-10-07 16:19:54,2026-10-07 20:07:19,2026-10-07 20:13:32,227.42,286
2026-10-07 16:20:33,2026-10-07 20:08:32,2026-10-07 20:09:09,227.97,285
2026-10-07 16:20:38,2026-10-07 20:09:09,2026-10-07 20:09:49,228.51,285
2026-10-07 16:20:57,2026-10-07 20:09:49,2026-10-07 20:16:57,228.86,286
2026-10-07 16:23:03,2026-10-07 20:10:06,2026-10-07 20:11:11,227.05,285
2026-10-07 16:23:14,2026-10-07 20:11:11,2026-10-07 20:15:39,227.96,286
2026-10-07 16:24:41,2026-10-07 20:13:32,2026-10-07 20:17:03,228.86,287
2026-10-07 16:24:48,2026-10-07 20:15:39,2026-10-07 20:17:04,230.85,287
2026-10-07 16:26:20,2026-10-07 20:16:57,2026-10-07 20:19:21,230.61,283
2026-10-07 16:26:23,2026-10-07 20:17:03,2026-10-07 20:17:23,230.67,284
2026-10-07 16:26:58,2026-10-07 20:17:04,2026-10-07 20:19:45,230.09,284
2026-10-07 16:27:04,2026-10-07 20:17:23,2026-10-07 20:17:43,230.33,285
2026-10-07 16:27:40,2026-10-07 20:17:43,2026-10-07 20:24:23,230.06,286
2026-10-07 16:27:56,2026-10-07 20:19:21,2026-10-07 20:20:41,231.42,287
2026-10-07 16:28:15,2026-10-07 20:19:45,2026-10-07 20:21:27,231.5,288
2026-10-07 16:29:00,2026-10-07 20:20:41,2026-10-07 20:24:15,231.68,289
2026-10-07 16:29:03,2026-10-07 20:21:27,2026-10-07 20:22:09,232.41,290
2026-10-07 16:29:04,2026-10-07 20:22:09,2026-10-07 20:24:18,233.08,291
2026-10-07 16:29:31,2026-10-07 20:24:15,2026-10-07 20:24:22,234.73,292
2026-10-07 16:31:20,2026-10-07 20:24:18,2026-10-07 20:28:28,232.96,290
2026-10-07 16:31:25,2026-10-07 20:24:22,2026-10-07 20:27:33,232.95,291
2026-10-07 16:31:40,2026-10-07 20:24:23,2026-10-07 20:26:03,232.72,291
2026-10-07 16:32:30,2026-10-07 20:26:03,2026-10-07 20:26:45,233.56,291
2026-10-07 16:33:02,2026-10-07 20:26:45,2026-10-07 20:28:10,233.71,292
2026-10-07 16:34:20,2026-10-07 20:27:33,2026-10-07 20:28:28,233.21,293
2026-10-07 16:34:51,2026-10-07 20:28:10,2026-10-07 20:28:27,233.31,294
2026-10-07 16:35:57,2026-10-07 20:28:27,2026-10-07 20:29:58,232.5,291
2026-10-07 16:36:28,2026-10-07 20:28:28,2026-10-07 20:30:26,231.99,291
2026-10-07 16:36:29,2026-10-07 20:28:28,2026-10-07 20:32:44,231.98,292
2026-10-07 16:36:55,2026-10-07 20:29:58,2026-10-07 20:30:18,233.06,291
2026-10-07 16:37:26,2026-10-07 20:30:18,2026-10-07 20:35:38,232.87,292
2026-10-07 16:37:50,2026-10-07 20:30:26,2026-10-07 20:33:09,232.59,292
2026-10-07 16:37:58,2026-10-07 20:32:44,2026-10-07 20:33:59,234.77,293
2026-10-07 16:39:34,2026-10-07 20:33:09,2026-10-07 20:44:51,233.6,294
2026-10-07 16:40:13,2026-10-07 20:33:59,2026-10-07 20:36:28,233.77,295
2026-10-07 16:40:36,2026-10-07 20:35:38,2026-10-07 20:37:54,235.03,296
2026-10-07 16:40:42,2026-10-07 20:36:28,2026-10-07 20:36:42,235.76,297
2026-10-07 16:41:12,2026-10-07 20:36:42,2026-10-07 20:40:22,235.5,297
2026-10-07 16:41:17,2026-10-07 20:37:54,2026-10-07 20:38:22,236.62,298
2026-10-07 16:41:53,2026-10-07 20:38:22,2026-10-07 20:38:49,236.48,299
2026-10-07 16:42:43,2026-10-07 20:38:49,2026-10-07 20:39:40,236.1,298
2026-10-07 16:42:44,2026-10-07 20:39:40,2026-10-07 20:39:42,236.93,299
2026-10-07 16:43:19,2026-10-07 20:39:42,2026-10-07 20:43:56,236.39,300
2026-10-07 16:43:26,2026-10-07 20:40:22,2026-10-07 20:41:49,236.93,301
2026-10-07 16:43:29,2026-10-07 20:41:49,2026-10-07 20:43:35,238.34,302
2026-10-07 16:44:03,2026-10-07 20:43:35,2026-10-07 20:43:57,239.54,303
2026-10-07 16:44:09,2026-10-07 20:43:56,2026-10-07 20:45:27,239.79,304
2026-10-07 16:45:12,2026-10-07 20:43:57,2026-10-07 20:44:28,238.75,305
2026-10-07 16:45:23,2026-10-07 20:44:28,2026-10-07 20:45:39,239.08,306
2026-10-07 16:45:54,2026-10-07 20:44:51,2026-10-07 20:47:32,238.96,307
2026-10-07 16:45:55,2026-10-07 20:45:27,2026-10-07 20:46:56,239.54,308
2026-10-07 16:46:00,2026-10-07 20:45:39,2026-10-07 20:47:43,239.65,309
2026-10-07 16:46:10,2026-10-07 20:46:56,2026-10-07 20:47:27,240.77,310
2026-10-07 16:47:51,2026-10-07 20:47:27,2026-10-07 20:48:45,239.6,309
2026-10-07 16:47:53,2026-10-07 20:47:32,2026-10-07 20:53:07,239.64,310
2026-10-07 16:48:27,2026-10-07 20:47:43,2026-10-07 20:49:22,239.26,311
2026-10-07 16:48:34,2026-10-07 20:48:45,2026-10-07 20:50:47,240.18,312
2026-10-07 16:48:38,2026-10-07 20:49:22,2026-10-07 20:51:03,240.73,313
2026-10-07 16:49:39,2026-10-07 20:50:47,2026-10-07 20:51:13,241.15,313
2026-10-07 16:50:21,2026-10-07 20:51:03,2026-10-07 20:51:51,240.71,314
2026-10-07 16:50:35,2026-10-07 20:51:13,2026-10-07 20:51:16,240.64,314
2026-10-07 16:51:06,2026-10-07 20:51:16,2026-10-07 20:51:44,240.15,315
2026-10-07 16:51:17,2026-10-07 20:51:44,2026-10-07 20:51:46,240.44,316
2026-10-07 16:52:05,2026-10-07 20:51:46,2026-10-07 20:51:49,239.68,317
2026-10-07 16:52:41,2026-10-07 20:51:49,2026-10-07 20:54:24,239.13,317
2026-10-07 16:53:23,2026-10-07 20:51:51,2026-10-07 20:54:16,238.46,318
2026-10-07 16:53:28,2026-10-07 20:53:07,2026-10-07 20:54:52,239.65,319
2026-10-07 16:54:14,2026-10-07 20:54:16,2026-10-07 20:57:25,240.04,319
2026-10-07 16:54:24,2026-10-07 20:54:24,2026-10-07 20:55:45,240.0,320
2026-10-07 16:55:29,2026-10-07 20:54:52,2026-10-07 20:55:41,239.39,319
2026-10-07 16:56:29,2026-10-07 20:55:41,2026-10-07 20:56:06,239.2,320
2026-10-07 16:56:47,2026-10-07 20:55:45,2026-10-07 21:00:09,238.98,321
2026-10-07 16:57:01,2026-10-07 20:56:06,2026-10-07 20:59:06,239.09,322
2026-10-07 16:57:10,2026-10-07 20:57:25,2026-10-07 20:59:56,240.24,323
2026-10-07 16:57:18,2026-10-07 20:59:06,2026-10-07 21:03:56,241.81,324
2026-10-07 16:57:31,2026-10-07 20:59:56,2026-10-07 21:00:19,242.41,323
2026-10-07 16:57:54,2026-10-07 21:00:09,2026-10-07 21:01:49,242.24,323
2026-10-07 16:58:25,2026-10-07 21:00:19,2026-10-07 21:01:06,241.91,323
2026-10-07 16:59:32,2026-10-07 21:01:06,2026-10-07 21:02:40,241.57,324
2026-10-07 16:59:39,2026-10-07 21:01:49,2026-10-07 21:09:56,242.17,325
2026-10-07 16:59:49,2026-10-07 21:02:40,2026-10-07 21:03:02,242.84,326
2026-10-08 09:00:05,2026-10-08 09:00:05,2026-10-08 09:01:46,0.0,0
2026-10-08 09:01:19,2026-10-08 09:01:19,2026-10-08 09:03:04,0.0,0
2026-10-08 09:02:18,2026-10-08 09:02:18,2026-10-08 09:05:18,0.0,0
2026-10-08 09:02:21,2026-10-08 09:02:21,2026-10-08 09:02:37,0.0,0
2026-10-08 09:02:27,2026-10-08 09:02:37,2026-10-08 09:04:36,0.17,0
2026-10-08 09:02:41,2026-10-08 09:03:04,2026-10-08 09:04:28,0.38,0
2026-10-08 09:03:25,2026-10-08 09:04:28,2026-10-08 09:05:09,1.04,0
2026-10-08 09:03:29,2026-10-08 09:04:36,2026-10-08 09:08:42,1.11,1
2026-10-08 09:05:14,2026-10-08 09:05:14,2026-10-08 09:06:40,0.0,0
2026-10-08 09:05:26,2026-10-08 09:05:26,2026-10-08 09:07:54,0.0,0
2026-10-08 09:05:29,2026-10-08 09:06:40,2026-10-08 09:09:56,1.19,0
2026-10-08 09:06:07,2026-10-08 09:07:54,2026-10-08 09:08:10,1.77,1
2026-10-08 09:06:30,2026-10-08 09:08:10,2026-10-08 09:12:52,1.67,2
2026-10-08 09:08:26,2026-10-08 09:08:42,2026-10-08 09:09:48,0.27,0
2026-10-08 09:08:44,2026-10-08 09:09:48,2026-10-08 09:11:41,1.06,0
2026-10-08 09:08:54,2026-10-08 09:09:56,2026-10-08 09:11:32,1.03,1
2026-10-08 09:10:44,2026-10-08 09:11:32,2026-10-08 09:12:14,0.79,0
2026-10-08 09:11:30,2026-10-08 09:11:41,2026-10-08 09:14:26,0.19,1
2026-10-08 09:12:21,2026-10-08 09:12:21,2026-10-08 09:13:08,0.0,0
2026-10-08 09:13:08,2026-10-08 09:13:08,2026-10-08 09:16:09,0.0,0
2026-10-08 09:13:35,2026-10-08 09:13:35,2026-10-08 09:13:37,0.0,0
2026-10-08 09:14:43,2026-10-08 09:14:43,2026-10-08 09:19:20,0.0,0
2026-10-08 09:15:12,2026-10-08 09:15:12,2026-10-08 09:16:08,0.0,0
2026-10-08 09:15:27,2026-10-08 09:16:08,2026-10-08 09:17:58,0.69,0
2026-10-08 09:16:17,2026-10-08 09:16:17,2026-10-08 09:17:48,0.0,0
2026-10-08 09:16:24,2026-10-08 09:17:48,2026-10-08 09:20:04,1.39,0
2026-10-08 09:17:13,2026-10-08 09:17:58,2026-10-08 09:19:21,0.76,1
2026-10-08 09:17:16,2026-10-08 09:19:20,2026-10-08 09:19:42,2.06,2
2026-10-08 09:17:16,2026-10-08 09:19:21,2026-10-08 09:21:22,2.07,3
2026-10-08 09:18:35,2026-10-08 09:19:42,2026-10-08 09:21:51,1.11,2
2026-10-08 09:18:49,2026-10-08 09:20:04,2026-10-08 09:23:16,1.25,3
2026-10-08 09:19:06,2026-10-08 09:21:22,2026-10-08 09:21:43,2.26,4
2026-10-08 09:19:21,2026-10-08 09:21:43,2026-10-08 09:22:31,2.38,3
2026-10-08 09:19:39,2026-10-08 09:21:51,2026-10-08 09:22:35,2.19,4
2026-10-08 09:20:15,2026-10-08 09:22:31,2026-10-08 09:24:05,2.26,3
2026-10-08 09:20:48,2026-10-08 09:22:35,2026-10-08 09:22:43,1.79,4
2026-10-08 09:21:59,2026-10-08 09:22:43,2026-10-08 09:24:34,0.73,2
2026-10-08 09:22:13,2026-10-08 09:23:16,2026-10-08 09:27:33,1.03,3
2026-10-08 09:22:44,2026-10-08 09:24:05,2026-10-08 09:24:58,1.35,1
2026-10-08 09:23:48,2026-10-08 09:24:34,2026-10-08 09:25:04,0.76,1
2026-10-08 09:26:08,2026-10-08 09:26:08,2026-10-08 09:28:20,0.0,0
2026-10-08 09:27:39,2026-10-08 09:27:39,2026-10-08 09:29:29,0.0,0
2026-10-08 09:27:56,2026-10-08 09:27:56,2026-10-08 09:29:16,0.0,0
2026-10-08 09:28:25,2026-10-08 09:28:25,2026-10-08 09:29:34,0.0,0
2026-10-08 09:30:40,2026-10-08 09:30:40,2026-10-08 09:31:29,0.0,0
2026-10-08 09:30:40,2026-10-08 09:30:40,2026-10-08 09:32:40,0.0,0
2026-10-08 09:30:51,2026-10-08 09:30:51,2026-10-08 09:39:16,0.0,0
2026-10-08 09:31:01,2026-10-08 09:31:29,2026-10-08 09:33:07,0.46,0
2026-10-08 09:31:37,2026-10-08 09:32:40,2026-10-08 09:33:04,1.06,0
2026-10-08 09:31:55,2026-10-08 09:33:04,2026-10-08 09:33:26,1.16,1
2026-10-08 09:32:20,2026-10-08 09:33:07,2026-10-08 09:33:51,0.79,2
2026-10-08 09:32:51,2026-10-08 09:33:26,2026-10-08 09:36:30,0.58,2
2026-10-08 09:32:52,2026-10-08 09:33:51,2026-10-08 09:40:16,0.99,3
2026-10-08 09:33:16,2026-10-08 09:36:30,2026-10-08 09:40:22,3.23,2
2026-10-08 09:33:29,2026-10-08 09:39:16,2026-10-08 09:45:13,5.78,2
2026-10-08 09:33:47,2026-10-08 09:40:16,2026-10-08 09:42:21,6.48,3
2026-10-08 09:34:15,2026-10-08 09:40:22,2026-10-08 09:40:50,6.13,3
2026-10-08 09:34:22,2026-10-08 09:40:50,2026-10-08 09:41:20,6.46,4
2026-10-08 09:34:36,2026-10-08 09:41:20,2026-10-08 09:44:01,6.73,5
2026-10-08 09:34:52,2026-10-08 09:42:21,2026-10-08 09:42:39,7.48,6
2026-10-08 09:36:48,2026-10-08 09:42:39,2026-10-08 09:43:29,5.85,6
2026-10-08 09:37:18,2026-10-08 09:43:29,2026-10-08 09:43:33,6.17,7
2026-10-08 09:37:35,2026-10-08 09:43:33,2026-10-08 09:44:54,5.97,8
2026-10-08 09:38:09,2026-10-08 09:44:01,2026-10-08 09:47:35,5.86,9
2026-10-08 09:38:21,2026-10-08 09:44:54,2026-10-08 09:46:08,6.54,10
2026-10-08 09:38:27,2026-10-08 09:45:13,2026-10-08 09:45:18,6.76,11
2026-10-08 09:39:08,2026-10-08 09:45:18,2026-10-08 09:50:18,6.17,12
2026-10-08 09:40:00,2026-10-08 09:46:08,2026-10-08 09:48:28,6.13,12
2026-10-08 09:40:14,2026-10-08 09:47:35,2026-10-08 09:49:40,7.35,13
2026-10-08 09:41:14,2026-10-08 09:48:28,2026-10-08 09:50:30,7.25,11
2026-10-08 09:42:06,2026-10-08 09:49:40,2026-10-08 09:49:44,7.56,11
2026-10-08 09:42:34,2026-10-08 09:49:44,2026-10-08 09:49:45,7.17,11
2026-10-08 09:42:53,2026-10-08 09:49:45,2026-10-08 09:51:15,6.87,11
2026-10-08 09:43:20,2026-10-08 09:50:18,2026-10-08 09:54:28,6.97,12
2026-10-08 09:43:24,2026-10-08 09:50:30,2026-10-08 09:50:33,7.09,13
2026-10-08 09:43:35,2026-10-08 09:50:33,2026-10-08 09:52:14,6.97,12
2026-10-08 09:43:58,2026-10-08 09:51:15,2026-10-08 09:52:03,7.29,13
2026-10-08 09:43:59,2026-10-08 09:52:03,2026-10-08 09:55:07,8.06,14
2026-10-08 09:44:23,2026-10-08 09:52:14,2026-10-08 09:52:20,7.86,14
2026-10-08 09:44:25,2026-10-08 09:52:20,2026-10-08 09:54:18,7.93,15
2026-10-08 09:44:58,2026-10-08 09:54:18,2026-10-08 09:57:13,9.34,15
2026-10-08 09:45:36,2026-10-08 09:54:28,2026-10-08 09:56:00,8.87,14
2026-10-08 09:46:20,2026-10-08 09:55:07,2026-10-08 09:55:16,8.78,14
2026-10-08 09:46:47,2026-10-08 09:55:16,2026-10-08 09:55:47,8.48,15
2026-10-08 09:47:01,2026-10-08 09:55:47,2026-10-08 09:56:49,8.78,16
2026-10-08 09:47:22,2026-10-08 09:56:00,2026-10-08 09:58:14,8.63,17
2026-10-08 09:47:23,2026-10-08 09:56:49,2026-10-08 09:58:27,9.44,18
2026-10-08 09:49:20,2026-10-08 09:57:13,2026-10-08 09:57:29,7.89,17
2026-10-08 09:50:21,2026-10-08 09:57:29,2026-10-08 09:57:45,7.14,14
2026-10-08 09:51:12,2026-10-08 09:57:45,2026-10-08 09:59:12,6.55,13
2026-10-08 09:54:32,2026-10-08 09:58:14,2026-10-08 10:03:47,3.7,8
2026-10-08 09:54:46,2026-10-08 09:58:27,2026-10-08 10:00:10,3.68,9
2026-10-08 09:54:53,2026-10-08 09:59:12,2026-10-08 10:01:32,4.31,10
2026-10-08 09:55:17,2026-10-08 10:00:10,2026-10-08 10:07:01,4.89,9
2026-10-08 09:55:54,2026-10-08 10:01:32,2026-10-08 10:04:44,5.63,9
2026-10-08 09:56:31,2026-10-08 10:03:47,2026-10-08 10:04:24,7.27,9
2026-10-08 09:59:26,2026-10-08 10:04:24,2026-10-08 10:05:41,4.96,3
2026-10-08 09:59:33,2026-10-08 10:04:44,2026-10-08 10:05:39,5.18,4
2026-10-08 10:00:02,2026-10-08 10:05:39,2026-10-08 10:05:43,5.61,5
2026-10-08 10:00:18,2026-10-08 10:05:41,2026-10-08 10:06:00,5.38,5
2026-10-08 10:01:32,2026-10-08 10:05:43,2026-10-08 10:07:55,4.17,5
2026-10-08 10:01:34,2026-10-08 10:06:00,2026-10-08 10:10:38,4.43,6
2026-10-08 10:01:40,2026-10-08 10:07:01,2026-10-08 10:07:40,5.36,7
2026-10-08 10:02:45,2026-10-08 10:07:40,2026-10-08 10:08:53,4.92,8
2026-10-08 10:02:57,2026-10-08 10:07:55,2026-10-08 10:08:27,4.97,9
2026-10-08 10:03:04,2026-10-08 10:08:27,2026-10-08 10:17:04,5.4,10
2026-10-08 10:03:04,2026-10-08 10:08:53,2026-10-08 10:13:59,5.82,11
2026-10-08 10:03:07,2026-10-08 10:10:38,2026-10-08 10:11:09,7.51,12
2026-10-08 10:03:49,2026-10-08 10:11:09,2026-10-08 10:12:11,7.32,12
2026-10-08 10:04:20,2026-10-08 10:12:11,2026-10-08 10:12:40,7.85,13
2026-10-08 10:04:26,2026-10-08 10:12:40,2026-10-08 10:18:29,8.23,13
2026-10-08 10:05:26,2026-10-08 10:13:59,2026-10-08 10:14:16,8.55,13
2026-10-08 10:06:02,2026-10-08 10:14:16,2026-10-08 10:15:11,8.25,10
2026-10-08 10:06:46,2026-10-08 10:15:11,2026-10-08 10:17:11,8.4,11
2026-10-08 10:07:13,2026-10-08 10:17:04,2026-10-08 10:19:59,9.85,11
2026-10-08 10:07:44,2026-10-08 10:17:11,2026-10-08 10:17:22,9.46,11
2026-10-08 10:08:08,2026-10-08 10:17:22,2026-10-08 10:18:18,9.24,11
2026-10-08 10:09:03,2026-10-08 10:18:18,2026-10-08 10:20:13,9.25,10
2026-10-08 10:09:10,2026-10-08 10:18:29,2026-10-08 10:24:44,9.33,11
2026-10-08 10:09:36,2026-10-08 10:19:59,2026-10-08 10:24:14,10.38,12
2026-10-08 10:09:50,2026-10-08 10:20:13,2026-10-08 10:25:30,10.38,13
2026-10-08 10:10:21,2026-10-08 10:24:14,2026-10-08 10:27:59,13.88,14
2026-10-08 10:11:18,2026-10-08 10:24:44,2026-10-08 10:26:07,13.45,13
2026-10-08 10:11:53,2026-10-08 10:25:30,2026-10-08 10:29:03,13.61,14
2026-10-08 10:12:13,2026-10-08 10:26:07,2026-10-08 10:27:34,13.91,14
2026-10-08 10:12:13,2026-10-08 10:27:34,2026-10-08 10:28:10,15.36,15
2026-10-08 10:12:37,2026-10-08 10:27:59,2026-10-08 10:28:38,15.37,16
2026-10-08 10:13:24,2026-10-08 10:28:10,2026-10-08 10:33:54,14.76,16
2026-10-08 10:13:58,2026-10-08 10:28:38,2026-10-08 10:30:49,14.67,17
2026-10-08 10:14:11,2026-10-08 10:29:03,2026-10-08 10:29:11,14.86,17
2026-10-08 10:14:59,2026-10-08 10:29:11,2026-10-08 10:34:11,14.21,17
2026-10-08 10:15:15,2026-10-08 10:30:49,2026-10-08 10:32:16,15.57,17
2026-10-08 10:16:21,2026-10-08 10:32:16,2026-10-08 10:33:58,15.92,18
2026-10-08 10:17:38,2026-10-08 10:33:54,2026-10-08 10:36:11,16.25,16
2026-10-08 10:17:55,2026-10-08 10:33:58,2026-10-08 10:34:30,16.06,17
2026-10-08 10:18:20,2026-10-08 10:34:11,2026-10-08 10:37:05,15.85,17
2026-10-08 10:19:00,2026-10-08 10:34:30,2026-10-08 10:36:44,15.49,17
2026-10-08 10:19:06,2026-10-08 10:36:11,2026-10-08 10:36:36,17.09,18
2026-10-08 10:20:39,2026-10-08 10:36:36,2026-10-08 10:39:47,15.95,17
2026-10-08 10:20:55,2026-10-08 10:36:44,2026-10-08 10:45:25,15.81,18
2026-10-08 10:21:11,2026-10-08 10:37:05,2026-10-08 10:38:22,15.9,19
2026-10-08 10:21:25,2026-10-08 10:38:22,2026-10-08 10:39:19,16.95,20
2026-10-08 10:22:32,2026-10-08 10:39:19,2026-10-08 10:39:37,16.78,21
2026-10-08 10:23:12,2026-10-08 10:39:37,2026-10-08 10:46:11,16.43,22
2026-10-08 10:23:20,2026-10-08 10:39:47,2026-10-08 10:41:14,16.44,23
2026-10-08 10:23:51,2026-10-08 10:41:14,2026-10-08 10:41:47,17.39,24
2026-10-08 10:23:52,2026-10-08 10:41:47,2026-10-08 10:47:32,17.92,25
2026-10-08 10:24:14,2026-10-08 10:45:25,2026-10-08 10:50:19,21.18,26
2026-10-08 10:24:33,2026-10-08 10:46:11,2026-10-08 10:49:06,21.64,26
2026-10-08 10:25:29,2026-10-08 10:47:32,2026-10-08 10:51:00,22.04,26
2026-10-08 10:25:43,2026-10-08 10:49:06,2026-10-08 11:01:34,23.39,26
2026-10-08 10:27:18,2026-10-08 10:50:19,2026-10-08 10:51:29,23.03,26
2026-10-08 10:28:26,2026-10-08 10:51:00,2026-10-08 10:56:55,22.55,24
2026-10-08 10:29:32,2026-10-08 10:51:29,2026-10-08 10:52:47,21.94,22
2026-10-08 10:31:56,2026-10-08 10:52:47,2026-10-08 10:58:54,20.86,22
2026-10-08 10:32:14,2026-10-08 10:56:55,2026-10-08 10:58:08,24.68,23
2026-10-08 10:33:03,2026-10-08 10:58:08,2026-10-08 10:59:03,25.08,23
2026-10-08 10:33:43,2026-10-08 10:58:54,2026-10-08 10:58:55,25.18,24
2026-10-08 10:34:16,2026-10-08 10:58:55,2026-10-08 11:01:02,24.65,22
2026-10-08 10:34:29,2026-10-08 10:59:03,2026-10-08 10:59:14,24.56,23
2026-10-08 10:35:55,2026-10-08 10:59:14,2026-10-08 10:59:44,23.31,23
2026-10-08 10:35:59,2026-10-08 10:59:44,2026-10-08 11:04:38,23.75,24
2026-10-08 10:36:07,2026-10-08 11:01:02,2026-10-08 11:06:18,24.92,25
2026-10-08 10:36:46,2026-10-08 11:01:34,2026-10-08 11:03:32,24.8,23
2026-10-08 10:37:26,2026-10-08 11:03:32,2026-10-08 11:03:58,26.11,23
2026-10-08 10:39:15,2026-10-08 11:03:58,2026-10-08 11:04:41,24.72,23
2026-10-08 10:39:47,2026-10-08 11:04:38,2026-10-08 11:08:36,24.85,22
2026-10-08 10:39:58,2026-10-08 11:04:41,2026-10-08 11:08:36,24.72,22
2026-10-08 10:40:07,2026-10-08 11:06:18,2026-10-08 11:08:22,26.18,23
2026-10-08 10:40:22,2026-10-08 11:08:22,2026-10-08 11:09:10,28.01,24
2026-10-08 10:40:31,2026-10-08 11:08:36,2026-10-08 11:08:43,28.08,25
2026-10-08 10:41:11,2026-10-08 11:08:36,2026-10-08 11:08:55,27.42,26
2026-10-08 10:41:12,2026-10-08 11:08:43,2026-10-08 11:13:26,27.53,27
2026-10-08 10:41:35,2026-10-08 11:08:55,2026-10-08 11:10:14,27.34,27
2026-10-08 10:42:16,2026-10-08 11:09:10,2026-10-08 11:09:55,26.9,27
2026-10-08 10:43:40,2026-10-08 11:09:55,2026-10-08 11:15:22,26.24,28
2026-10-08 10:45:23,2026-10-08 11:10:14,2026-10-08 11:12:41,24.84,29
2026-10-08 10:45:45,2026-10-08 11:12:41,2026-10-08 11:17:29,26.92,29
2026-10-08 10:46:29,2026-10-08 11:13:26,2026-10-08 11:15:01,26.96,29
2026-10-08 10:46:46,2026-10-08 11:15:01,2026-10-08 11:15:04,28.26,30
2026-10-08 10:47:01,2026-10-08 11:15:04,2026-10-08 11:16:46,28.05,31
2026-10-08 10:47:11,2026-10-08 11:15:22,2026-10-08 11:18:28,28.19,32
2026-10-08 10:47:52,2026-10-08 11:16:46,2026-10-08 11:17:10,28.9,32
2026-10-08 10:48:20,2026-10-08 11:17:10,2026-10-08 11:18:14,28.84,33
2026-10-08 10:49:52,2026-10-08 11:17:29,2026-10-08 11:18:56,27.62,33
2026-10-08 10:50:54,2026-10-08 11:18:14,2026-10-08 11:18:25,27.34,33
2026-10-08 10:52:19,2026-10-08 11:18:25,2026-10-08 11:22:36,26.1,32
2026-10-08 10:52:54,2026-10-08 11:18:28,2026-10-08 11:22:22,25.57,32
2026-10-08 10:52:56,2026-10-08 11:18:56,2026-10-08 11:19:34,25.99,33
2026-10-08 10:53:03,2026-10-08 11:19:34,2026-10-08 11:20:14,26.52,34
2026-10-08 10:53:34,2026-10-08 11:20:14,2026-10-08 11:22:38,26.66,35
2026-10-08 10:53:53,2026-10-08 11:22:22,2026-10-08 11:27:02,28.47,36
2026-10-08 10:54:24,2026-10-08 11:22:36,2026-10-08 11:24:01,28.2,37
2026-10-08 10:55:24,2026-10-08 11:22:38,2026-10-08 11:23:32,27.23,38
2026-10-08 10:55:27,2026-10-08 11:23:32,2026-10-08 11:25:38,28.09,39
2026-10-08 10:56:10,2026-10-08 11:24:01,2026-10-08 11:24:26,27.85,40
2026-10-08 10:56:10,2026-10-08 11:24:26,2026-10-08 11:26:39,28.26,41
2026-10-08 10:56:34,2026-10-08 11:25:38,2026-10-08 11:26:29,29.07,42
2026-10-08 10:58:40,2026-10-08 11:26:29,2026-10-08 11:29:19,27.81,41
2026-10-08 10:59:24,2026-10-08 11:26:39,2026-10-08 11:29:47,27.25,38
2026-10-08 10:59:24,2026-10-08 11:27:02,2026-10-08 11:27:34,27.62,39
2026-10-08 11:00:01,2026-10-08 11:27:34,2026-10-08 11:27:46,27.55,39
2026-10-08 11:00:24,2026-10-08 11:27:46,2026-10-08 11:29:44,27.36,40
2026-10-08 11:00:44,2026-10-08 11:29:19,2026-10-08 11:32:00,28.59,41
2026-10-08 11:00:47,2026-10-08 11:29:44,2026-10-08 11:30:34,28.95,42
2026-10-08 11:00:56,2026-10-08 11:29:47,2026-10-08 11:30:34,28.86,43
2026-10-08 11:01:06,2026-10-08 11:30:34,2026-10-08 11:31:24,29.46,43
2026-10-08 11:01:35,2026-10-08 11:30:34,2026-10-08 11:33:30,28.98,43
2026-10-08 11:03:18,2026-10-08 11:31:24,2026-10-08 11:33:19,28.09,44
2026-10-08 11:03:19,2026-10-08 11:32:00,2026-10-08 11:34:03,28.69,45
2026-10-08 11:03:50,2026-10-08 11:33:19,2026-10-08 11:45:55,29.48,45
2026-10-08 11:03:59,2026-10-08 11:33:30,2026-10-08 11:34:28,29.52,45
2026-10-08 11:04:42,2026-10-08 11:34:03,2026-10-08 11:35:29,29.35,44
2026-10-08 11:04:52,2026-10-08 11:34:28,2026-10-08 11:34:47,29.6,45
2026-10-08 11:04:57,2026-10-08 11:34:47,2026-10-08 11:37:46,29.84,46
2026-10-08 11:07:08,2026-10-08 11:35:29,2026-10-08 11:36:40,28.34,46
2026-10-08 11:07:10,2026-10-08 11:36:40,2026-10-08 11:39:01,29.5,47
2026-10-08 11:07:14,2026-10-08 11:37:46,2026-10-08 11:42:41,30.54,48
2026-10-08 11:07:17,2026-10-08 11:39:01,2026-10-08 11:40:16,31.73,49
2026-10-08 11:07:25,2026-10-08 11:40:16,2026-10-08 11:42:03,32.86,50
2026-10-08 11:07:38,2026-10-08 11:42:03,2026-10-08 11:44:44,34.43,51
2026-10-08 11:08:03,2026-10-08 11:42:41,2026-10-08 11:43:10,34.64,52
2026-10-08 11:08:47,2026-10-08 11:43:10,2026-10-08 11:57:55,34.39,49
2026-10-08 11:08:49,2026-10-08 11:44:44,2026-10-08 11:46:30,35.92,50
2026-10-08 11:08:59,2026-10-08 11:45:55,2026-10-08 11:48:43,36.93,50
2026-10-08 11:09:07,2026-10-08 11:46:30,2026-10-08 11:56:24,37.38,51
2026-10-08 11:10:17,2026-10-08 11:48:43,2026-10-08 11:56:09,38.42,49
2026-10-08 11:10:31,2026-10-08 11:56:09,2026-10-08 11:59:47,45.64,50
2026-10-08 11:11:23,2026-10-08 11:56:24,2026-10-08 11:58:41,45.0,51
2026-10-08 11:11:40,2026-10-08 11:57:55,2026-10-08 12:04:12,46.24,52
2026-10-08 11:12:30,2026-10-08 11:58:41,2026-10-08 11:59:01,46.18,53
2026-10-08 11:13:09,2026-10-08 11:59:01,2026-10-08 12:01:40,45.87,53
2026-10-08 11:13:25,2026-10-08 11:59:47,2026-10-08 12:02:35,46.36,54
2026-10-08 11:14:23,2026-10-08 12:01:40,2026-10-08 12:05:05,47.28,54
2026-10-08 11:14:50,2026-10-08 12:02:35,2026-10-08 12:02:43,47.74,55
2026-10-08 11:15:18,2026-10-08 12:02:43,2026-10-08 12:07:29,47.41,54
2026-10-08 11:15:25,2026-10-08 12:04:12,2026-10-08 12:05:21,48.8,54
2026-10-08 11:16:16,2026-10-08 12:05:05,2026-10-08 12:05:15,48.81,55
2026-10-08 11:16:42,2026-10-08 12:05:15,2026-10-08 12:07:49,48.55,56
2026-10-08 11:17:44,2026-10-08 12:05:21,2026-10-08 12:05:28,47.61,54
2026-10-08 11:18:12,2026-10-08 12:05:28,2026-10-08 12:06:56,47.27,55
2026-10-08 11:19:13,2026-10-08 12:06:56,2026-10-08 12:07:21,47.71,52
2026-10-08 11:19:24,2026-10-08 12:07:21,2026-10-08 12:11:31,47.94,53
2026-10-08 11:19:36,2026-10-08 12:07:29,2026-10-08 12:10:05,47.88,53
2026-10-08 11:20:25,2026-10-08 12:07:49,2026-10-08 12:08:34,47.39,53
2026-10-08 11:20:38,2026-10-08 12:08:34,2026-10-08 12:09:35,47.93,54
2026-10-08 11:21:53,2026-10-08 12:09:35,2026-10-08 12:11:15,47.71,55
2026-10-08 11:22:39,2026-10-08 12:10:05,2026-10-08 12:14:22,47.44,53
2026-10-08 11:22:41,2026-10-08 12:11:15,2026-10-08 12:15:23,48.57,54
2026-10-08 11:23:23,2026-10-08 12:11:31,2026-10-08 12:12:10,48.14,55
2026-10-08 11:23:38,2026-10-08 12:12:10,2026-10-08 12:12:29,48.52,55
2026-10-08 11:23:38,2026-10-08 12:12:29,2026-10-08 12:13:19,48.85,56
2026-10-08 11:24:13,2026-10-08 12:13:19,2026-10-08 12:15:10,49.11,56
2026-10-08 11:24:15,2026-10-08 12:14:22,2026-10-08 12:24:24,50.13,57
2026-10-08 11:24:54,2026-10-08 12:15:10,2026-10-08 12:25:40,50.28,57
2026-10-08 11:24:57,2026-10-08 12:15:23,2026-10-08 12:20:57,50.44,58
2026-10-08 11:25:05,2026-10-08 12:20:57,2026-10-08 12:21:13,55.86,59
2026-10-08 11:25:20,2026-10-08 12:21:13,2026-10-08 12:22:06,55.89,60
2026-10-08 11:26:22,2026-10-08 12:22:06,2026-10-08 12:22:20,55.72,60
2026-10-08 11:27:07,2026-10-08 12:22:20,2026-10-08 12:24:39,55.21,58
2026-10-08 11:28:55,2026-10-08 12:24:24,2026-10-08 12:25:51,55.48,57
2026-10-08 11:30:47,2026-10-08 12:24:39,2026-10-08 12:26:25,53.87,53
2026-10-08 11:30:58,2026-10-08 12:25:40,2026-10-08 12:27:51,54.71,54
2026-10-08 11:31:56,2026-10-08 12:25:51,2026-10-08 12:27:18,53.91,54
2026-10-08 11:33:24,2026-10-08 12:26:25,2026-10-08 12:27:40,53.02,53
2026-10-08 11:33:42,2026-10-08 12:27:18,2026-10-08 12:27:50,53.61,53
2026-10-08 11:33:57,2026-10-08 12:27:40,2026-10-08 12:30:10,53.71,54
2026-10-08 11:34:28,2026-10-08 12:27:50,2026-10-08 12:32:27,53.37,53
2026-10-08 11:34:56,2026-10-08 12:27:51,2026-10-08 12:30:46,52.9,53
2026-10-08 11:35:08,2026-10-08 12:30:10,2026-10-08 12:34:55,55.05,54
2026-10-08 11:36:13,2026-10-08 12:30:46,2026-10-08 12:31:49,54.55,54
2026-10-08 11:36:20,2026-10-08 12:31:49,2026-10-08 12:33:20,55.48,55
2026-10-08 11:36:54,2026-10-08 12:32:27,2026-10-08 12:32:40,55.55,55
2026-10-08 11:37:09,2026-10-08 12:32:40,2026-10-08 12:35:54,55.52,56
2026-10-08 11:37:57,2026-10-08 12:33:20,2026-10-08 12:34:47,55.38,56
2026-10-08 11:38:32,2026-10-08 12:34:47,2026-10-08 12:35:48,56.26,57
2026-10-08 11:38:42,2026-10-08 12:34:55,2026-10-08 12:35:56,56.22,58
2026-10-08 11:39:16,2026-10-08 12:35:48,2026-10-08 12:36:45,56.53,58
2026-10-08 11:40:31,2026-10-08 12:35:54,2026-10-08 12:38:52,55.39,58
2026-10-08 11:40:48,2026-10-08 12:35:56,2026-10-08 12:36:00,55.14,59
2026-10-08 11:40:52,2026-10-08 12:36:00,2026-10-08 12:36:57,55.14,60
2026-10-08 11:41:19,2026-10-08 12:36:45,2026-10-08 12:36:56,55.44,61
2026-10-08 11:44:02,2026-10-08 12:36:56,2026-10-08 12:52:15,52.9,59
2026-10-08 11:44:21,2026-10-08 12:36:57,2026-10-08 12:40:31,52.59,60
2026-10-08 11:44:39,2026-10-08 12:38:52,2026-10-08 12:40:04,54.2,61
2026-10-08 11:44:48,2026-10-08 12:40:04,2026-10-08 12:42:21,55.26,61
2026-10-08 11:44:49,2026-10-08 12:40:31,2026-10-08 12:42:32,55.69,62
2026-10-08 11:44:58,2026-10-08 12:42:21,2026-10-08 12:47:46,57.38,63
2026-10-08 11:45:17,2026-10-08 12:42:32,2026-10-08 12:43:31,57.27,64
2026-10-08 11:47:15,2026-10-08 12:43:31,2026-10-08 12:44:47,56.27,63
2026-10-08 11:47:49,2026-10-08 12:44:47,2026-10-08 12:47:57,56.96,64
2026-10-08 11:50:36,2026-10-08 12:47:46,2026-10-08 12:48:19,57.17,64
2026-10-08 11:51:48,2026-10-08 12:47:57,2026-10-08 12:51:01,56.16,65
2026-10-08 11:51:55,2026-10-08 12:48:19,2026-10-08 12:49:30,56.4,66
2026-10-08 11:52:02,2026-10-08 12:49:30,2026-10-08 12:50:04,57.46,67
2026-10-08 11:52:39,2026-10-08 12:50:04,2026-10-08 12:56:25,57.42,68
2026-10-08 11:52:41,2026-10-08 12:51:01,2026-10-08 12:52:08,58.34,69
2026-10-08 11:53:51,2026-10-08 12:52:08,2026-10-08 12:58:14,58.29,70
2026-10-08 11:54:12,2026-10-08 12:52:15,2026-10-08 12:53:09,58.06,71
2026-10-08 11:56:02,2026-10-08 12:53:09,2026-10-08 13:04:12,57.12,72
2026-10-08 11:56:14,2026-10-08 12:56:25,2026-10-08 12:59:31,60.19,72
2026-10-08 11:56:25,2026-10-08 12:58:14,2026-10-08 12:59:04,61.81,72
2026-10-08 11:57:08,2026-10-08 12:59:04,2026-10-08 13:00:24,61.94,73
2026-10-08 11:57:55,2026-10-08 12:59:31,2026-10-08 13:00:10,61.61,74
2026-10-08 11:58:30,2026-10-08 13:00:10,2026-10-08 13:05:23,61.66,74
2026-10-08 11:58:44,2026-10-08 13:00:24,2026-10-08 13:04:18,61.65,74
2026-10-08 11:59:00,2026-10-08 13:04:12,2026-10-08 13:04:29,65.2,75
2026-10-08 11:59:13,2026-10-08 13:04:18,2026-10-08 13:04:22,65.09,75
2026-10-08 12:00:07,2026-10-08 13:04:22,2026-10-08 13:07:10,64.26,75
2026-10-08 12:01:19,2026-10-08 13:04:29,2026-10-08 13:13:58,63.16,76
2026-10-08 12:01:38,2026-10-08 13:05:23,2026-10-08 13:06:09,63.75,77
2026-10-08 12:02:48,2026-10-08 13:06:09,2026-10-08 13:12:32,63.35,75
2026-10-08 12:04:11,2026-10-08 13:07:10,2026-10-08 13:07:34,63.0,76
2026-10-08 12:04:58,2026-10-08 13:07:34,2026-10-08 13:08:02,62.6,76
2026-10-08 12:05:08,2026-10-08 13:08:02,2026-10-08 13:10:09,62.9,76
2026-10-08 12:05:09,2026-10-08 13:10:09,2026-10-08 13:10:29,65.01,77
2026-10-08 12:05:56,2026-10-08 13:10:29,2026-10-08 13:13:55,64.53,75
2026-10-08 12:06:04,2026-10-08 13:12:32,2026-10-08 13:12:57,66.48,76
2026-10-08 12:06:37,2026-10-08 13:12:57,2026-10-08 13:18:43,66.33,77
2026-10-08 12:06:51,2026-10-08 13:13:55,2026-10-08 13:16:54,67.07,78
2026-10-08 12:07:17,2026-10-08 13:13:58,2026-10-08 13:15:47,66.68,78
2026-10-08 12:07:22,2026-10-08 13:15:47,2026-10-08 13:16:38,68.42,78
2026-10-08 12:07:26,2026-10-08 13:16:38,2026-10-08 13:23:00,69.21,79
2026-10-08 12:08:38,2026-10-08 13:16:54,2026-10-08 13:18:36,68.27,77
2026-10-08 12:09:11,2026-10-08 13:18:36,2026-10-08 13:21:27,69.41,78
2026-10-08 12:09:59,2026-10-08 13:18:43,2026-10-08 13:20:52,68.73,78
2026-10-08 12:10:20,2026-10-08 13:20:52,2026-10-08 13:24:31,70.53,78
2026-10-08 12:11:23,2026-10-08 13:21:27,2026-10-08 13:26:43,70.07,78
2026-10-08 12:12:18,2026-10-08 13:23:00,2026-10-08 13:23:56,70.7,77
2026-10-08 12:13:15,2026-10-08 13:23:56,2026-10-08 13:28:35,70.68,77
2026-10-08 12:13:37,2026-10-08 13:24:31,2026-10-08 13:25:52,70.91,77
2026-10-08 12:13:47,2026-10-08 13:25:52,2026-10-08 13:26:02,72.08,78
2026-10-08 12:14:00,2026-10-08 13:26:02,2026-10-08 13:30:08,72.05,79
2026-10-08 12:14:04,2026-10-08 13:26:43,2026-10-08 13:30:17,72.64,80
2026-10-08 12:14:46,2026-10-08 13:28:35,2026-10-08 13:29:13,73.82,80
2026-10-08 12:14:54,2026-10-08 13:29:13,2026-10-08 13:30:59,74.31,81
2026-10-08 12:15:09,2026-10-08 13:30:08,2026-10-08 13:31:22,74.98,82
2026-10-08 12:16:06,2026-10-08 13:30:17,2026-10-08 13:33:30,74.19,81
2026-10-08 12:16:34,2026-10-08 13:30:59,2026-10-08 13:40:19,74.42,82
2026-10-08 12:17:14,2026-10-08 13:31:22,2026-10-08 13:32:26,74.13,83
2026-10-08 12:18:26,2026-10-08 13:32:26,2026-10-08 13:35:46,74.0,84
2026-10-08 12:18:41,2026-10-08 13:33:30,2026-10-08 13:33:33,74.83,85
2026-10-08 12:19:20,2026-10-08 13:33:33,2026-10-08 13:40:13,74.21,86
2026-10-08 12:19:38,2026-10-08 13:35:46,2026-10-08 13:37:56,76.13,87
2026-10-08 12:20:50,2026-10-08 13:37:56,2026-10-08 13:39:24,77.11,88
2026-10-08 12:20:56,2026-10-08 13:39:24,2026-10-08 13:41:06,78.47,89
2026-10-08 12:21:17,2026-10-08 13:40:13,2026-10-08 13:42:14,78.94,88
2026-10-08 12:21:25,2026-10-08 13:40:19,2026-10-08 13:40:38,78.89,89
2026-10-08 12:22:33,2026-10-08 13:40:38,2026-10-08 13:40:50,78.08,88
2026-10-08 12:22:46,2026-10-08 13:40:50,2026-10-08 13:44:37,78.07,89
2026-10-08 12:22:49,2026-10-08 13:41:06,2026-10-08 13:44:24,78.27,90
2026-10-08 12:22:50,2026-10-08 13:42:14,2026-10-08 13:44:01,79.39,91
2026-10-08 12:23:56,2026-10-08 13:44:01,2026-10-08 13:45:17,80.09,92
2026-10-08 12:25:40,2026-10-08 13:44:24,2026-10-08 13:49:43,78.73,91
2026-10-08 12:26:31,2026-10-08 13:44:37,2026-10-08 13:45:57,78.1,89
2026-10-08 12:27:19,2026-10-08 13:45:17,2026-10-08 13:45:43,77.95,89
2026-10-08 12:27:45,2026-10-08 13:45:43,2026-10-08 13:46:13,77.97,89
2026-10-08 12:28:19,2026-10-08 13:45:57,2026-10-08 13:46:50,77.65,88
2026-10-08 12:29:28,2026-10-08 13:46:13,2026-10-08 13:46:52,76.75,89
2026-10-08 12:30:10,2026-10-08 13:46:50,2026-10-08 13:47:06,76.66,90
2026-10-08 12:31:48,2026-10-08 13:46:52,2026-10-08 13:51:41,75.06,89
2026-10-08 12:32:16,2026-10-08 13:47:06,2026-10-08 13:53:22,74.84,89
2026-10-08 12:32:58,2026-10-08 13:49:43,2026-10-08 13:50:57,76.76,88
2026-10-08 12:33:27,2026-10-08 13:50:57,2026-10-08 13:51:06,77.5,88
2026-10-08 12:34:14,2026-10-08 13:51:06,2026-10-08 13:54:24,76.87,89
2026-10-08 12:34:49,2026-10-08 13:51:41,2026-10-08 13:52:15,76.87,89
2026-10-08 12:35:04,2026-10-08 13:52:15,2026-10-08 13:52:45,77.18,89
2026-10-08 12:35:59,2026-10-08 13:52:45,2026-10-08 13:52:46,76.75,87
2026-10-08 12:37:20,2026-10-08 13:52:46,2026-10-08 13:58:02,75.44,84
2026-10-08 12:37:32,2026-10-08 13:53:22,2026-10-08 13:58:45,75.84,85
2026-10-08 12:38:12,2026-10-08 13:54:24,2026-10-08 13:55:38,76.2,86
2026-10-08 12:38:26,2026-10-08 13:55:38,2026-10-08 14:02:33,77.2,87
2026-10-08 12:38:32,2026-10-08 13:58:02,2026-10-08 13:58:15,79.49,88
2026-10-08 12:38:57,2026-10-08 13:58:15,2026-10-08 13:58:25,79.31,88
2026-10-08 12:39:07,2026-10-08 13:58:25,2026-10-08 13:59:18,79.3,89
2026-10-08 12:39:08,2026-10-08 13:58:45,2026-10-08 13:59:59,79.61,90
2026-10-08 12:39:09,2026-10-08 13:59:18,2026-10-08 14:01:56,80.16,91
2026-10-08 12:39:15,2026-10-08 13:59:59,2026-10-08 14:00:26,80.74,92
2026-10-08 12:41:14,2026-10-08 14:00:26,2026-10-08 14:07:54,79.19,91
2026-10-08 12:42:46,2026-10-08 14:01:56,2026-10-08 14:05:21,79.16,90
2026-10-08 12:43:08,2026-10-08 14:02:33,2026-10-08 14:02:40,79.42,91
2026-10-08 12:43:18,2026-10-08 14:02:40,2026-10-08 14:04:19,79.36,92
2026-10-08 12:43:50,2026-10-08 14:04:19,2026-10-08 14:09:15,80.48,92
2026-10-08 12:43:54,2026-10-08 14:05:21,2026-10-08 14:05:50,81.44,93
2026-10-08 12:44:05,2026-10-08 14:05:50,2026-10-08 14:07:47,81.75,94
2026-10-08 12:44:26,2026-10-08 14:07:47,2026-10-08 14:12:28,83.36,95
2026-10-08 12:47:53,2026-10-08 14:07:54,2026-10-08 14:08:24,80.02,94
2026-10-08 12:48:07,2026-10-08 14:08:24,2026-10-08 14:12:26,80.29,94
2026-10-08 12:48:41,2026-10-08 14:09:15,2026-10-08 14:10:07,80.57,94
2026-10-08 12:49:40,2026-10-08 14:10:07,2026-10-08 14:13:55,80.45,94
2026-10-08 12:49:51,2026-10-08 14:12:26,2026-10-08 14:12:51,82.58,95
2026-10-08 12:50:17,2026-10-08 14:12:28,2026-10-08 14:18:02,82.18,95
2026-10-08 12:50:53,2026-10-08 14:12:51,2026-10-08 14:13:39,81.96,96
2026-10-08 12:51:46,2026-10-08 14:13:39,2026-10-08 14:14:51,81.89,96
2026-10-08 12:51:58,2026-10-08 14:13:55,2026-10-08 14:15:59,81.95,97
2026-10-08 12:52:03,2026-10-08 14:14:51,2026-10-08 14:14:55,82.81,98
2026-10-08 12:52:49,2026-10-08 14:14:55,2026-10-08 14:15:05,82.09,97
2026-10-08 12:52:50,2026-10-08 14:15:05,2026-10-08 14:15:15,82.24,98
2026-10-08 12:53:18,2026-10-08 14:15:15,2026-10-08 14:15:59,81.96,98
2026-10-08 12:55:06,2026-10-08 14:15:59,2026-10-08 14:16:00,80.88,99
2026-10-08 12:55:39,2026-10-08 14:15:59,2026-10-08 14:16:03,80.34,100
2026-10-08 12:56:06,2026-10-08 14:16:00,2026-10-08 14:21:14,79.9,101
2026-10-08 12:56:32,2026-10-08 14:16:03,2026-10-08 14:19:33,79.52,101
2026-10-08 12:57:52,2026-10-08 14:18:02,2026-10-08 14:18:16,80.17,102
2026-10-08 12:58:11,2026-10-08 14:18:16,2026-10-08 14:20:25,80.09,103
2026-10-08 12:58:27,2026-10-08 14:19:33,2026-10-08 14:24:14,81.1,103
2026-10-08 13:00:00,2026-10-08 14:20:25,2026-10-08 14:23:17,80.42,102
2026-10-08 13:00:17,2026-10-08 14:21:14,2026-10-08 14:34:17,80.95,102
2026-10-08 13:00:31,2026-10-08 14:23:17,2026-10-08 14:23:46,82.77,102
2026-10-08 13:01:34,2026-10-08 14:23:46,2026-10-08 14:27:55,82.19,103
2026-10-08 13:03:42,2026-10-08 14:24:14,2026-10-08 14:24:38,80.53,104
2026-10-08 13:03:55,2026-10-08 14:24:38,2026-10-08 14:24:40,80.72,105
2026-10-08 13:05:25,2026-10-08 14:24:40,2026-10-08 14:25:09,79.24,101
2026-10-08 13:05:36,2026-10-08 14:25:09,2026-10-08 14:28:13,79.55,102
2026-10-08 13:05:57,2026-10-08 14:27:55,2026-10-08 14:41:49,81.97,103
2026-10-08 13:06:34,2026-10-08 14:28:13,2026-10-08 14:33:06,81.65,103
2026-10-08 13:06:49,2026-10-08 14:33:06,2026-10-08 14:40:07,86.28,104
2026-10-08 13:07:13,2026-10-08 14:34:17,2026-10-08 14:35:47,87.06,104
2026-10-08 13:07:33,2026-10-08 14:35:47,2026-10-08 14:40:13,88.22,105
2026-10-08 13:08:41,2026-10-08 14:40:07,2026-10-08 14:47:55,91.43,104
2026-10-08 13:09:27,2026-10-08 14:40:13,2026-10-08 14:42:05,90.77,105
2026-10-08 13:09:47,2026-10-08 14:41:49,2026-10-08 14:42:17,92.02,106
2026-10-08 13:10:08,2026-10-08 14:42:05,2026-10-08 14:43:52,91.96,107
2026-10-08 13:10:13,2026-10-08 14:42:17,2026-10-08 14:50:03,92.07,107
2026-10-08 13:10:13,2026-10-08 14:43:52,2026-10-08 14:45:20,93.64,108
2026-10-08 13:11:06,2026-10-08 14:45:20,2026-10-08 14:48:06,94.24,108
2026-10-08 13:11:18,2026-10-08 14:47:55,2026-10-08 14:48:28,96.61,109
2026-10-08 13:11:55,2026-10-08 14:48:06,2026-10-08 14:49:20,96.18,110
2026-10-08 13:12:04,2026-10-08 14:48:28,2026-10-08 14:50:29,96.41,111
2026-10-08 13:12:38,2026-10-08 14:49:20,2026-10-08 14:49:28,96.7,111
2026-10-08 13:12:46,2026-10-08 14:49:28,2026-10-08 14:51:39,96.71,112
2026-10-08 13:12:58,2026-10-08 14:50:03,2026-10-08 14:52:05,97.1,112
2026-10-08 13:13:29,2026-10-08 14:50:29,2026-10-08 14:51:45,96.99,113
2026-10-08 13:13:46,2026-10-08 14:51:39,2026-10-08 14:53:29,97.89,114
2026-10-08 13:14:14,2026-10-08 14:51:45,2026-10-08 14:52:20,97.53,113
2026-10-08 13:14:28,2026-10-08 14:52:05,2026-10-08 14:55:40,97.61,114
2026-10-08 13:15:08,2026-10-08 14:52:20,2026-10-08 14:52:55,97.2,115
2026-10-08 13:15:19,2026-10-08 14:52:55,2026-10-08 14:54:44,97.61,116
2026-10-08 13:16:36,2026-10-08 14:53:29,2026-10-08 14:58:08,96.88,116
2026-10-08 13:17:12,2026-10-08 14:54:44,2026-10-08 15:00:03,97.54,115
2026-10-08 13:17:21,2026-10-08 14:55:40,2026-10-08 14:56:41,98.32,116
2026-10-08 13:18:12,2026-10-08 14:56:41,2026-10-08 14:57:37,98.49,117
2026-10-08 13:18:52,2026-10-08 14:57:37,2026-10-08 15:01:41,98.75,116
2026-10-08 13:21:13,2026-10-08 14:58:08,2026-10-08 14:58:39,96.92,116
2026-10-08 13:22:13,2026-10-08 14:58:39,2026-10-08 15:00:21,96.44,116
2026-10-08 13:22:16,2026-10-08 15:00:03,2026-10-08 15:00:14,97.78,117
2026-10-08 13:22:19,2026-10-08 15:00:14,2026-10-08 15:03:17,97.91,118
2026-10-08 13:22:39,2026-10-08 15:00:21,2026-10-08 15:01:30,97.69,119
2026-10-08 13:22:49,2026-10-08 15:01:30,2026-10-08 15:03:43,98.69,120
2026-10-08 13:23:02,2026-10-08 15:01:41,2026-10-08 15:09:27,98.65,120
2026-10-08 13:23:59,2026-10-08 15:03:17,2026-10-08 15:03:30,99.3,120
2026-10-08 13:25:04,2026-10-08 15:03:30,2026-10-08 15:03:44,98.44,120
2026-10-08 13:25:06,2026-10-08 15:03:43,2026-10-08 15:04:52,98.61,121
2026-10-08 13:25:42,2026-10-08 15:03:44,2026-10-08 15:08:19,98.03,122
2026-10-08 13:26:43,2026-10-08 15:04:52,2026-10-08 15:06:36,98.15,121
2026-10-08 13:27:56,2026-10-08 15:06:36,2026-10-08 15:08:46,98.67,121
2026-10-08 13:29:20,2026-10-08 15:08:19,2026-10-08 15:08:20,98.97,120
2026-10-08 13:31:04,2026-10-08 15:08:20,2026-10-08 15:09:42,97.27,118
2026-10-08 13:31:54,2026-10-08 15:08:46,2026-10-08 15:27:21,96.86,118
2026-10-08 13:32:03,2026-10-08 15:09:27,2026-10-08 15:12:20,97.4,119
2026-10-08 13:32:10,2026-10-08 15:09:42,2026-10-08 15:18:22,97.54,120
2026-10-08 13:32:13,2026-10-08 15:12:20,2026-10-08 15:13:33,100.11,121
2026-10-08 13:33:05,2026-10-08 15:13:33,2026-10-08 15:19:49,100.48,121
2026-10-08 13:33:10,2026-10-08 15:18:22,2026-10-08 15:19:46,105.2,122
2026-10-08 13:33:45,2026-10-08 15:19:46,2026-10-08 15:21:18,106.02,121
2026-10-08 13:33:48,2026-10-08 15:19:49,2026-10-08 15:21:17,106.0,122
2026-10-08 13:34:03,2026-10-08 15:21:17,2026-10-08 15:21:44,107.24,123
2026-10-08 13:34:06,2026-10-08 15:21:18,2026-10-08 15:24:15,107.19,124
2026-10-08 13:36:34,2026-10-08 15:21:44,2026-10-08 15:22:48,105.17,124
2026-10-08 13:37:20,2026-10-08 15:22:48,2026-10-08 15:23:52,105.47,125
2026-10-08 13:37:55,2026-10-08 15:23:52,2026-10-08 15:23:58,105.95,126
2026-10-08 13:38:06,2026-10-08 15:23:58,2026-10-08 15:25:00,105.87,126
2026-10-08 13:38:12,2026-10-08 15:24:15,2026-10-08 15:24:23,106.05,127
2026-10-08 13:38:48,2026-10-08 15:24:23,2026-10-08 15:25:56,105.59,128
2026-10-08 13:38:49,2026-10-08 15:25:00,2026-10-08 15:29:32,106.19,129
2026-10-08 13:39:01,2026-10-08 15:25:56,2026-10-08 15:30:00,106.92,130
2026-10-08 13:40:16,2026-10-08 15:27:21,2026-10-08 15:28:53,107.1,129
2026-10-08 13:40:57,2026-10-08 15:28:53,2026-10-08 15:28:59,107.93,127
2026-10-08 13:41:17,2026-10-08 15:28:59,2026-10-08 15:29:29,107.7,127
2026-10-08 13:43:18,2026-10-08 15:29:29,2026-10-08 15:29:38,106.17,127
2026-10-08 13:44:04,2026-10-08 15:29:32,2026-10-08 15:30:46,105.47,127
2026-10-08 13:44:04,2026-10-08 15:29:38,2026-10-08 15:30:39,105.57,128
2026-10-08 13:44:54,2026-10-08 15:30:00,2026-10-08 15:31:32,105.1,127
2026-10-08 13:45:51,2026-10-08 15:30:39,2026-10-08 15:30:48,104.81,126
2026-10-08 13:46:01,2026-10-08 15:30:46,2026-10-08 15:35:31,104.74,126
2026-10-08 13:47:13,2026-10-08 15:30:48,2026-10-08 15:30:49,103.58,123
2026-10-08 13:47:26,2026-10-08 15:30:49,2026-10-08 15:32:11,103.38,124
2026-10-08 13:47:51,2026-10-08 15:31:32,2026-10-08 15:32:58,103.67,125
2026-10-08 13:48:05,2026-10-08 15:32:11,2026-10-08 15:35:08,104.11,126
2026-10-08 13:48:34,2026-10-08 15:32:58,2026-10-08 15:34:13,104.4,127
2026-10-08 13:49:02,2026-10-08 15:34:13,2026-10-08 15:37:40,105.18,128
2026-10-08 13:49:32,2026-10-08 15:35:08,2026-10-08 15:39:56,105.59,129
2026-10-08 13:49:59,2026-10-08 15:35:31,2026-10-08 15:36:32,105.53,129
2026-10-08 13:51:24,2026-10-08 15:36:32,2026-10-08 15:40:10,105.13,128
2026-10-08 13:51:26,2026-10-08 15:37:40,2026-10-08 15:38:19,106.23,129
2026-10-08 13:52:23,2026-10-08 15:38:19,2026-10-08 15:39:07,105.94,128
2026-10-08 13:52:42,2026-10-08 15:39:07,2026-10-08 15:41:39,106.41,129
2026-10-08 13:53:25,2026-10-08 15:39:56,2026-10-08 15:40:48,106.53,127
2026-10-08 13:55:31,2026-10-08 15:40:10,2026-10-08 15:40:35,104.65,127
2026-10-08 13:55:45,2026-10-08 15:40:35,2026-10-08 15:46:13,104.84,127
2026-10-08 13:55:58,2026-10-08 15:40:48,2026-10-08 15:42:59,104.83,128
2026-10-08 13:56:17,2026-10-08 15:41:39,2026-10-08 15:44:54,105.36,129
2026-10-08 13:56:34,2026-10-08 15:42:59,2026-10-08 15:43:42,106.42,130
2026-10-08 13:57:36,2026-10-08 15:43:42,2026-10-08 15:43:52,106.1,131
2026-10-08 13:59:49,2026-10-08 15:43:52,2026-10-08 15:48:47,104.05,127
2026-10-08 14:01:08,2026-10-08 15:44:54,2026-10-08 15:49:31,103.78,126
2026-10-08 14:01:41,2026-10-08 15:46:13,2026-10-08 15:47:46,104.54,127
2026-10-08 14:02:36,2026-10-08 15:47:46,2026-10-08 15:47:59,105.16,126
2026-10-08 14:03:49,2026-10-08 15:47:59,2026-10-08 15:51:40,104.16,126
2026-10-08 14:04:00,2026-10-08 15:48:47,2026-10-08 15:50:46,104.79,127
2026-10-08 14:04:24,2026-10-08 15:49:31,2026-10-08 15:50:02,105.12,127
2026-10-08 14:04:35,2026-10-08 15:50:02,2026-10-08 15:52:27,105.44,128
2026-10-08 14:07:57,2026-10-08 15:50:46,2026-10-08 15:51:32,102.81,125
2026-10-08 14:09:16,2026-10-08 15:51:32,2026-10-08 15:51:35,102.27,124
2026-10-08 14:09:30,2026-10-08 15:51:35,2026-10-08 15:51:50,102.09,125
2026-10-08 14:09:49,2026-10-08 15:51:40,2026-10-08 15:52:10,101.85,126
2026-10-08 14:10:04,2026-10-08 15:51:50,2026-10-08 15:52:20,101.76,127
2026-10-08 14:10:18,2026-10-08 15:52:10,2026-10-08 15:53:04,101.87,127
2026-10-08 14:12:51,2026-10-08 15:52:20,2026-10-08 15:54:13,99.48,126
2026-10-08 14:13:03,2026-10-08 15:52:27,2026-10-08 15:53:35,99.39,126
2026-10-08 14:13:21,2026-10-08 15:53:04,2026-10-08 15:53:58,99.7,127
2026-10-08 14:13:24,2026-10-08 15:53:35,2026-10-08 15:54:41,100.18,128
2026-10-08 14:14:24,2026-10-08 15:53:58,2026-10-08 15:54:23,99.56,127
2026-10-08 14:14:50,2026-10-08 15:54:13,2026-10-08 15:58:09,99.38,128
2026-10-08 14:15:07,2026-10-08 15:54:23,2026-10-08 16:02:16,99.28,126
2026-10-08 14:16:54,2026-10-08 15:54:41,2026-10-08 15:59:33,97.78,122
2026-10-08 14:17:46,2026-10-08 15:58:09,2026-10-08 16:01:50,100.39,123
2026-10-08 14:17:57,2026-10-08 15:59:33,2026-10-08 16:04:33,101.6,124
2026-10-08 14:18:21,2026-10-08 16:01:50,2026-10-08 16:03:02,103.49,123
2026-10-08 14:18:30,2026-10-08 16:02:16,2026-10-08 16:03:55,103.77,124
2026-10-08 14:18:40,2026-10-08 16:03:02,2026-10-08 16:04:58,104.36,125
2026-10-08 14:18:44,2026-10-08 16:03:55,2026-10-08 16:06:39,105.19,126
2026-10-08 14:19:15,2026-10-08 16:04:33,2026-10-08 16:06:54,105.3,127
2026-10-08 14:20:00,2026-10-08 16:04:58,2026-10-08 16:05:45,104.97,127
2026-10-08 14:20:20,2026-10-08 16:05:45,2026-10-08 16:07:32,105.4,128
2026-10-08 14:20:36,2026-10-08 16:06:39,2026-10-08 16:12:58,106.04,128
2026-10-08 14:21:13,2026-10-08 16:06:54,2026-10-08 16:09:19,105.68,129
2026-10-08 14:21:33,2026-10-08 16:07:32,2026-10-08 16:08:05,105.99,129
2026-10-08 14:21:40,2026-10-08 16:08:05,2026-10-08 16:15:11,106.41,130
2026-10-08 14:22:19,2026-10-08 16:09:19,2026-10-08 16:10:02,106.99,131
2026-10-08 14:22:39,2026-10-08 16:10:02,2026-10-08 16:14:31,107.39,132
2026-10-08 14:22:42,2026-10-08 16:12:58,2026-10-08 16:14:44,110.27,133
2026-10-08 14:23:16,2026-10-08 16:14:31,2026-10-08 16:16:14,111.23,134
2026-10-08 14:23:57,2026-10-08 16:14:44,2026-10-08 16:15:19,110.79,133
2026-10-08 14:24:45,2026-10-08 16:15:11,2026-10-08 16:15:29,110.44,131
2026-10-08 14:25:44,2026-10-08 16:15:19,2026-10-08 16:15:54,109.59,131
2026-10-08 14:26:05,2026-10-08 16:15:29,2026-10-08 16:18:26,109.4,132
2026-10-08 14:26:07,2026-10-08 16:15:54,2026-10-08 16:16:13,109.78,133
2026-10-08 14:28:04,2026-10-08 16:16:13,2026-10-08 16:20:05,108.15,133
2026-10-08 14:29:26,2026-10-08 16:16:14,2026-10-08 16:16:44,106.8,133
2026-10-08 14:29:50,2026-10-08 16:16:44,2026-10-08 16:18:35,106.91,134
2026-10-08 14:30:13,2026-10-08 16:18:26,2026-10-08 16:18:34,108.2,135
2026-10-08 14:31:08,2026-10-08 16:18:34,2026-10-08 16:20:02,107.42,136
2026-10-08 14:33:07,2026-10-08 16:18:35,2026-10-08 16:21:17,105.47,136
2026-10-08 14:33:13,2026-10-08 16:20:02,2026-10-08 16:20:17,106.82,137
2026-10-08 14:33:28,2026-10-08 16:20:05,2026-10-08 16:20:19,106.62,138
2026-10-08 14:33:31,2026-10-08 16:20:17,2026-10-08 16:20:50,106.77,139
2026-10-08 14:33:55,2026-10-08 16:20:19,2026-10-08 16:22:56,106.41,140
2026-10-08 14:34:27,2026-10-08 16:20:50,2026-10-08 16:23:23,106.38,140
2026-10-08 14:34:30,2026-10-08 16:21:17,2026-10-08 16:22:34,106.78,141
2026-10-08 14:34:58,2026-10-08 16:22:34,2026-10-08 16:30:55,107.59,142
2026-10-08 14:35:35,2026-10-08 16:22:56,2026-10-08 16:24:01,107.35,143
2026-10-08 14:35:46,2026-10-08 16:23:23,2026-10-08 16:25:43,107.63,144
2026-10-08 14:35:49,2026-10-08 16:24:01,2026-10-08 16:25:42,108.21,144
2026-10-08 14:36:45,2026-10-08 16:25:42,2026-10-08 16:26:34,108.95,145
2026-10-08 14:37:10,2026-10-08 16:25:43,2026-10-08 16:26:24,108.56,146
2026-10-08 14:37:33,2026-10-08 16:26:24,2026-10-08 16:27:38,108.84,147
2026-10-08 14:39:44,2026-10-08 16:26:34,2026-10-08 16:26:58,106.84,148
2026-10-08 14:40:14,2026-10-08 16:26:58,2026-10-08 16:30:17,106.72,147
2026-10-08 14:41:16,2026-10-08 16:27:38,2026-10-08 16:36:37,106.38,148
2026-10-08 14:44:18,2026-10-08 16:30:17,2026-10-08 16:33:25,105.98,145
2026-10-08 14:46:13,2026-10-08 16:30:55,2026-10-08 16:31:11,104.69,145
2026-10-08 14:47:25,2026-10-08 16:31:11,2026-10-08 16:32:35,103.77,146
2026-10-08 14:48:46,2026-10-08 16:32:35,2026-10-08 16:41:23,103.82,144
2026-10-08 14:51:17,2026-10-08 16:33:25,2026-10-08 16:33:35,102.13,141
2026-10-08 14:51:25,2026-10-08 16:33:35,2026-10-08 16:34:06,102.17,142
2026-10-08 14:51:33,2026-10-08 16:34:06,2026-10-08 16:35:59,102.55,143
2026-10-08 14:51:45,2026-10-08 16:35:59,2026-10-08 16:38:47,104.24,143
2026-10-08 14:53:59,2026-10-08 16:36:37,2026-10-08 16:39:06,102.63,139
2026-10-08 14:54:30,2026-10-08 16:38:47,2026-10-08 16:39:27,104.29,140
2026-10-08 14:54:58,2026-10-08 16:39:06,2026-10-08 16:39:16,104.13,140
2026-10-08 14:55:18,2026-10-08 16:39:16,2026-10-08 16:41:42,103.97,141
2026-10-08 14:56:14,2026-10-08 16:39:27,2026-10-08 16:39:29,103.22,141
2026-10-08 14:56:31,2026-10-08 16:39:29,2026-10-08 16:43:31,102.97,142
2026-10-08 14:57:34,2026-10-08 16:41:23,2026-10-08 16:42:55,103.82,142
2026-10-08 14:58:07,2026-10-08 16:41:42,2026-10-08 16:46:25,103.59,142
2026-10-08 14:59:40,2026-10-08 16:42:55,2026-10-08 16:47:39,103.25,141
2026-10-08 15:00:07,2026-10-08 16:43:31,2026-10-08 16:45:32,103.4,141
2026-10-08 15:00:43,2026-10-08 16:45:32,2026-10-08 16:45:37,104.81,140
2026-10-08 15:01:09,2026-10-08 16:45:37,2026-10-08 16:48:01,104.47,141
2026-10-08 15:02:42,2026-10-08 16:46:25,2026-10-08 16:49:45,103.72,140
2026-10-08 15:04:33,2026-10-08 16:47:39,2026-10-08 16:48:06,103.09,137
2026-10-08 15:05:38,2026-10-08 16:48:01,2026-10-08 16:48:32,102.39,137
2026-10-08 15:05:42,2026-10-08 16:48:06,2026-10-08 16:49:06,102.39,138
2026-10-08 15:05:55,2026-10-08 16:48:32,2026-10-08 16:50:50,102.62,139
2026-10-08 15:06:13,2026-10-08 16:49:06,2026-10-08 16:49:23,102.88,140
2026-10-08 15:07:32,2026-10-08 16:49:23,2026-10-08 16:50:38,101.85,140
2026-10-08 15:09:11,2026-10-08 16:49:45,2026-10-08 16:50:54,100.57,138
2026-10-08 15:09:34,2026-10-08 16:50:38,2026-10-08 16:59:52,101.06,138
2026-10-08 15:09:39,2026-10-08 16:50:50,2026-10-08 16:51:27,101.18,139
2026-10-08 15:10:24,2026-10-08 16:50:54,2026-10-08 16:56:32,100.49,139
2026-10-08 15:10:45,2026-10-08 16:51:27,2026-10-08 16:51:43,100.7,140
2026-10-08 15:11:20,2026-10-08 16:51:43,2026-10-08 16:53:53,100.37,141
2026-10-08 15:12:09,2026-10-08 16:53:53,2026-10-08 16:55:31,101.75,142
2026-10-08 15:12:54,2026-10-08 16:55:31,2026-10-08 16:55:40,102.62,142
2026-10-08 15:13:06,2026-10-08 16:55:40,2026-10-08 17:02:51,102.58,143
2026-10-08 15:13:23,2026-10-08 16:56:32,2026-10-08 16:57:43,103.15,144
2026-10-08 15:16:23,2026-10-08 16:57:43,2026-10-08 16:59:08,101.33,144
2026-10-08 15:17:11,2026-10-08 16:59:08,2026-10-08 17:06:29,101.95,145
2026-10-08 15:17:25,2026-10-08 16:59:52,2026-10-08 17:00:16,102.45,146
2026-10-08 15:17:40,2026-10-08 17:00:16,2026-10-08 17:06:51,102.61,147
2026-10-08 15:17:55,2026-10-08 17:02:51,2026-10-08 17:10:02,104.94,148
2026-10-08 15:19:17,2026-10-08 17:06:29,2026-10-08 17:17:12,107.2,148
2026-10-08 15:20:08,2026-10-08 17:06:51,2026-10-08 17:08:26,106.71,147
2026-10-08 15:20:45,2026-10-08 17:08:26,2026-10-08 17:14:17,107.68,148
2026-10-08 15:21:11,2026-10-08 17:10:02,2026-10-08 17:13:56,108.84,149
2026-10-08 15:21:40,2026-10-08 17:13:56,2026-10-08 17:15:15,112.26,148
2026-10-08 15:22:15,2026-10-08 17:14:17,2026-10-08 17:21:11,112.04,148
2026-10-08 15:23:27,2026-10-08 17:15:15,2026-10-08 17:16:17,111.8,148
2026-10-08 15:23:41,2026-10-08 17:16:17,2026-10-08 17:17:58,112.59,149
2026-10-08 15:23:54,2026-10-08 17:17:12,2026-10-08 17:18:04,113.3,149
2026-10-08 15:24:19,2026-10-08 17:17:58,2026-10-08 17:18:21,113.65,148
2026-10-08 15:24:28,2026-10-08 17:18:04,2026-10-08 17:20:22,113.61,148
2026-10-08 15:24:39,2026-10-08 17:18:21,2026-10-08 17:25:51,113.71,149
2026-10-08 15:25:07,2026-10-08 17:20:22,2026-10-08 17:20:45,115.26,149
2026-10-08 15:25:08,2026-10-08 17:20:45,2026-10-08 17:21:55,115.62,150
2026-10-08 15:25:18,2026-10-08 17:21:11,2026-10-08 17:23:54,115.88,151
2026-10-08 15:25:54,2026-10-08 17:21:55,2026-10-08 17:22:15,116.03,152
2026-10-08 15:28:17,2026-10-08 17:22:15,2026-10-08 17:22:28,113.97,151
2026-10-08 15:28:39,2026-10-08 17:22:28,2026-10-08 17:28:20,113.81,152
2026-10-08 15:28:59,2026-10-08 17:23:54,2026-10-08 17:26:01,114.92,152
2026-10-08 15:29:13,2026-10-08 17:25:51,2026-10-08 17:28:39,116.64,152
2026-10-08 15:30:52,2026-10-08 17:26:01,2026-10-08 17:30:17,115.14,145
2026-10-08 15:31:08,2026-10-08 17:28:20,2026-10-08 17:28:47,117.19,146
2026-10-08 15:31:15,2026-10-08 17:28:39,2026-10-08 17:32:50,117.39,147
2026-10-08 15:31:27,2026-10-08 17:28:47,2026-10-08 17:32:03,117.34,148
2026-10-08 15:32:44,2026-10-08 17:30:17,2026-10-08 17:36:45,117.55,147
2026-10-08 15:33:17,2026-10-08 17:32:03,2026-10-08 17:32:33,118.77,147
2026-10-08 15:33:30,2026-10-08 17:32:33,2026-10-08 17:36:09,119.06,148
2026-10-08 15:34:02,2026-10-08 17:32:50,2026-10-08 17:34:41,118.8,149
2026-10-08 15:34:24,2026-10-08 17:34:41,2026-10-08 17:35:56,120.28,149
2026-10-08 15:34:30,2026-10-08 17:35:56,2026-10-08 17:36:37,121.44,150
2026-10-08 15:36:47,2026-10-08 17:36:09,2026-10-08 17:36:56,119.37,148
2026-10-08 15:37:08,2026-10-08 17:36:37,2026-10-08 17:41:02,119.49,149
2026-10-08 15:37:16,2026-10-08 17:36:45,2026-10-08 17:37:17,119.48,150
2026-10-08 15:39:10,2026-10-08 17:36:56,2026-10-08 17:37:33,117.76,148
2026-10-08 15:39:57,2026-10-08 17:37:17,2026-10-08 17:43:47,117.35,148
2026-10-08 15:40:00,2026-10-08 17:37:33,2026-10-08 17:38:00,117.56,149
2026-10-08 15:41:38,2026-10-08 17:38:00,2026-10-08 17:39:16,116.36,147
2026-10-08 15:42:13,2026-10-08 17:39:16,2026-10-08 17:39:19,117.06,147
2026-10-08 15:42:35,2026-10-08 17:39:19,2026-10-08 17:40:36,116.74,148
2026-10-08 15:43:50,2026-10-08 17:40:36,2026-10-08 17:42:21,116.76,147
2026-10-08 15:44:04,2026-10-08 17:41:02,2026-10-08 17:46:50,116.96,147
2026-10-08 15:44:25,2026-10-08 17:42:21,2026-10-08 17:50:53,117.95,148
2026-10-08 15:44:27,2026-10-08 17:43:47,2026-10-08 17:45:23,119.33,149
2026-10-08 15:45:39,2026-10-08 17:45:23,2026-10-08 17:51:49,119.73,149
2026-10-08 15:45:49,2026-10-08 17:46:50,2026-10-08 17:47:01,121.02,150
2026-10-08 15:46:10,2026-10-08 17:47:01,2026-10-08 17:48:12,120.84,151
2026-10-08 15:46:31,2026-10-08 17:48:12,2026-10-08 17:51:57,121.69,151
2026-10-08 15:47:10,2026-10-08 17:50:53,2026-10-08 17:54:19,123.71,152
2026-10-08 15:47:15,2026-10-08 17:51:49,2026-10-08 17:52:15,124.58,153
2026-10-08 15:47:57,2026-10-08 17:51:57,2026-10-08 17:52:13,124.0,153
2026-10-08 15:48:06,2026-10-08 17:52:13,2026-10-08 17:52:36,124.13,153
2026-10-08 15:48:54,2026-10-08 17:52:15,2026-10-08 17:52:15,123.34,153
2026-10-08 15:49:58,2026-10-08 17:52:15,2026-10-08 17:58:14,122.29,153
2026-10-08 15:49:59,2026-10-08 17:52:36,2026-10-08 17:56:03,122.62,154
2026-10-08 15:50:13,2026-10-08 17:54:19,2026-10-08 17:58:22,124.11,154
2026-10-08 15:50:30,2026-10-08 17:56:03,2026-10-08 17:57:59,125.55,155
2026-10-08 15:50:48,2026-10-08 17:57:59,2026-10-08 17:59:42,127.19,155
2026-10-08 15:51:32,2026-10-08 17:58:14,2026-10-08 18:01:06,126.71,155
2026-10-08 15:51:37,2026-10-08 17:58:22,2026-10-08 17:58:52,126.75,155
2026-10-08 15:52:55,2026-10-08 17:58:52,2026-10-08 18:02:24,125.95,151
2026-10-08 15:53:13,2026-10-08 17:59:42,2026-10-08 18:02:03,126.48,151
2026-10-08 15:53:20,2026-10-08 18:01:06,2026-10-08 18:04:11,127.76,152
2026-10-08 15:53:51,2026-10-08 18:02:03,2026-10-08 18:04:17,128.19,152
2026-10-08 15:54:10,2026-10-08 18:02:24,2026-10-08 18:02:58,128.24,152
2026-10-08 15:54:25,2026-10-08 18:02:58,2026-10-08 18:03:30,128.56,151
2026-10-08 15:54:40,2026-10-08 18:03:30,2026-10-08 18:04:41,128.84,152
2026-10-08 15:54:55,2026-10-08 18:04:11,2026-10-08 18:05:56,129.27,152
2026-10-08 15:54:56,2026-10-08 18:04:17,2026-10-08 18:04:21,129.35,153
2026-10-08 15:55:01,2026-10-08 18:04:21,2026-10-08 18:10:34,129.33,154
2026-10-08 15:55:13,2026-10-08 18:04:41,2026-10-08 18:05:14,129.47,155
2026-10-08 15:56:33,2026-10-08 18:05:14,2026-10-08 18:05:23,128.68,156
2026-10-08 15:57:13,2026-10-08 18:05:23,2026-10-08 18:06:19,128.16,157
2026-10-08 15:59:19,2026-10-08 18:05:56,2026-10-08 18:06:43,126.62,157
2026-10-08 16:00:57,2026-10-08 18:06:19,2026-10-08 18:06:23,125.35,157
2026-10-08 16:01:38,2026-10-08 18:06:23,2026-10-08 18:06:54,124.75,158
2026-10-08 16:03:52,2026-10-08 18:06:43,2026-10-08 18:09:05,122.84,156
2026-10-08 16:04:57,2026-10-08 18:06:54,2026-10-08 18:10:44,121.95,155
2026-10-08 16:06:18,2026-10-08 18:09:05,2026-10-08 18:10:32,122.78,154
2026-10-08 16:07:00,2026-10-08 18:10:32,2026-10-08 18:11:35,123.53,153
2026-10-08 16:07:02,2026-10-08 18:10:34,2026-10-08 18:11:01,123.53,154
2026-10-08 16:07:21,2026-10-08 18:10:44,2026-10-08 18:19:02,123.39,155
2026-10-08 16:07:43,2026-10-08 18:11:01,2026-10-08 18:13:42,123.3,155
2026-10-08 16:09:58,2026-10-08 18:11:35,2026-10-08 18:13:26,121.62,154
2026-10-08 16:10:06,2026-10-08 18:13:26,2026-10-08 18:16:49,123.33,154
2026-10-08 16:10:27,2026-10-08 18:13:42,2026-10-08 18:16:11,123.25,155
2026-10-08 16:10:39,2026-10-08 18:16:11,2026-10-08 18:16:28,125.53,156
2026-10-08 16:11:02,2026-10-08 18:16:28,2026-10-08 18:18:18,125.45,157
2026-10-08 16:11:16,2026-10-08 18:16:49,2026-10-08 18:19:26,125.54,158
2026-10-08 16:11:31,2026-10-08 18:18:18,2026-10-08 18:22:19,126.78,159
2026-10-08 16:11:51,2026-10-08 18:19:02,2026-10-08 18:22:24,127.17,160
2026-10-08 16:11:53,2026-10-08 18:19:26,2026-10-08 18:22:58,127.55,161
2026-10-08 16:12:10,2026-10-08 18:22:19,2026-10-08 18:23:07,130.15,162
2026-10-08 16:12:44,2026-10-08 18:22:24,2026-10-08 18:22:26,129.67,163
2026-10-08 16:12:53,2026-10-08 18:22:26,2026-10-08 18:26:08,129.55,164
2026-10-08 16:12:55,2026-10-08 18:22:58,2026-10-08 18:23:21,130.05,165
2026-10-08 16:14:14,2026-10-08 18:23:07,2026-10-08 18:25:46,128.88,165
2026-10-08 16:14:23,2026-10-08 18:23:21,2026-10-08 18:25:08,128.96,166
2026-10-08 16:14:27,2026-10-08 18:25:08,2026-10-08 18:30:36,130.67,167
2026-10-08 16:15:37,2026-10-08 18:25:46,2026-10-08 18:27:01,130.15,163
2026-10-08 16:17:28,2026-10-08 18:26:08,2026-10-08 18:26:56,128.66,160
2026-10-08 16:18:00,2026-10-08 18:26:56,2026-10-08 18:28:05,128.93,161
2026-10-08 16:19:09,2026-10-08 18:27:01,2026-10-08 18:27:16,127.87,159
2026-10-08 16:19:34,2026-10-08 18:27:16,2026-10-08 18:32:02,127.69,160
2026-10-08 16:19:38,2026-10-08 18:28:05,2026-10-08 18:33:18,128.46,161
2026-10-08 16:19:55,2026-10-08 18:30:36,2026-10-08 18:31:10,130.69,162
2026-10-08 16:20:47,2026-10-08 18:31:10,2026-10-08 18:31:14,130.38,159
2026-10-08 16:21:02,2026-10-08 18:31:14,2026-10-08 18:31:30,130.21,159
2026-10-08 16:22:03,2026-10-08 18:31:30,2026-10-08 18:36:13,129.45,159
2026-10-08 16:22:20,2026-10-08 18:32:02,2026-10-08 18:34:10,129.7,160
2026-10-08 16:22:43,2026-10-08 18:33:18,2026-10-08 18:33:58,130.58,160
2026-10-08 16:23:34,2026-10-08 18:33:58,2026-10-08 18:34:36,130.4,159
2026-10-08 16:24:39,2026-10-08 18:34:10,2026-10-08 18:47:45,129.51,159
2026-10-08 16:25:35,2026-10-08 18:34:36,2026-10-08 18:38:09,129.02,160
2026-10-08 16:26:59,2026-10-08 18:36:13,2026-10-08 18:39:06,129.22,156
2026-10-08 16:27:28,2026-10-08 18:38:09,2026-10-08 18:41:23,130.68,157
2026-10-08 16:27:51,2026-10-08 18:39:06,2026-10-08 18:41:55,131.24,157
2026-10-08 16:28:00,2026-10-08 18:41:23,2026-10-08 18:44:38,133.38,158
2026-10-08 16:28:38,2026-10-08 18:41:55,2026-10-08 18:44:27,133.29,159
2026-10-08 16:29:04,2026-10-08 18:44:27,2026-10-08 18:46:45,135.39,160
2026-10-08 16:29:52,2026-10-08 18:44:38,2026-10-08 18:45:20,134.77,161
2026-10-08 16:30:52,2026-10-08 18:45:20,2026-10-08 18:50:27,134.47,161
2026-10-08 16:31:15,2026-10-08 18:46:45,2026-10-08 18:47:03,135.5,160
2026-10-08 16:34:17,2026-10-08 18:47:03,2026-10-08 18:48:52,132.76,157
2026-10-08 16:34:36,2026-10-08 18:47:45,2026-10-08 18:47:51,133.15,158
2026-10-08 16:34:48,2026-10-08 18:47:51,2026-10-08 18:48:17,133.06,159
2026-10-08 16:34:56,2026-10-08 18:48:17,2026-10-08 18:58:25,133.35,160
2026-10-08 16:34:58,2026-10-08 18:48:52,2026-10-08 18:53:26,133.9,161
2026-10-08 16:35:43,2026-10-08 18:50:27,2026-10-08 18:51:45,134.72,162
2026-10-08 16:35:56,2026-10-08 18:51:45,2026-10-08 18:52:40,135.81,163
2026-10-08 16:36:46,2026-10-08 18:52:40,2026-10-08 18:53:36,135.91,162
2026-10-08 16:36:52,2026-10-08 18:53:26,2026-10-08 18:58:11,136.57,163
2026-10-08 16:38:00,2026-10-08 18:53:36,2026-10-08 18:53:40,135.6,164
2026-10-08 16:38:10,2026-10-08 18:53:40,2026-10-08 18:55:55,135.49,165
2026-10-08 16:38:16,2026-10-08 18:55:55,2026-10-08 18:57:59,137.64,166
2026-10-08 16:38:37,2026-10-08 18:57:59,2026-10-08 18:59:49,139.36,167
2026-10-08 16:39:17,2026-10-08 18:58:11,2026-10-08 18:59:37,138.89,165
2026-10-08 16:39:30,2026-10-08 18:58:25,2026-10-08 19:00:01,138.9,164
2026-10-08 16:40:31,2026-10-08 18:59:37,2026-10-08 19:10:02,139.1,165
2026-10-08 16:40:33,2026-10-08 18:59:49,2026-10-08 19:01:20,139.27,166
2026-10-08 16:40:45,2026-10-08 19:00:01,2026-10-08 19:00:52,139.27,167
2026-10-08 16:41:19,2026-10-08 19:00:52,2026-10-08 19:06:24,139.55,168
2026-10-08 16:41:38,2026-10-08 19:01:20,2026-10-08 19:03:40,139.7,168
2026-10-08 16:41:40,2026-10-08 19:03:40,2026-10-08 19:03:44,142.01,169
2026-10-08 16:41:49,2026-10-08 19:03:44,2026-10-08 19:08:51,141.92,169
2026-10-08 16:42:18,2026-10-08 19:06:24,2026-10-08 19:07:35,144.09,170
2026-10-08 16:42:55,2026-10-08 19:07:35,2026-10-08 19:14:39,144.66,171
2026-10-08 16:43:10,2026-10-08 19:08:51,2026-10-08 19:13:40,145.68,171
2026-10-08 16:43:16,2026-10-08 19:10:02,2026-10-08 19:10:08,146.77,172
2026-10-08 16:43:33,2026-10-08 19:10:08,2026-10-08 19:12:45,146.58,172
2026-10-08 16:43:38,2026-10-08 19:12:45,2026-10-08 19:22:01,149.12,173
2026-10-08 16:44:17,2026-10-08 19:13:40,2026-10-08 19:14:14,149.39,174
2026-10-08 16:44:28,2026-10-08 19:14:14,2026-10-08 19:14:49,149.77,175
2026-10-08 16:44:52,2026-10-08 19:14:39,2026-10-08 19:14:44,149.8,176
2026-10-08 16:45:17,2026-10-08 19:14:44,2026-10-08 19:15:26,149.43,177
2026-10-08 16:46:10,2026-10-08 19:14:49,2026-10-08 19:15:22,148.65,176
2026-10-08 16:46:11,2026-10-08 19:15:22,2026-10-08 19:22:33,149.18,177
2026-10-08 16:47:02,2026-10-08 19:15:26,2026-10-08 19:15:32,148.4,177
2026-10-08 16:47:32,2026-10-08 19:15:32,2026-10-08 19:21:16,147.99,178
2026-10-08 16:47:39,2026-10-08 19:21:16,2026-10-08 19:26:46,153.61,179
2026-10-08 16:48:09,2026-10-08 19:22:01,2026-10-08 19:38:15,153.87,177
2026-10-08 16:48:26,2026-10-08 19:22:33,2026-10-08 19:23:50,154.1,178
2026-10-08 16:48:35,2026-10-08 19:23:50,2026-10-08 19:26:07,155.24,178
2026-10-08 16:49:05,2026-10-08 19:26:07,2026-10-08 19:30:27,157.03,179
2026-10-08 16:49:13,2026-10-08 19:26:46,2026-10-08 19:30:26,157.55,179
2026-10-08 16:49:18,2026-10-08 19:30:26,2026-10-08 19:33:07,161.14,180
2026-10-08 16:49:28,2026-10-08 19:30:27,2026-10-08 19:31:21,161.0,180
2026-10-08 16:49:31,2026-10-08 19:31:21,2026-10-08 19:32:29,161.83,181
2026-10-08 16:49:33,2026-10-08 19:32:29,2026-10-08 19:35:54,162.92,182
2026-10-08 16:50:19,2026-10-08 19:33:07,2026-10-08 19:34:11,162.79,182
2026-10-08 16:51:04,2026-10-08 19:34:11,2026-10-08 19:37:40,163.11,180
2026-10-08 16:51:35,2026-10-08 19:35:54,2026-10-08 19:39:07,164.32,180
2026-10-08 16:51:39,2026-10-08 19:37:40,2026-10-08 19:40:52,166.02,181
2026-10-08 16:51:48,2026-10-08 19:38:15,2026-10-08 19:38:19,166.44,181
2026-10-08 16:52:04,2026-10-08 19:38:19,2026-10-08 19:41:20,166.25,182
2026-10-08 16:52:55,2026-10-08 19:39:07,2026-10-08 19:41:05,166.2,183
2026-10-08 16:53:06,2026-10-08 19:40:52,2026-10-08 19:42:02,167.76,184
2026-10-08 16:53:13,2026-10-08 19:41:05,2026-10-08 19:44:32,167.87,185
2026-10-08 16:53:19,2026-10-08 19:41:20,2026-10-08 19:41:28,168.01,186
2026-10-08 16:53:23,2026-10-08 19:41:28,2026-10-08 19:45:57,168.08,187
2026-10-08 16:54:27,2026-10-08 19:42:02,2026-10-08 19:42:06,167.58,187
2026-10-08 16:54:28,2026-10-08 19:42:06,2026-10-08 19:43:22,167.64,188
2026-10-08 16:54:35,2026-10-08 19:43:22,2026-10-08 19:43:57,168.78,189
2026-10-08 16:55:22,2026-10-08 19:43:57,2026-10-08 19:44:42,168.59,190
2026-10-08 16:55:33,2026-10-08 19:44:32,2026-10-08 19:47:06,168.98,190
2026-10-08 16:55:52,2026-10-08 19:44:42,2026-10-08 19:48:07,168.84,190
2026-10-08 16:56:06,2026-10-08 19:45:57,2026-10-08 19:47:52,169.85,191
2026-10-08 16:57:32,2026-10-08 19:47:06,2026-10-08 19:47:33,169.56,191
2026-10-08 16:57:33,2026-10-08 19:47:33,2026-10-08 19:48:14,170.0,192
2026-10-08 16:57:45,2026-10-08 19:47:52,2026-10-08 19:49:33,170.12,192
2026-10-08 16:59:28,2026-10-08 19:48:07,2026-10-08 19:48:49,168.65,192
2026-10-09 09:00:38,2026-10-09 09:00:38,2026-10-09 09:11:10,0.0,0
2026-10-09 09:00:53,2026-10-09 09:00:53,2026-10-09 09:18:16,0.0,0
2026-10-09 09:01:06,2026-10-09 09:01:06,2026-10-09 09:03:19,0.0,0
2026-10-09 09:01:12,2026-10-09 09:03:19,2026-10-09 09:09:15,2.13,0
2026-10-09 09:01:42,2026-10-09 09:09:15,2026-10-09 09:14:30,7.55,1
2026-10-09 09:02:07,2026-10-09 09:11:10,2026-10-09 09:18:17,9.06,2
2026-10-09 09:02:16,2026-10-09 09:14:30,2026-10-09 09:17:10,12.23,3
2026-10-09 09:03:23,2026-10-09 09:17:10,2026-10-09 09:17:42,13.78,3
2026-10-09 09:04:36,2026-10-09 09:17:42,2026-10-09 09:19:53,13.1,4
2026-10-09 09:05:00,2026-10-09 09:18:16,2026-10-09 09:22:44,13.26,5
2026-10-09 09:05:43,2026-10-09 09:18:17,2026-10-09 09:20:53,12.57,6
2026-10-09 09:06:02,2026-10-09 09:19:53,2026-10-09 09:22:58,13.86,7
2026-10-09 09:07:10,2026-10-09 09:20:53,2026-10-09 09:24:14,13.72,8
2026-10-09 09:07:42,2026-10-09 09:22:44,2026-10-09 09:23:00,15.04,9
2026-10-09 09:07:54,2026-10-09 09:22:58,2026-10-09 09:24:33,15.07,10
2026-10-09 09:07:55,2026-10-09 09:23:00,2026-10-09 09:29:30,15.1,11
2026-10-09 09:08:02,2026-10-09 09:24:14,2026-10-09 09:24:45,16.2,12
2026-10-09 09:08:02,2026-10-09 09:24:33,2026-10-09 09:29:16,16.51,13
2026-10-09 09:09:19,2026-10-09 09:24:45,2026-10-09 09:25:08,15.44,13
2026-10-09 09:09:31,2026-10-09 09:25:08,2026-10-09 09:30:05,15.61,14
2026-10-09 09:09:34,2026-10-09 09:29:16,2026-10-09 09:30:26,19.7,15
2026-10-09 09:09:46,2026-10-09 09:29:30,2026-10-09 09:36:37,19.73,16
2026-10-09 09:09:58,2026-10-09 09:30:05,2026-10-09 09:36:03,20.12,17
2026-10-09 09:10:48,2026-10-09 09:30:26,2026-10-09 09:32:54,19.63,18
2026-10-09 09:10:59,2026-10-09 09:32:54,2026-10-09 09:34:32,21.91,19
2026-10-09 09:11:53,2026-10-09 09:34:32,2026-10-09 09:41:20,22.64,19
2026-10-09 09:12:32,2026-10-09 09:36:03,2026-10-09 09:37:38,23.51,20
2026-10-09 09:14:38,2026-10-09 09:36:37,2026-10-09 09:43:37,21.98,20
2026-10-09 09:16:54,2026-10-09 09:37:38,2026-10-09 09:42:15,20.73,21
2026-10-09 09:17:29,2026-10-09 09:41:20,2026-10-09 09:41:30,23.85,21
2026-10-09 09:18:16,2026-10-09 09:41:30,2026-10-09 09:46:54,23.23,21
2026-10-09 09:20:51,2026-10-09 09:42:15,2026-10-09 09:48:33,21.39,19
2026-10-09 09:21:29,2026-10-09 09:43:37,2026-10-09 09:50:16,22.14,19
2026-10-09 09:24:08,2026-10-09 09:46:54,2026-10-09 09:52:10,22.78,17
2026-10-09 09:24:46,2026-10-09 09:48:33,2026-10-09 09:49:50,23.77,15
2026-10-09 09:25:18,2026-10-09 09:49:50,2026-10-09 09:49:50,24.53,15
2026-10-09 09:26:08,2026-10-09 09:49:50,2026-10-09 09:50:36,23.71,16
2026-10-09 09:26:16,2026-10-09 09:50:16,2026-10-09 09:56:34,23.99,17
2026-10-09 09:26:28,2026-10-09 09:50:36,2026-10-09 09:56:05,24.13,18
2026-10-09 09:27:32,2026-10-09 09:52:10,2026-10-09 09:56:08,24.64,19
2026-10-09 09:28:19,2026-10-09 09:56:05,2026-10-09 10:01:00,27.76,20
2026-10-09 09:30:09,2026-10-09 09:56:08,2026-10-09 10:06:09,25.99,18
2026-10-09 09:30:12,2026-10-09 09:56:34,2026-10-09 09:56:50,26.37,19
2026-10-09 09:34:25,2026-10-09 09:56:50,2026-10-09 09:57:49,22.43,18
2026-10-09 09:34:26,2026-10-09 09:57:49,2026-10-09 10:03:08,23.39,19
2026-10-09 09:34:27,2026-10-09 10:01:00,2026-10-09 10:02:09,26.55,20
2026-10-09 09:34:46,2026-10-09 10:02:09,2026-10-09 10:04:57,27.37,20
2026-10-09 09:34:52,2026-10-09 10:03:08,2026-10-09 10:04:10,28.27,21
2026-10-09 09:35:37,2026-10-09 10:04:10,2026-10-09 10:06:25,28.55,22
2026-10-09 09:37:46,2026-10-09 10:04:57,2026-10-09 10:05:29,27.18,20
2026-10-09 09:39:16,2026-10-09 10:05:29,2026-10-09 10:05:55,26.21,21
2026-10-09 09:40:45,2026-10-09 10:05:55,2026-10-09 10:06:58,25.16,22
2026-10-09 09:42:16,2026-10-09 10:06:09,2026-10-09 10:09:48,23.89,20
2026-10-09 09:42:55,2026-10-09 10:06:25,2026-10-09 10:13:06,23.5,21
2026-10-09 09:43:09,2026-10-09 10:06:58,2026-10-09 10:08:15,23.81,22
2026-10-09 09:43:20,2026-10-09 10:08:15,2026-10-09 10:08:21,24.92,23
2026-10-09 09:43:50,2026-10-09 10:08:21,2026-10-09 10:08:56,24.52,23
2026-10-09 09:43:51,2026-10-09 10:08:56,2026-10-09 10:14:44,25.09,24
2026-10-09 09:44:31,2026-10-09 10:09:48,2026-10-09 10:12:59,25.28,25
2026-10-09 09:47:08,2026-10-09 10:12:59,2026-10-09 10:16:30,25.86,25
2026-10-09 09:48:27,2026-10-09 10:13:06,2026-10-09 10:17:40,24.65,26
2026-10-09 09:49:08,2026-10-09 10:14:44,2026-10-09 10:18:41,25.6,26
2026-10-09 09:51:54,2026-10-09 10:16:30,2026-10-09 10:21:39,24.6,23
2026-10-09 09:52:14,2026-10-09 10:17:40,2026-10-09 10:19:11,25.42,23
2026-10-09 09:52:17,2026-10-09 10:18:41,2026-10-09 10:23:44,26.4,24
2026-10-09 09:52:23,2026-10-09 10:19:11,2026-10-09 10:22:51,26.8,25
2026-10-09 09:53:45,2026-10-09 10:21:39,2026-10-09 10:22:18,27.89,26
2026-10-09 09:54:26,2026-10-09 10:22:18,2026-10-09 10:30:27,27.87,27
2026-10-09 09:55:23,2026-10-09 10:22:51,2026-10-09 10:23:53,27.47,28
2026-10-09 09:56:14,2026-10-09 10:23:44,2026-10-09 10:23:45,27.5,27
2026-10-09 09:56:52,2026-10-09 10:23:45,2026-10-09 10:25:16,26.88,26
2026-10-09 09:58:31,2026-10-09 10:23:53,2026-10-09 10:24:55,25.36,26
2026-10-09 09:59:47,2026-10-09 10:24:55,2026-10-09 10:26:44,25.13,27
2026-10-09 10:01:11,2026-10-09 10:25:16,2026-10-09 10:27:39,24.08,27
2026-10-09 10:01:55,2026-10-09 10:26:44,2026-10-09 10:27:41,24.82,28
2026-10-09 10:03:35,2026-10-09 10:27:39,2026-10-09 10:32:16,24.05,27
2026-10-09 10:04:41,2026-10-09 10:27:41,2026-10-09 10:31:42,22.99,27
2026-10-09 10:05:26,2026-10-09 10:30:27,2026-10-09 10:38:06,25.02,27
2026-10-09 10:06:07,2026-10-09 10:31:42,2026-10-09 10:32:36,25.58,26
2026-10-09 10:06:16,2026-10-09 10:32:16,2026-10-09 10:34:04,26.0,26
2026-10-09 10:06:46,2026-10-09 10:32:36,2026-10-09 10:33:30,25.82,26
2026-10-09 10:06:54,2026-10-09 10:33:30,2026-10-09 10:42:30,26.6,27
2026-10-09 10:07:01,2026-10-09 10:34:04,2026-10-09 10:37:24,27.06,27
2026-10-09 10:10:12,2026-10-09 10:37:24,2026-10-09 10:37:34,27.21,24
2026-10-09 10:10:15,2026-10-09 10:37:34,2026-10-09 10:42:52,27.31,25
2026-10-09 10:11:18,2026-10-09 10:38:06,2026-10-09 10:45:28,26.81,26
2026-10-09 10:11:52,2026-10-09 10:42:30,2026-10-09 10:44:36,30.63,27
2026-10-09 10:11:54,2026-10-09 10:42:52,2026-10-09 10:44:44,30.97,28
2026-10-09 10:11:56,2026-10-09 10:44:36,2026-10-09 10:54:10,32.68,29
2026-10-09 10:12:05,2026-10-09 10:44:44,2026-10-09 10:45:29,32.65,30
2026-10-09 10:12:25,2026-10-09 10:45:28,2026-10-09 10:48:15,33.05,31
2026-10-09 10:12:37,2026-10-09 10:45:29,2026-10-09 10:48:23,32.86,32
2026-10-09 10:12:46,2026-10-09 10:48:15,2026-10-09 10:53:04,35.48,33
2026-10-09 10:12:51,2026-10-09 10:48:23,2026-10-09 10:54:12,35.52,34
2026-10-09 10:13:02,2026-10-09 10:53:04,2026-10-09 10:56:33,40.04,34
2026-10-09 10:13:24,2026-10-09 10:54:10,2026-10-09 11:06:51,40.76,34
2026-10-09 10:13:43,2026-10-09 10:54:12,2026-10-09 10:55:14,40.49,35
2026-10-09 10:13:55,2026-10-09 10:55:14,2026-10-09 11:14:12,41.33,36
2026-10-09 10:13:57,2026-10-09 10:56:33,2026-10-09 10:56:52,42.6,37
2026-10-09 10:14:33,2026-10-09 10:56:52,2026-10-09 11:07:04,42.3,38
2026-10-09 10:17:17,2026-10-09 11:06:51,2026-10-09 11:19:47,49.56,37
2026-10-09 10:17:43,2026-10-09 11:07:04,2026-10-09 11:08:15,49.34,37
2026-10-09 10:17:57,2026-10-09 11:08:15,2026-10-09 11:15:07,50.3,38
2026-10-09 10:18:56,2026-10-09 11:14:12,2026-10-09 11:15:20,55.27,38
2026-10-09 10:21:10,2026-10-09 11:15:07,2026-10-09 11:15:14,53.95,38
2026-10-09 10:21:46,2026-10-09 11:15:14,2026-10-09 11:17:30,53.46,38
2026-10-09 10:22:01,2026-10-09 11:15:20,2026-10-09 11:17:04,53.32,39
2026-10-09 10:22:08,2026-10-09 11:17:04,2026-10-09 11:20:11,54.92,40
2026-10-09 10:22:43,2026-10-09 11:17:30,2026-10-09 11:18:04,54.78,40
2026-10-09 10:25:04,2026-10-09 11:18:04,2026-10-09 11:18:56,52.99,36
2026-10-09 10:26:12,2026-10-09 11:18:56,2026-10-09 11:21:32,52.74,36
2026-10-09 10:28:57,2026-10-09 11:19:47,2026-10-09 11:22:25,50.83,34
2026-10-09 10:29:32,2026-10-09 11:20:11,2026-10-09 11:22:58,50.64,35
2026-10-09 10:29:35,2026-10-09 11:21:32,2026-10-09 11:35:23,51.95,36
2026-10-09 10:29:36,2026-10-09 11:22:25,2026-10-09 11:24:53,52.83,37
2026-10-09 10:30:11,2026-10-09 11:22:58,2026-10-09 11:28:19,52.78,38
2026-10-09 10:30:51,2026-10-09 11:24:53,2026-10-09 11:27:46,54.03,38
2026-10-09 10:31:47,2026-10-09 11:27:46,2026-10-09 11:31:33,55.99,38
2026-10-09 10:33:40,2026-10-09 11:28:19,2026-10-09 11:35:01,54.65,36
2026-10-09 10:34:41,2026-10-09 11:31:33,2026-10-09 11:38:17,56.88,36
2026-10-09 10:35:17,2026-10-09 11:35:01,2026-10-09 11:35:53,59.73,37
2026-10-09 10:35:18,2026-10-09 11:35:23,2026-10-09 11:35:51,60.09,38
2026-10-09 10:35:26,2026-10-09 11:35:51,2026-10-09 11:38:37,60.41,39
2026-10-09 10:35:53,2026-10-09 11:35:53,2026-10-09 11:35:56,60.01,40
2026-10-09 10:36:22,2026-10-09 11:35:56,2026-10-09 11:39:59,59.56,41
2026-10-09 10:40:08,2026-10-09 11:38:17,2026-10-09 11:42:35,58.16,39
2026-10-09 10:41:17,2026-10-09 11:38:37,2026-10-09 11:39:53,57.33,40
2026-10-09 10:41:51,2026-10-09 11:39:53,2026-10-09 11:40:07,58.02,41
2026-10-09 10:43:11,2026-10-09 11:39:59,2026-10-09 11:41:21,56.8,40
2026-10-09 10:44:47,2026-10-09 11:40:07,2026-10-09 11:50:34,55.33,39
2026-10-09 10:45:47,2026-10-09 11:41:21,2026-10-09 11:41:52,55.57,38
2026-10-09 10:46:15,2026-10-09 11:41:52,2026-10-09 11:42:53,55.61,39
2026-10-09 10:46:32,2026-10-09 11:42:35,2026-10-09 11:47:23,56.05,40
2026-10-09 10:47:09,2026-10-09 11:42:53,2026-10-09 11:52:22,55.72,41
2026-10-09 10:47:23,2026-10-09 11:47:23,2026-10-09 11:51:25,60.01,42
2026-10-09 10:47:42,2026-10-09 11:50:34,2026-10-09 11:52:30,62.86,43
2026-10-09 10:49:16,2026-10-09 11:51:25,2026-10-09 11:51:56,62.15,42
2026-10-09 10:50:06,2026-10-09 11:51:56,2026-10-09 11:56:23,61.83,43
2026-10-09 10:52:18,2026-10-09 11:52:22,2026-10-09 11:57:44,60.06,44
2026-10-09 10:52:33,2026-10-09 11:52:30,2026-10-09 11:56:05,59.96,45
2026-10-09 10:53:06,2026-10-09 11:56:05,2026-10-09 11:56:35,62.99,45
2026-10-09 10:54:20,2026-10-09 11:56:23,2026-10-09 11:58:43,62.05,44
2026-10-09 10:54:59,2026-10-09 11:56:35,2026-10-09 12:03:11,61.61,45
2026-10-09 10:55:01,2026-10-09 11:57:44,2026-10-09 12:00:00,62.72,46
2026-10-09 10:56:49,2026-10-09 11:58:43,2026-10-09 12:02:49,61.91,45
2026-10-09 10:57:11,2026-10-09 12:00:00,2026-10-09 12:02:04,62.81,45
2026-10-09 10:57:23,2026-10-09 12:02:04,2026-10-09 12:04:05,64.69,46
2026-10-09 10:57:40,2026-10-09 12:02:49,2026-10-09 12:03:24,65.14,47
2026-10-09 10:57:57,2026-10-09 12:03:11,2026-10-09 12:05:51,65.24,48
2026-10-09 10:59:57,2026-10-09 12:03:24,2026-10-09 12:10:51,63.46,49
2026-10-09 11:02:37,2026-10-09 12:04:05,2026-10-09 12:08:13,61.46,50
2026-10-09 11:03:14,2026-10-09 12:05:51,2026-10-09 12:08:47,62.62,51
2026-10-09 11:03:20,2026-10-09 12:08:13,2026-10-09 12:10:23,64.89,52
2026-10-09 11:05:00,2026-10-09 12:08:47,2026-10-09 12:23:49,63.78,53
2026-10-09 11:05:28,2026-10-09 12:10:23,2026-10-09 12:12:19,64.91,54
2026-10-09 11:06:01,2026-10-09 12:10:51,2026-10-09 12:30:24,64.84,55
2026-10-09 11:06:29,2026-10-09 12:12:19,2026-10-09 12:16:20,65.84,56
2026-10-09 11:06:57,2026-10-09 12:16:20,2026-10-09 12:31:47,69.37,56
2026-10-09 11:07:56,2026-10-09 12:23:49,2026-10-09 12:24:26,75.88,56
2026-10-09 11:07:56,2026-10-09 12:24:26,2026-10-09 12:24:30,76.49,57
2026-10-09 11:08:03,2026-10-09 12:24:30,2026-10-09 12:27:22,76.44,58
2026-10-09 11:08:39,2026-10-09 12:27:22,2026-10-09 12:29:31,78.71,58
2026-10-09 11:10:01,2026-10-09 12:29:31,2026-10-09 12:30:08,79.49,59
2026-10-09 11:10:55,2026-10-09 12:30:08,2026-10-09 12:30:13,79.22,60
2026-10-09 11:11:22,2026-10-09 12:30:13,2026-10-09 12:40:38,78.86,61
2026-10-09 11:11:27,2026-10-09 12:30:24,2026-10-09 12:33:43,78.94,62
2026-10-09 11:11:41,2026-10-09 12:31:47,2026-10-09 12:33:36,80.09,63
2026-10-09 11:12:44,2026-10-09 12:33:36,2026-10-09 12:38:50,80.86,64
2026-10-09 11:13:43,2026-10-09 12:33:43,2026-10-09 12:33:43,80.0,65
2026-10-09 11:14:10,2026-10-09 12:33:43,2026-10-09 12:37:06,79.55,66
2026-10-09 11:17:27,2026-10-09 12:37:06,2026-10-09 12:39:05,79.64,62
2026-10-09 11:17:57,2026-10-09 12:38:50,2026-10-09 12:45:09,80.88,62
2026-10-09 11:18:42,2026-10-09 12:39:05,2026-10-09 12:44:11,80.38,62
2026-10-09 11:19:07,2026-10-09 12:40:38,2026-10-09 12:42:39,81.51,62
2026-10-09 11:20:35,2026-10-09 12:42:39,2026-10-09 12:46:34,82.08,61
2026-10-09 11:22:54,2026-10-09 12:44:11,2026-10-09 12:49:59,81.28,60
2026-10-09 11:23:12,2026-10-09 12:45:09,2026-10-09 12:47:34,81.95,60
2026-10-09 11:24:15,2026-10-09 12:46:34,2026-10-09 12:47:13,82.31,61
2026-10-09 11:25:12,2026-10-09 12:47:13,2026-10-09 12:48:54,82.02,61
2026-10-09 11:25:28,2026-10-09 12:47:34,2026-10-09 12:47:44,82.11,62
2026-10-09 11:26:17,2026-10-09 12:47:44,2026-10-09 12:50:22,81.45,63
2026-10-09 11:26:39,2026-10-09 12:48:54,2026-10-09 12:54:23,82.25,64
2026-10-09 11:27:14,2026-10-09 12:49:59,2026-10-09 12:50:09,82.75,65
2026-10-09 11:27:32,2026-10-09 12:50:09,2026-10-09 12:51:12,82.63,66
2026-10-09 11:27:49,2026-10-09 12:50:22,2026-10-09 12:51:41,82.54,66
2026-10-09 11:28:02,2026-10-09 12:51:12,2026-10-09 12:53:33,83.17,67
2026-10-09 11:29:21,2026-10-09 12:51:41,2026-10-09 12:53:33,82.35,67
2026-10-09 11:29:22,2026-10-09 12:53:33,2026-10-09 12:55:08,84.18,68
2026-10-09 11:29:54,2026-10-09 12:53:33,2026-10-09 12:53:34,83.66,69
2026-10-09 11:30:36,2026-10-09 12:53:34,2026-10-09 12:53:47,82.97,70
2026-10-09 11:31:52,2026-10-09 12:53:47,2026-10-09 12:54:37,81.92,70
2026-10-09 11:32:10,2026-10-09 12:54:23,2026-10-09 12:55:56,82.22,71
2026-10-09 11:33:15,2026-10-09 12:54:37,2026-10-09 12:58:13,81.37,72
2026-10-09 11:36:08,2026-10-09 12:55:08,2026-10-09 13:06:01,79.0,68
2026-10-09 11:37:06,2026-10-09 12:55:56,2026-10-09 13:00:46,78.83,69
2026-10-09 11:37:59,2026-10-09 12:58:13,2026-10-09 12:59:32,80.23,70
2026-10-09 11:38:53,2026-10-09 12:59:32,2026-10-09 13:05:21,80.65,69
2026-10-09 11:39:51,2026-10-09 13:00:46,2026-10-09 13:00:56,80.91,70
2026-10-09 11:40:15,2026-10-09 13:00:56,2026-10-09 13:15:15,80.69,68
2026-10-09 11:41:06,2026-10-09 13:05:21,2026-10-09 13:05:37,84.25,69
2026-10-09 11:41:14,2026-10-09 13:05:37,2026-10-09 13:06:21,84.38,70
2026-10-09 11:42:08,2026-10-09 13:06:01,2026-10-09 13:07:32,83.89,69
2026-10-09 11:42:18,2026-10-09 13:06:21,2026-10-09 13:11:43,84.04,70
2026-10-09 11:43:20,2026-10-09 13:07:32,2026-10-09 13:07:53,84.2,69
2026-10-09 11:44:36,2026-10-09 13:07:53,2026-10-09 13:11:06,83.27,70
2026-10-09 11:44:42,2026-10-09 13:11:06,2026-10-09 13:17:43,86.41,71
2026-10-09 11:44:49,2026-10-09 13:11:43,2026-10-09 13:13:23,86.9,72
2026-10-09 11:47:04,2026-10-09 13:13:23,2026-10-09 13:15:58,86.32,73
2026-10-09 11:47:37,2026-10-09 13:15:15,2026-10-09 13:22:52,87.64,73
2026-10-09 11:49:14,2026-10-09 13:15:58,2026-10-09 13:21:07,86.72,74
2026-10-09 11:49:21,2026-10-09 13:17:43,2026-10-09 13:20:17,88.38,75
2026-10-09 11:49:32,2026-10-09 13:20:17,2026-10-09 13:22:50,90.74,76
2026-10-09 11:50:35,2026-10-09 13:21:07,2026-10-09 13:23:03,90.53,76
2026-10-09 11:51:01,2026-10-09 13:22:50,2026-10-09 13:32:43,91.82,77
2026-10-09 11:52:22,2026-10-09 13:22:52,2026-10-09 13:26:49,90.5,75
2026-10-09 11:52:28,2026-10-09 13:23:03,2026-10-09 13:26:27,90.59,76
2026-10-09 11:53:47,2026-10-09 13:26:27,2026-10-09 13:29:27,92.68,76
2026-10-09 11:57:34,2026-10-09 13:26:49,2026-10-09 13:27:53,89.26,74
2026-10-09 11:58:10,2026-10-09 13:27:53,2026-10-09 13:28:43,89.71,74
2026-10-09 11:59:02,2026-10-09 13:28:43,2026-10-09 13:39:45,89.67,74
2026-10-09 12:00:22,2026-10-09 13:29:27,2026-10-09 13:32:41,89.09,74
2026-10-09 12:01:04,2026-10-09 13:32:41,2026-10-09 13:37:29,91.62,75
2026-10-09 12:01:21,2026-10-09 13:32:43,2026-10-09 13:34:02,91.36,76
2026-10-09 12:02:55,2026-10-09 13:34:02,2026-10-09 13:35:21,91.12,75
2026-10-09 12:03:41,2026-10-09 13:35:21,2026-10-09 13:37:46,91.66,74
2026-10-09 12:05:12,2026-10-09 13:37:29,2026-10-09 13:40:12,92.28,74
2026-10-09 12:05:21,2026-10-09 13:37:46,2026-10-09 13:39:12,92.42,75
2026-10-09 12:06:40,2026-10-09 13:39:12,2026-10-09 13:39:32,92.53,75
2026-10-09 12:07:47,2026-10-09 13:39:32,2026-10-09 13:44:14,91.75,76
2026-10-09 12:08:00,2026-10-09 13:39:45,2026-10-09 13:41:22,91.75,77
2026-10-09 12:09:46,2026-10-09 13:40:12,2026-10-09 13:42:33,90.43,76
2026-10-09 12:09:59,2026-10-09 13:41:22,2026-10-09 13:45:23,91.4,77
2026-10-09 12:10:30,2026-10-09 13:42:33,2026-10-09 13:44:35,92.05,77
2026-10-09 12:10:55,2026-10-09 13:44:14,2026-10-09 13:45:09,93.32,77
2026-10-09 12:11:50,2026-10-09 13:44:35,2026-10-09 13:46:32,92.75,78
2026-10-09 12:13:11,2026-10-09 13:45:09,2026-10-09 13:49:07,91.96,78
2026-10-09 12:13:24,2026-10-09 13:45:23,2026-10-09 13:47:05,91.98,79
2026-10-09 12:13:26,2026-10-09 13:46:32,2026-10-09 13:47:17,93.09,80
2026-10-09 12:13:36,2026-10-09 13:47:05,2026-10-09 13:47:50,93.48,81
2026-10-09 12:13:39,2026-10-09 13:47:17,2026-10-09 13:51:48,93.64,82
2026-10-09 12:14:22,2026-10-09 13:47:50,2026-10-09 13:51:08,93.47,83
2026-10-09 12:14:29,2026-10-09 13:49:07,2026-10-09 13:53:28,94.63,84
2026-10-09 12:15:14,2026-10-09 13:51:08,2026-10-09 13:51:12,95.91,85
2026-10-09 12:16:09,2026-10-09 13:51:12,2026-10-09 13:52:47,95.04,86
2026-10-09 12:17:26,2026-10-09 13:51:48,2026-10-09 13:54:44,94.36,86
2026-10-09 12:17:59,2026-10-09 13:52:47,2026-10-09 13:52:52,94.8,87
2026-10-09 12:19:04,2026-10-09 13:52:52,2026-10-09 13:54:33,93.8,88
2026-10-09 12:20:48,2026-10-09 13:53:28,2026-10-09 14:01:15,92.66,89
2026-10-09 12:21:34,2026-10-09 13:54:33,2026-10-09 13:59:00,92.98,90
2026-10-09 12:22:31,2026-10-09 13:54:44,2026-10-09 14:00:06,92.21,91
2026-10-09 12:23:17,2026-10-09 13:59:00,2026-10-09 14:01:01,95.71,92
2026-10-09 12:23:47,2026-10-09 14:00:06,2026-10-09 14:09:05,96.31,93
2026-10-09 12:24:17,2026-10-09 14:01:01,2026-10-09 14:06:09,96.74,93
2026-10-09 12:24:27,2026-10-09 14:01:15,2026-10-09 14:06:05,96.79,93
2026-10-09 12:25:06,2026-10-09 14:06:05,2026-10-09 14:07:08,100.97,93
2026-10-09 12:25:09,2026-10-09 14:06:09,2026-10-09 14:07:33,100.99,94
2026-10-09 12:27:40,2026-10-09 14:07:08,2026-10-09 14:10:17,99.48,94
2026-10-09 12:27:55,2026-10-09 14:07:33,2026-10-09 14:09:56,99.64,95
2026-10-09 12:28:49,2026-10-09 14:09:05,2026-10-09 14:09:11,100.26,96
2026-10-09 12:29:52,2026-10-09 14:09:11,2026-10-09 14:09:18,99.32,96
2026-10-09 12:32:08,2026-10-09 14:09:18,2026-10-09 14:12:19,97.15,93
2026-10-09 12:32:25,2026-10-09 14:09:56,2026-10-09 14:16:28,97.53,94
2026-10-09 12:32:35,2026-10-09 14:10:17,2026-10-09 14:12:54,97.7,95
2026-10-09 12:33:03,2026-10-09 14:12:19,2026-10-09 14:14:10,99.28,96
2026-10-09 12:33:34,2026-10-09 14:12:54,2026-10-09 14:24:10,99.33,97
2026-10-09 12:36:15,2026-10-09 14:14:10,2026-10-09 14:17:49,97.91,95
2026-10-09 12:37:43,2026-10-09 14:16:28,2026-10-09 14:20:23,98.76,95
2026-10-09 12:39:02,2026-10-09 14:17:49,2026-10-09 14:19:17,98.78,95
2026-10-09 12:39:09,2026-10-09 14:19:17,2026-10-09 14:19:23,100.13,95
2026-10-09 12:39:29,2026-10-09 14:19:23,2026-10-09 14:26:33,99.91,96
2026-10-09 12:40:22,2026-10-09 14:20:23,2026-10-09 14:26:49,100.02,97
2026-10-09 12:40:33,2026-10-09 14:24:10,2026-10-09 14:24:26,103.61,98
2026-10-09 12:41:00,2026-10-09 14:24:26,2026-10-09 14:32:16,103.44,98
2026-10-09 12:41:22,2026-10-09 14:26:33,2026-10-09 14:27:46,105.18,99
2026-10-09 12:43:45,2026-10-09 14:26:49,2026-10-09 14:35:45,103.07,99
2026-10-09 12:44:00,2026-10-09 14:27:46,2026-10-09 14:31:10,103.78,100
2026-10-09 12:44:56,2026-10-09 14:31:10,2026-10-09 14:31:25,106.23,100
2026-10-09 12:45:44,2026-10-09 14:31:25,2026-10-09 14:39:03,105.69,100
2026-10-09 12:46:51,2026-10-09 14:32:16,2026-10-09 14:35:22,105.42,100
2026-10-09 12:46:57,2026-10-09 14:35:22,2026-10-09 14:37:50,108.42,101
2026-10-09 12:47:41,2026-10-09 14:35:45,2026-10-09 14:36:20,108.07,100
2026-10-09 12:48:49,2026-10-09 14:36:20,2026-10-09 14:36:52,107.52,100
2026-10-09 12:48:55,2026-10-09 14:36:52,2026-10-09 14:46:07,107.94,100
2026-10-09 12:49:14,2026-10-09 14:37:50,2026-10-09 14:40:40,108.6,101
2026-10-09 12:49:49,2026-10-09 14:39:03,2026-10-09 14:41:15,109.22,102
2026-10-09 12:50:34,2026-10-09 14:40:40,2026-10-09 14:41:09,110.1,100
2026-10-09 12:51:27,2026-10-09 14:41:09,2026-10-09 14:44:25,109.69,100
2026-10-09 12:53:43,2026-10-09 14:41:15,2026-10-09 14:45:52,107.53,97
2026-10-09 12:54:36,2026-10-09 14:44:25,2026-10-09 14:45:28,109.82,96
2026-10-09 12:56:17,2026-10-09 14:45:28,2026-10-09 14:50:15,109.19,94
2026-10-09 12:57:34,2026-10-09 14:45:52,2026-10-09 14:45:55,108.3,95
2026-10-09 12:58:47,2026-10-09 14:45:55,2026-10-09 14:47:51,107.12,95
2026-10-09 13:00:20,2026-10-09 14:46:07,2026-10-09 14:48:09,105.78,95
2026-10-09 13:00:57,2026-10-09 14:47:51,2026-10-09 14:54:42,106.89,94
2026-10-09 13:02:53,2026-10-09 14:48:09,2026-10-09 14:49:22,105.27,95
2026-10-09 13:03:08,2026-10-09 14:49:22,2026-10-09 14:49:35,106.23,96
2026-10-09 13:03:32,2026-10-09 14:49:35,2026-10-09 14:59:25,106.05,97
2026-10-09 13:04:25,2026-10-09 14:50:15,2026-10-09 15:00:02,105.85,98
2026-10-09 13:04:59,2026-10-09 14:54:42,2026-10-09 15:01:12,109.71,99
2026-10-09 13:05:08,2026-10-09 14:59:25,2026-10-09 15:01:45,114.29,100
2026-10-09 13:08:11,2026-10-09 15:00:02,2026-10-09 15:00:24,111.87,95
2026-10-09 13:09:04,2026-10-09 15:00:24,2026-10-09 15:06:26,111.32,96
2026-10-09 13:12:13,2026-10-09 15:01:12,2026-10-09 15:03:27,108.99,95
2026-10-09 13:13:16,2026-10-09 15:01:45,2026-10-09 15:07:00,108.47,96
2026-10-09 13:13:57,2026-10-09 15:03:27,2026-10-09 15:05:02,109.49,96
2026-10-09 13:14:02,2026-10-09 15:05:02,2026-10-09 15:05:07,111.0,97
2026-10-09 13:14:27,2026-10-09 15:05:07,2026-10-09 15:13:29,110.66,98
2026-10-09 13:14:39,2026-10-09 15:06:26,2026-10-09 15:08:56,111.78,99
2026-10-09 13:16:25,2026-10-09 15:07:00,2026-10-09 15:16:32,110.58,98
2026-10-09 13:18:06,2026-10-09 15:08:56,2026-10-09 15:21:19,110.83,98
2026-10-09 13:18:33,2026-10-09 15:13:29,2026-10-09 15:14:04,114.94,99
2026-10-09 13:18:36,2026-10-09 15:14:04,2026-10-09 15:14:25,115.47,100
2026-10-09 13:18:46,2026-10-09 15:14:25,2026-10-09 15:17:50,115.65,101
2026-10-09 13:19:06,2026-10-09 15:16:32,2026-10-09 15:22:37,117.44,102
2026-10-09 13:21:47,2026-10-09 15:17:50,2026-10-09 15:18:10,116.04,101
2026-10-09 13:22:53,2026-10-09 15:18:10,2026-10-09 15:29:38,115.29,100
2026-10-09 13:23:35,2026-10-09 15:21:19,2026-10-09 15:26:36,117.74,100
2026-10-09 13:24:29,2026-10-09 15:22:37,2026-10-09 15:24:11,118.14,101
2026-10-09 13:25:03,2026-10-09 15:24:11,2026-10-09 15:29:53,119.15,102
2026-10-09 13:26:08,2026-10-09 15:26:36,2026-10-09 15:29:04,120.47,103
2026-10-09 13:28:05,2026-10-09 15:29:04,2026-10-09 15:31:01,120.98,101
2026-10-09 13:28:39,2026-10-09 15:29:38,2026-10-09 15:30:53,120.98,102
2026-10-09 13:29:07,2026-10-09 15:29:53,2026-10-09 15:32:05,120.76,102
2026-10-09 13:30:03,2026-10-09 15:30:53,2026-10-09 15:35:22,120.83,102
2026-10-09 13:33:23,2026-10-09 15:31:01,2026-10-09 15:35:28,117.62,101
2026-10-09 13:33:38,2026-10-09 15:32:05,2026-10-09 15:32:15,118.44,102
2026-10-09 13:34:25,2026-10-09 15:32:15,2026-10-09 15:39:29,117.83,102
2026-10-09 13:34:55,2026-10-09 15:35:22,2026-10-09 15:35:25,120.45,103
2026-10-09 13:35:20,2026-10-09 15:35:25,2026-10-09 15:36:23,120.09,104
2026-10-09 13:36:13,2026-10-09 15:35:28,2026-10-09 15:35:48,119.24,104
2026-10-09 13:36:26,2026-10-09 15:35:48,2026-10-09 15:38:10,119.36,105
2026-10-09 13:38:16,2026-10-09 15:36:23,2026-10-09 15:36:35,118.11,104
2026-10-09 13:38:19,2026-10-09 15:36:35,2026-10-09 15:41:22,118.27,105
2026-10-09 13:38:26,2026-10-09 15:38:10,2026-10-09 15:38:55,119.74,106
2026-10-09 13:43:01,2026-10-09 15:38:55,2026-10-09 15:49:01,115.89,101
2026-10-09 13:45:16,2026-10-09 15:39:29,2026-10-09 15:40:43,114.21,99
2026-10-09 13:47:56,2026-10-09 15:40:43,2026-10-09 15:41:37,112.78,95
2026-10-09 13:48:12,2026-10-09 15:41:22,2026-10-09 15:46:08,113.16,96
2026-10-09 13:49:20,2026-10-09 15:41:37,2026-10-09 15:42:26,112.28,96
2026-10-09 13:51:58,2026-10-09 15:42:26,2026-10-09 15:43:20,110.48,94
2026-10-09 13:53:08,2026-10-09 15:43:20,2026-10-09 15:44:53,110.2,93
2026-10-09 13:53:43,2026-10-09 15:44:53,2026-10-09 15:46:50,111.16,93
2026-10-09 13:54:40,2026-10-09 15:46:08,2026-10-09 15:50:57,111.47,93
2026-10-09 13:56:58,2026-10-09 15:46:50,2026-10-09 15:58:21,109.86,93
2026-10-09 13:59:26,2026-10-09 15:49:01,2026-10-09 15:51:25,109.58,93
2026-10-09 14:00:11,2026-10-09 15:50:57,2026-10-09 15:58:41,110.76,93
2026-10-09 14:00:13,2026-10-09 15:51:25,2026-10-09 15:51:28,111.21,94
2026-10-09 14:02:45,2026-10-09 15:51:28,2026-10-09 15:52:11,108.71,93
2026-10-09 14:03:22,2026-10-09 15:52:11,2026-10-09 15:53:08,108.82,94
2026-10-09 14:03:22,2026-10-09 15:53:08,2026-10-09 16:01:49,109.77,95
2026-10-09 14:05:40,2026-10-09 15:58:21,2026-10-09 15:58:22,112.68,96
2026-10-09 14:06:25,2026-10-09 15:58:22,2026-10-09 16:09:51,111.95,95
2026-10-09 14:07:01,2026-10-09 15:58:41,2026-10-09 16:03:08,111.67,96
2026-10-09 14:07:03,2026-10-09 16:01:49,2026-10-09 16:06:05,114.77,97
2026-10-09 14:08:59,2026-10-09 16:03:08,2026-10-09 16:09:02,114.16,96
2026-10-09 14:09:32,2026-10-09 16:06:05,2026-10-09 16:07:10,116.55,94
2026-10-09 14:10:29,2026-10-09 16:07:10,2026-10-09 16:13:21,116.7,93
2026-10-09 14:10:31,2026-10-09 16:09:02,2026-10-09 16:09:08,118.52,94
2026-10-09 14:11:23,2026-10-09 16:09:08,2026-10-09 16:15:56,117.76,95
2026-10-09 14:12:11,2026-10-09 16:09:51,2026-10-09 16:13:28,117.67,96
2026-10-09 14:12:38,2026-10-09 16:13:21,2026-10-09 16:15:16,120.72,96
2026-10-09 14:13:12,2026-10-09 16:13:28,2026-10-09 16:17:12,120.26,96
2026-10-09 14:13:32,2026-10-09 16:15:16,2026-10-09 16:18:05,121.73,97
2026-10-09 14:15:27,2026-10-09 16:15:56,2026-10-09 16:21:13,120.47,97
2026-10-09 14:15:31,2026-10-09 16:17:12,2026-10-09 16:20:07,121.69,98
2026-10-09 14:16:24,2026-10-09 16:18:05,2026-10-09 16:21:20,121.68,99
2026-10-09 14:16:45,2026-10-09 16:20:07,2026-10-09 16:23:33,123.36,99
2026-10-09 14:17:22,2026-10-09 16:21:13,2026-10-09 16:21:40,123.84,100
2026-10-09 14:18:50,2026-10-09 16:21:20,2026-10-09 16:21:38,122.5,100
2026-10-09 14:18:53,2026-10-09 16:21:38,2026-10-09 16:21:49,122.76,101
2026-10-09 14:18:55,2026-10-09 16:21:40,2026-10-09 16:24:02,122.75,102
2026-10-09 14:20:06,2026-10-09 16:21:49,2026-10-09 16:24:29,121.73,101
2026-10-09 14:20:33,2026-10-09 16:23:33,2026-10-09 16:24:42,123.01,101
2026-10-09 14:20:41,2026-10-09 16:24:02,2026-10-09 16:25:05,123.35,102
2026-10-09 14:20:48,2026-10-09 16:24:29,2026-10-09 16:24:35,123.68,103
2026-10-09 14:21:20,2026-10-09 16:24:35,2026-10-09 16:25:13,123.25,104
2026-10-09 14:22:05,2026-10-09 16:24:42,2026-10-09 16:24:43,122.61,105
2026-10-09 14:24:38,2026-10-09 16:24:43,2026-10-09 16:26:01,120.07,104
2026-10-09 14:24:51,2026-10-09 16:25:05,2026-10-09 16:26:58,120.22,105
2026-10-09 14:26:03,2026-10-09 16:25:13,2026-10-09 16:26:21,119.16,106
2026-10-09 14:27:36,2026-10-09 16:26:01,2026-10-09 16:26:35,118.42,105
2026-10-09 14:27:46,2026-10-09 16:26:21,2026-10-09 16:27:49,118.57,106
2026-10-09 14:31:41,2026-10-09 16:26:35,2026-10-09 16:27:55,114.9,104
2026-10-09 14:32:02,2026-10-09 16:26:58,2026-10-09 16:27:32,114.94,105
2026-10-09 14:33:19,2026-10-09 16:27:32,2026-10-09 16:27:57,114.23,105
2026-10-09 14:36:08,2026-10-09 16:27:49,2026-10-09 16:29:58,111.68,104
2026-10-09 14:36:09,2026-10-09 16:27:55,2026-10-09 16:36:37,111.76,105
2026-10-09 14:39:04,2026-10-09 16:27:57,2026-10-09 16:30:17,108.89,102
2026-10-09 14:41:02,2026-10-09 16:29:58,2026-10-09 16:35:59,108.94,102
2026-10-09 14:41:14,2026-10-09 16:30:17,2026-10-09 16:30:33,109.05,102
2026-10-09 14:41:52,2026-10-09 16:30:33,2026-10-09 16:31:47,108.68,102
2026-10-09 14:41:58,2026-10-09 16:31:47,2026-10-09 16:45:30,109.82,103
2026-10-09 14:42:32,2026-10-09 16:35:59,2026-10-09 16:36:31,113.45,104
2026-10-09 14:42:34,2026-10-09 16:36:31,2026-10-09 16:36:38,113.94,105
2026-10-09 14:43:05,2026-10-09 16:36:37,2026-10-09 16:44:37,113.54,106
2026-10-09 14:43:30,2026-10-09 16:36:38,2026-10-09 16:37:03,113.12,107
2026-10-09 14:43:50,2026-10-09 16:37:03,2026-10-09 16:39:02,113.21,108
2026-10-09 14:44:48,2026-10-09 16:39:02,2026-10-09 16:47:31,114.24,108
2026-10-09 14:46:12,2026-10-09 16:44:37,2026-10-09 16:44:46,118.4,105
2026-10-09 14:47:09,2026-10-09 16:44:46,2026-10-09 16:45:03,117.62,106
2026-10-09 14:47:45,2026-10-09 16:45:03,2026-10-09 16:49:32,117.3,107
2026-10-09 14:47:49,2026-10-09 16:45:30,2026-10-09 16:50:34,117.7,108
2026-10-09 14:48:17,2026-10-09 16:47:31,2026-10-09 16:49:23,119.22,107
2026-10-09 14:48:51,2026-10-09 16:49:23,2026-10-09 16:56:01,120.54,108
2026-10-09 14:50:18,2026-10-09 16:49:32,2026-10-09 16:55:14,119.24,106
2026-10-09 14:50:46,2026-10-09 16:50:34,2026-10-09 16:50:41,119.8,107
2026-10-09 14:51:46,2026-10-09 16:50:41,2026-10-09 16:52:10,118.92,108
2026-10-09 14:51:54,2026-10-09 16:52:10,2026-10-09 16:53:51,120.27,109
2026-10-09 14:54:26,2026-10-09 16:53:51,2026-10-09 16:56:14,119.42,110
2026-10-09 14:55:03,2026-10-09 16:55:14,2026-10-09 16:55:56,120.18,110
2026-10-09 14:55:59,2026-10-09 16:55:56,2026-10-09 16:56:33,119.96,111
2026-10-09 14:56:00,2026-10-09 16:56:01,2026-10-09 17:00:15,120.01,112
2026-10-09 14:56:24,2026-10-09 16:56:14,2026-10-09 16:57:27,119.84,113
2026-10-09 14:57:41,2026-10-09 16:56:33,2026-10-09 17:04:54,118.86,114
2026-10-09 14:58:05,2026-10-09 16:57:27,2026-10-09 17:03:16,119.36,115
2026-10-09 15:00:28,2026-10-09 17:00:15,2026-10-09 17:00:25,119.79,113
2026-10-09 15:00:54,2026-10-09 17:00:25,2026-10-09 17:02:58,119.52,114
2026-10-09 15:01:17,2026-10-09 17:02:58,2026-10-09 17:03:59,121.69,114
2026-10-09 15:01:52,2026-10-09 17:03:16,2026-10-09 17:05:17,121.41,114
2026-10-09 15:02:12,2026-10-09 17:03:59,2026-10-09 17:05:50,121.77,115
2026-10-09 15:04:13,2026-10-09 17:04:54,2026-10-09 17:11:52,120.68,115
2026-10-09 15:04:59,2026-10-09 17:05:17,2026-10-09 17:06:59,120.29,116
2026-10-09 15:07:09,2026-10-09 17:05:50,2026-10-09 17:06:10,118.7,113
2026-10-09 15:07:28,2026-10-09 17:06:10,2026-10-09 17:10:16,118.71,114
2026-10-09 15:09:10,2026-10-09 17:06:59,2026-10-09 17:10:06,117.82,114
2026-10-09 15:13:06,2026-10-09 17:10:06,2026-10-09 17:11:45,116.99,115
2026-10-09 15:14:46,2026-10-09 17:10:16,2026-10-09 17:10:26,115.49,113
2026-10-09 15:14:54,2026-10-09 17:10:26,2026-10-09 17:11:49,115.52,114
2026-10-09 15:15:12,2026-10-09 17:11:45,2026-10-09 17:12:41,116.56,115
2026-10-09 15:17:44,2026-10-09 17:11:49,2026-10-09 17:21:40,114.09,115
2026-10-09 15:17:51,2026-10-09 17:11:52,2026-10-09 17:12:39,114.01,115
2026-10-09 15:19:26,2026-10-09 17:12:39,2026-10-09 17:13:34,113.21,115
2026-10-09 15:20:12,2026-10-09 17:12:41,2026-10-09 17:14:11,112.48,116
2026-10-09 15:20:25,2026-10-09 17:13:34,2026-10-09 17:18:38,113.14,117
2026-10-09 15:22:43,2026-10-09 17:14:11,2026-10-09 17:19:20,111.47,116
2026-10-09 15:23:24,2026-10-09 17:18:38,2026-10-09 17:19:29,115.23,117
2026-10-09 15:23:39,2026-10-09 17:19:20,2026-10-09 17:20:45,115.69,118
2026-10-09 15:24:14,2026-10-09 17:19:29,2026-10-09 17:26:09,115.24,118
2026-10-09 15:24:15,2026-10-09 17:20:45,2026-10-09 17:35:09,116.5,119
2026-10-09 15:26:26,2026-10-09 17:21:40,2026-10-09 17:27:11,115.23,120
2026-10-09 15:27:43,2026-10-09 17:26:09,2026-10-09 17:28:03,118.43,120
2026-10-09 15:27:59,2026-10-09 17:27:11,2026-10-09 17:28:52,119.19,121
2026-10-09 15:28:04,2026-10-09 17:28:03,2026-10-09 17:29:46,119.99,122
2026-10-09 15:28:49,2026-10-09 17:28:52,2026-10-09 17:35:02,120.06,123
2026-10-09 15:29:02,2026-10-09 17:29:46,2026-10-09 17:34:16,120.73,124
2026-10-09 15:29:20,2026-10-09 17:34:16,2026-10-09 17:37:01,124.93,124
2026-10-09 15:29:50,2026-10-09 17:35:02,2026-10-09 17:35:43,125.2,124
2026-10-09 15:30:17,2026-10-09 17:35:09,2026-10-09 17:36:16,124.86,124
2026-10-09 15:31:50,2026-10-09 17:35:43,2026-10-09 17:38:23,123.88,123
2026-10-09 15:32:14,2026-10-09 17:36:16,2026-10-09 17:39:27,124.04,123
2026-10-09 15:34:03,2026-10-09 17:37:01,2026-10-09 17:42:55,122.96,123
2026-10-09 15:35:05,2026-10-09 17:38:23,2026-10-09 17:43:13,123.3,124
2026-10-09 15:35:21,2026-10-09 17:39:27,2026-10-09 17:40:07,124.1,125
2026-10-09 15:35:29,2026-10-09 17:40:07,2026-10-09 17:40:53,124.63,123
2026-10-09 15:35:33,2026-10-09 17:40:53,2026-10-09 17:47:05,125.34,124
2026-10-09 15:35:42,2026-10-09 17:42:55,2026-10-09 17:43:04,127.21,125
2026-10-09 15:37:05,2026-10-09 17:43:04,2026-10-09 17:46:17,125.99,123
2026-10-09 15:37:46,2026-10-09 17:43:13,2026-10-09 17:52:14,125.45,124
2026-10-09 15:39:48,2026-10-09 17:46:17,2026-10-09 17:47:15,126.49,122
2026-10-09 15:40:22,2026-10-09 17:47:05,2026-10-09 17:50:50,126.72,123
2026-10-09 15:40:47,2026-10-09 17:47:15,2026-10-09 17:48:35,126.47,123
2026-10-09 15:46:46,2026-10-09 17:48:35,2026-10-09 17:58:22,121.82,118
2026-10-09 15:47:57,2026-10-09 17:50:50,2026-10-09 17:52:23,122.87,118
2026-10-09 15:48:58,2026-10-09 17:52:14,2026-10-09 17:52:45,123.27,119
2026-10-09 15:50:37,2026-10-09 17:52:23,2026-10-09 17:52:48,121.77,119
2026-10-09 15:54:28,2026-10-09 17:52:45,2026-10-09 17:53:42,118.29,115
2026-10-09 15:54:43,2026-10-09 17:52:48,2026-10-09 17:55:08,118.09,116
2026-10-09 15:54:45,2026-10-09 17:53:42,2026-10-09 17:57:53,118.96,117
2026-10-09 15:55:06,2026-10-09 17:55:08,2026-10-09 17:56:13,120.04,118
2026-10-09 15:56:08,2026-10-09 17:56:13,2026-10-09 17:56:17,120.08,119
2026-10-09 15:56:29,2026-10-09 17:56:17,2026-10-09 17:59:47,119.79,120
2026-10-09 15:57:49,2026-10-09 17:57:53,2026-10-09 17:58:05,120.06,121
2026-10-09 15:58:09,2026-10-09 17:58:05,2026-10-09 18:14:08,119.93,122
2026-10-09 15:58:29,2026-10-09 17:58:22,2026-10-09 18:01:23,119.88,121
2026-10-09 16:00:16,2026-10-09 17:59:47,2026-10-09 18:04:14,119.52,121
2026-10-09 16:00:36,2026-10-09 18:01:23,2026-10-09 18:02:40,120.79,122
2026-10-09 16:02:28,2026-10-09 18:02:40,2026-10-09 18:03:00,120.19,122
2026-10-09 16:03:00,2026-10-09 18:03:00,2026-10-09 18:12:30,120.0,123
2026-10-09 16:03:41,2026-10-09 18:04:14,2026-10-09 18:05:23,120.55,123
2026-10-09 16:06:05,2026-10-09 18:05:23,2026-10-09 18:09:11,119.3,123
2026-10-09 16:06:13,2026-10-09 18:09:11,2026-10-09 18:10:48,122.98,124
2026-10-09 16:06:50,2026-10-09 18:10:48,2026-10-09 18:11:34,123.97,125
2026-10-09 16:07:58,2026-10-09 18:11:34,2026-10-09 18:13:19,123.59,125
2026-10-09 16:07:59,2026-10-09 18:12:30,2026-10-09 18:18:22,124.51,126
2026-10-09 16:08:24,2026-10-09 18:13:19,2026-10-09 18:15:31,124.92,127
2026-10-09 16:09:17,2026-10-09 18:14:08,2026-10-09 18:17:09,124.84,126
2026-10-09 16:11:07,2026-10-09 18:15:31,2026-10-09 18:18:19,124.4,126
2026-10-09 16:12:24,2026-10-09 18:17:09,2026-10-09 18:20:55,124.75,127
2026-10-09 16:15:20,2026-10-09 18:18:19,2026-10-09 18:21:02,122.98,125
2026-10-09 16:18:10,2026-10-09 18:18:22,2026-10-09 18:21:31,120.21,123
2026-10-09 16:19:23,2026-10-09 18:20:55,2026-10-09 18:24:31,121.54,124
2026-10-09 16:20:04,2026-10-09 18:21:02,2026-10-09 18:23:25,120.97,125
2026-10-09 16:21:58,2026-10-09 18:21:31,2026-10-09 18:21:36,119.56,120
2026-10-09 16:22:27,2026-10-09 18:21:36,2026-10-09 18:23:52,119.15,121
2026-10-09 16:28:37,2026-10-09 18:23:25,2026-10-09 18:26:36,114.8,106
2026-10-09 16:28:59,2026-10-09 18:23:52,2026-10-09 18:24:58,114.87,107
2026-10-09 16:31:18,2026-10-09 18:24:31,2026-10-09 18:28:13,113.23,105
2026-10-09 16:32:31,2026-10-09 18:24:58,2026-10-09 18:26:49,112.45,105
2026-10-09 16:34:54,2026-10-09 18:26:36,2026-10-09 18:27:41,111.7,106
2026-10-09 16:34:58,2026-10-09 18:26:49,2026-10-09 18:40:06,111.85,107
2026-10-09 16:35:20,2026-10-09 18:27:41,2026-10-09 18:32:59,112.35,108
2026-10-09 16:36:03,2026-10-09 18:28:13,2026-10-09 18:32:09,112.16,108
2026-10-09 16:36:27,2026-10-09 18:32:09,2026-10-09 18:33:02,115.69,109
2026-10-09 16:37:25,2026-10-09 18:32:59,2026-10-09 18:37:30,115.57,106
2026-10-09 16:37:52,2026-10-09 18:33:02,2026-10-09 18:37:08,115.17,107
2026-10-09 16:38:02,2026-10-09 18:37:08,2026-10-09 18:37:49,119.1,108
2026-10-09 16:38:06,2026-10-09 18:37:30,2026-10-09 18:41:09,119.4,109
2026-10-09 16:38:37,2026-10-09 18:37:49,2026-10-09 18:43:45,119.19,110
2026-10-09 16:39:53,2026-10-09 18:40:06,2026-10-09 18:41:18,120.22,110
2026-10-09 16:43:25,2026-10-09 18:41:09,2026-10-09 18:42:55,117.73,111
2026-10-09 16:43:54,2026-10-09 18:41:18,2026-10-09 18:41:27,117.4,112
2026-10-09 16:44:47,2026-10-09 18:41:27,2026-10-09 18:50:43,116.67,111
2026-10-09 16:45:50,2026-10-09 18:42:55,2026-10-09 18:47:59,117.07,110
2026-10-09 16:46:03,2026-10-09 18:43:45,2026-10-09 18:50:50,117.7,111
2026-10-09 16:47:01,2026-10-09 18:47:59,2026-10-09 18:49:05,120.96,112
2026-10-09 16:51:16,2026-10-09 18:49:05,2026-10-09 18:49:34,117.83,108
2026-10-09 16:51:34,2026-10-09 18:49:34,2026-10-09 18:55:09,118.0,109
2026-10-09 16:53:32,2026-10-09 18:50:43,2026-10-09 18:54:17,117.18,109
2026-10-09 16:55:21,2026-10-09 18:50:50,2026-10-09 18:51:24,115.49,108
2026-10-09 16:56:11,2026-10-09 18:51:24,2026-10-09 18:53:00,115.22,107
2026-10-09 16:56:57,2026-10-09 18:53:00,2026-10-09 18:53:13,116.06,106
2026-10-09 16:57:03,2026-10-09 18:53:13,2026-10-09 18:56:04,116.17,107
2026-10-12 09:00:24,2026-10-12 09:00:24,2026-10-12 09:01:24,0.0,0
2026-10-12 09:00:43,2026-10-12 09:00:43,2026-10-12 09:00:58,0.0,0
2026-10-12 09:00:51,2026-10-12 09:00:51,2026-10-12 09:06:58,0.0,0
2026-10-12 09:01:47,2026-10-12 09:01:47,2026-10-12 09:03:07,0.0,0
2026-10-12 09:02:27,2026-10-12 09:02:27,2026-10-12 09:03:56,0.0,0
2026-10-12 09:02:29,2026-10-12 09:03:07,2026-10-12 09:03:08,0.64,0
2026-10-12 09:02:30,2026-10-12 09:03:08,2026-10-12 09:03:45,0.64,1
2026-10-12 09:06:01,2026-10-12 09:06:01,2026-10-12 09:06:22,0.0,0
2026-10-12 09:06:55,2026-10-12 09:06:55,2026-10-12 09:09:27,0.0,0
2026-10-12 09:06:59,2026-10-12 09:06:59,2026-10-12 09:07:52,0.0,0
2026-10-12 09:07:33,2026-10-12 09:07:33,2026-10-12 09:08:32,0.0,0
2026-10-12 09:07:34,2026-10-12 09:07:52,2026-10-12 09:09:45,0.3,0
2026-10-12 09:08:13,2026-10-12 09:08:32,2026-10-12 09:08:41,0.33,0
2026-10-12 09:09:01,2026-10-12 09:09:01,2026-10-12 09:09:58,0.0,0
2026-10-12 09:09:07,2026-10-12 09:09:27,2026-10-12 09:12:14,0.35,0
2026-10-12 09:09:09,2026-10-12 09:09:45,2026-10-12 09:12:24,0.59,1
2026-10-12 09:10:26,2026-10-12 09:10:26,2026-10-12 09:11:23,0.0,0
2026-10-12 09:11:33,2026-10-12 09:11:33,2026-10-12 09:14:54,0.0,0
2026-10-12 09:11:46,2026-10-12 09:12:14,2026-10-12 09:13:55,0.46,0
2026-10-12 09:12:11,2026-10-12 09:12:24,2026-10-12 09:15:20,0.22,1
2026-10-12 09:12:11,2026-10-12 09:13:55,2026-10-12 09:14:52,1.73,2
2026-10-12 09:12:24,2026-10-12 09:14:52,2026-10-12 09:17:06,2.47,2
2026-10-12 09:12:39,2026-10-12 09:14:54,2026-10-12 09:16:49,2.24,2
2026-10-12 09:13:00,2026-10-12 09:15:20,2026-10-12 09:17:34,2.34,3
2026-10-12 09:13:59,2026-10-12 09:16:49,2026-10-12 09:19:35,2.84,3
2026-10-12 09:14:00,2026-10-12 09:17:06,2026-10-12 09:19:16,3.11,4
2026-10-12 09:14:34,2026-10-12 09:17:34,2026-10-12 09:18:21,3.01,5
2026-10-12 09:15:00,2026-10-12 09:18:21,2026-10-12 09:19:12,3.36,4
2026-10-12 09:15:04,2026-10-12 09:19:12,2026-10-12 09:19:28,4.13,5
2026-10-12 09:15:34,2026-10-12 09:19:16,2026-10-12 09:21:31,3.7,5
2026-10-12 09:16:38,2026-10-12 09:19:28,2026-10-12 09:21:47,2.84,6
2026-10-12 09:17:57,2026-10-12 09:19:35,2026-10-12 09:19:53,1.64,4
2026-10-12 09:18:05,2026-10-12 09:19:53,2026-10-12 09:20:16,1.79,5
2026-10-12 09:18:13,2026-10-12 09:20:16,2026-10-12 09:21:13,2.05,6
2026-10-12 09:19:22,2026-10-12 09:21:13,2026-10-12 09:22:34,1.85,4
2026-10-12 09:19:47,2026-10-12 09:21:31,2026-10-12 09:23:03,1.74,3
2026-10-12 09:20:14,2026-10-12 09:21:47,2026-10-12 09:25:58,1.55,3
2026-10-12 09:21:05,2026-10-12 09:22:34,2026-10-12 09:22:42,1.48,3
2026-10-12 09:21:06,2026-10-12 09:22:42,2026-10-12 09:30:22,1.59,4
2026-10-12 09:21:13,2026-10-12 09:23:03,2026-10-12 09:26:53,1.83,4
2026-10-12 09:21:31,2026-10-12 09:25:58,2026-10-12 09:27:23,4.46,5
2026-10-12 09:22:06,2026-10-12 09:26:53,2026-10-12 09:27:03,4.78,4
2026-10-12 09:22:11,2026-10-12 09:27:03,2026-10-12 09:29:13,4.87,5
2026-10-12 09:22:12,2026-10-12 09:27:23,2026-10-12 09:27:46,5.19,6
2026-10-12 09:22:23,2026-10-12 09:27:46,2026-10-12 09:29:58,5.4,7
2026-10-12 09:22:35,2026-10-12 09:29:13,2026-10-12 09:34:07,6.63,7
2026-10-12 09:23:51,2026-10-12 09:29:58,2026-10-12 09:30:11,6.12,6
2026-10-12 09:24:00,2026-10-12 09:30:11,2026-10-12 09:33:09,6.18,7
2026-10-12 09:24:19,2026-10-12 09:30:22,2026-10-12 09:33:18,6.05,8
2026-10-12 09:24:32,2026-10-12 09:33:09,2026-10-12 09:34:18,8.63,9
2026-10-12 09:25:09,2026-10-12 09:33:18,2026-10-12 09:34:26,8.15,10
2026-10-12 09:25:27,2026-10-12 09:34:07,2026-10-12 09:35:04,8.68,11
2026-10-12 09:25:56,2026-10-12 09:34:18,2026-10-12 09:36:56,8.36,12
2026-10-12 09:26:09,2026-10-12 09:34:26,2026-10-12 09:34:29,8.28,12
2026-10-12 09:26:10,2026-10-12 09:34:29,2026-10-12 09:35:03,8.32,13
2026-10-12 09:26:50,2026-10-12 09:35:03,2026-10-12 09:35:39,8.21,14
2026-10-12 09:27:06,2026-10-12 09:35:04,2026-10-12 09:36:22,7.97,13
2026-10-12 09:27:11,2026-10-12 09:35:39,2026-10-12 09:38:13,8.47,14
2026-10-12 09:27:17,2026-10-12 09:36:22,2026-10-12 09:42:46,9.08,15
2026-10-12 09:27:18,2026-10-12 09:36:56,2026-10-12 09:41:06,9.64,16
2026-10-12 09:27:40,2026-10-12 09:38:13,2026-10-12 09:43:05,10.55,16
2026-10-12 09:27:42,2026-10-12 09:41:06,2026-10-12 09:47:35,13.4,17
2026-10-12 09:27:47,2026-10-12 09:42:46,2026-10-12 09:47:19,14.98,17
2026-10-12 09:28:11,2026-10-12 09:43:05,2026-10-12 09:43:46,14.89,18
2026-10-12 09:28:31,2026-10-12 09:43:46,2026-10-12 09:44:46,15.25,19
2026-10-12 09:29:05,2026-10-12 09:44:46,2026-10-12 09:48:44,15.68,20
2026-10-12 09:29:18,2026-10-12 09:47:19,2026-10-12 09:48:22,18.02,20
2026-10-12 09:30:01,2026-10-12 09:47:35,2026-10-12 09:49:54,17.56,20
2026-10-12 09:30:18,2026-10-12 09:48:22,2026-10-12 09:49:47,18.07,20
2026-10-12 09:31:20,2026-10-12 09:48:44,2026-10-12 09:54:06,17.4,20
2026-10-12 09:32:41,2026-10-12 09:49:47,2026-10-12 09:55:27,17.11,21
2026-10-12 09:33:28,2026-10-12 09:49:54,2026-10-12 09:53:09,16.44,20
2026-10-12 09:34:51,2026-10-12 09:53:09,2026-10-12 09:59:18,18.29,17
2026-10-12 09:35:03,2026-10-12 09:54:06,2026-10-12 10:01:04,19.06,18
2026-10-12 09:36:17,2026-10-12 09:55:27,2026-10-12 09:55:35,19.18,16
2026-10-12 09:36:18,2026-10-12 09:55:35,2026-10-12 09:57:29,19.28,17
2026-10-12 09:37:06,2026-10-12 09:57:29,2026-10-12 09:59:37,20.37,16
2026-10-12 09:39:32,2026-10-12 09:59:18,2026-10-12 10:03:27,19.77,16
2026-10-12 09:40:10,2026-10-12 09:59:37,2026-10-12 10:03:10,19.45,17
2026-10-12 09:40:36,2026-10-12 10:01:04,2026-10-12 10:01:20,20.47,18
2026-10-12 09:41:17,2026-10-12 10:01:20,2026-10-12 10:03:17,20.05,18
2026-10-12 09:41:20,2026-10-12 10:03:10,2026-10-12 10:04:12,21.83,19
2026-10-12 09:42:18,2026-10-12 10:03:17,2026-10-12 10:05:14,20.98,20
2026-10-12 09:43:48,2026-10-12 10:03:27,2026-10-12 10:06:18,19.65,18
2026-10-12 09:44:09,2026-10-12 10:04:12,2026-10-12 10:04:33,20.05,19
2026-10-12 09:44:27,2026-10-12 10:04:33,2026-10-12 10:04:49,20.11,20
2026-10-12 09:45:01,2026-10-12 10:04:49,2026-10-12 10:07:03,19.8,20
2026-10-12 09:45:09,2026-10-12 10:05:14,2026-10-12 10:05:50,20.07,21
2026-10-12 09:45:10,2026-10-12 10:05:50,2026-10-12 10:07:58,20.67,22
2026-10-12 09:46:27,2026-10-12 10:06:18,2026-10-12 10:08:01,19.84,23
2026-10-12 09:47:18,2026-10-12 10:07:03,2026-10-12 10:07:58,19.75,24
2026-10-12 09:47:50,2026-10-12 10:07:58,2026-10-12 10:09:42,20.13,23
2026-10-12 09:48:29,2026-10-12 10:07:58,2026-10-12 10:13:30,19.49,23
2026-10-12 09:48:30,2026-10-12 10:08:01,2026-10-12 10:09:15,19.52,24
2026-10-12 09:49:04,2026-10-12 10:09:15,2026-10-12 10:17:15,20.17,24
2026-10-12 09:50:14,2026-10-12 10:09:42,2026-10-12 10:12:22,19.47,23
2026-10-12 09:50:31,2026-10-12 10:12:22,2026-10-12 10:14:20,21.84,24
2026-10-12 09:50:35,2026-10-12 10:13:30,2026-10-12 10:13:36,22.91,25
2026-10-12 09:50:36,2026-10-12 10:13:36,2026-10-12 10:15:15,23.0,26
2026-10-12 09:51:46,2026-10-12 10:14:20,2026-10-12 10:15:25,22.56,27
2026-10-12 09:51:52,2026-10-12 10:15:15,2026-10-12 10:18:55,23.38,28
2026-10-12 09:51:56,2026-10-12 10:15:25,2026-10-12 10:18:56,23.48,29
2026-10-12 09:52:02,2026-10-12 10:17:15,2026-10-12 10:19:02,25.21,30
2026-10-12 09:52:16,2026-10-12 10:18:55,2026-10-12 10:19:12,26.64,31
2026-10-12 09:52:26,2026-10-12 10:18:56,2026-10-12 10:19:05,26.5,32
2026-10-12 09:53:36,2026-10-12 10:19:02,2026-10-12 10:23:13,25.43,32
2026-10-12 09:54:09,2026-10-12 10:19:05,2026-10-12 10:20:06,24.94,32
2026-10-12 09:54:14,2026-10-12 10:19:12,2026-10-12 10:20:10,24.97,33
2026-10-12 09:54:16,2026-10-12 10:20:06,2026-10-12 10:20:10,25.84,34
2026-10-12 09:55:26,2026-10-12 10:20:10,2026-10-12 10:20:19,24.73,35
2026-10-12 09:56:01,2026-10-12 10:20:10,2026-10-12 10:26:27,24.15,34
2026-10-12 09:56:28,2026-10-12 10:20:19,2026-10-12 10:21:12,23.86,35
2026-10-12 09:56:52,2026-10-12 10:21:12,2026-10-12 10:21:29,24.33,36
2026-10-12 09:57:43,2026-10-12 10:21:29,2026-10-12 10:25:57,23.75,36
2026-10-12 09:58:06,2026-10-12 10:23:13,2026-10-12 10:26:42,25.12,37
2026-10-12 09:58:40,2026-10-12 10:25:57,2026-10-12 10:27:09,27.29,38
2026-10-12 09:58:51,2026-10-12 10:26:27,2026-10-12 10:27:02,27.6,39
2026-10-12 09:58:53,2026-10-12 10:26:42,2026-10-12 10:30:09,27.82,40
2026-10-12 09:59:34,2026-10-12 10:27:02,2026-10-12 10:28:06,27.46,40
2026-10-12 10:00:04,2026-10-12 10:27:09,2026-10-12 10:36:08,27.09,40
2026-10-12 10:00:53,2026-10-12 10:28:06,2026-10-12 10:36:00,27.22,41
2026-10-12 10:01:56,2026-10-12 10:30:09,2026-10-12 10:30:24,28.22,40
2026-10-12 10:02:56,2026-10-12 10:30:24,2026-10-12 10:32:36,27.48,41
2026-10-12 10:03:37,2026-10-12 10:32:36,2026-10-12 10:34:19,28.98,39
2026-10-12 10:03:57,2026-10-12 10:34:19,2026-10-12 10:35:19,30.36,40
2026-10-12 10:04:07,2026-10-12 10:35:19,2026-10-12 10:37:04,31.21,41
2026-10-12 10:04:15,2026-10-12 10:36:00,2026-10-12 10:38:59,31.74,41
2026-10-12 10:06:00,2026-10-12 10:36:08,2026-10-12 10:38:16,30.14,38
2026-10-12 10:06:08,2026-10-12 10:37:04,2026-10-12 10:38:55,30.95,39
2026-10-12 10:06:24,2026-10-12 10:38:16,2026-10-12 10:41:34,31.86,39
2026-10-12 10:06:31,2026-10-12 10:38:55,2026-10-12 10:39:50,32.4,40
2026-10-12 10:06:57,2026-10-12 10:38:59,2026-10-12 10:41:08,32.02,41
2026-10-12 10:07:16,2026-10-12 10:39:50,2026-10-12 10:40:23,32.58,41
2026-10-12 10:07:22,2026-10-12 10:40:23,2026-10-12 10:42:59,33.01,42
2026-10-12 10:07:53,2026-10-12 10:41:08,2026-10-12 10:44:10,33.25,43
2026-10-12 10:08:44,2026-10-12 10:41:34,2026-10-12 10:42:18,32.83,41
2026-10-12 10:08:52,2026-10-12 10:42:18,2026-10-12 10:47:39,33.42,42
2026-10-12 10:09:08,2026-10-12 10:42:59,2026-10-12 10:48:25,33.85,43
2026-10-12 10:09:35,2026-10-12 10:44:10,2026-10-12 10:48:52,34.57,43
2026-10-12 10:10:08,2026-10-12 10:47:39,2026-10-12 10:48:53,37.53,43
2026-10-12 10:10:15,2026-10-12 10:48:25,2026-10-12 10:51:02,38.18,44
2026-10-12 10:10:20,2026-10-12 10:48:52,2026-10-12 10:49:46,38.55,45
2026-10-12 10:11:16,2026-10-12 10:48:53,2026-10-12 10:50:47,37.62,46
2026-10-12 10:11:50,2026-10-12 10:49:46,2026-10-12 10:51:42,37.92,47
2026-10-12 10:12:37,2026-10-12 10:50:47,2026-10-12 10:51:25,38.16,47
2026-10-12 10:13:09,2026-10-12 10:51:02,2026-10-12 10:51:29,37.89,48
2026-10-12 10:14:41,2026-10-12 10:51:25,2026-10-12 10:52:52,36.73,46
2026-10-12 10:14:46,2026-10-12 10:51:29,2026-10-12 10:55:30,36.72,47
2026-10-12 10:15:01,2026-10-12 10:51:42,2026-10-12 10:52:59,36.67,48
2026-10-12 10:15:07,2026-10-12 10:52:52,2026-10-12 10:55:28,37.74,49
2026-10-12 10:16:02,2026-10-12 10:52:59,2026-10-12 10:54:54,36.94,48
2026-10-12 10:16:22,2026-10-12 10:54:54,2026-10-12 10:57:44,38.54,49
2026-10-12 10:17:14,2026-10-12 10:55:28,2026-10-12 10:59:27,38.22,50
2026-10-12 10:17:20,2026-10-12 10:55:30,2026-10-12 10:58:40,38.17,50
2026-10-12 10:17:29,2026-10-12 10:57:44,2026-10-12 11:01:27,40.24,51
2026-10-12 10:17:34,2026-10-12 10:58:40,2026-10-12 10:59:11,41.1,52
2026-10-12 10:17:50,2026-10-12 10:59:11,2026-10-12 11:00:36,41.35,53
2026-10-12 10:18:06,2026-10-12 10:59:27,2026-10-12 11:01:09,41.35,54
2026-10-12 10:18:20,2026-10-12 11:00:36,2026-10-12 11:01:06,42.27,55
2026-10-12 10:18:57,2026-10-12 11:01:06,2026-10-12 11:01:14,42.15,54
2026-10-12 10:19:07,2026-10-12 11:01:09,2026-10-12 11:08:05,42.03,53
2026-10-12 10:19:07,2026-10-12 11:01:14,2026-10-12 11:02:09,42.12,54
2026-10-12 10:19:57,2026-10-12 11:01:27,2026-10-12 11:01:28,41.5,54
2026-10-12 10:19:58,2026-10-12 11:01:28,2026-10-12 11:01:41,41.5,55
2026-10-12 10:20:11,2026-10-12 11:01:41,2026-10-12 11:01:53,41.5,53
2026-10-12 10:20:38,2026-10-12 11:01:53,2026-10-12 11:04:39,41.25,53
2026-10-12 10:20:57,2026-10-12 11:02:09,2026-10-12 11:03:23,41.2,54
2026-10-12 10:21:01,2026-10-12 11:03:23,2026-10-12 11:05:03,42.37,55
2026-10-12 10:21:10,2026-10-12 11:04:39,2026-10-12 11:05:07,43.48,56
2026-10-12 10:21:48,2026-10-12 11:05:03,2026-10-12 11:15:53,43.26,55
2026-10-12 10:22:15,2026-10-12 11:05:07,2026-10-12 11:06:15,42.88,56
2026-10-12 10:23:33,2026-10-12 11:06:15,2026-10-12 11:08:49,42.71,56
2026-10-12 10:23:56,2026-10-12 11:08:05,2026-10-12 11:12:34,44.16,57
2026-10-12 10:24:12,2026-10-12 11:08:49,2026-10-12 11:11:42,44.62,58
2026-10-12 10:24:12,2026-10-12 11:11:42,2026-10-12 11:12:26,47.5,59
2026-10-12 10:26:39,2026-10-12 11:12:26,2026-10-12 11:14:03,45.78,58
2026-10-12 10:27:33,2026-10-12 11:12:34,2026-10-12 11:12:38,45.03,56
2026-10-12 10:27:45,2026-10-12 11:12:38,2026-10-12 11:13:25,44.87,57
2026-10-12 10:28:10,2026-10-12 11:13:25,2026-10-12 11:13:57,45.25,57
2026-10-12 10:28:22,2026-10-12 11:13:57,2026-10-12 11:19:06,45.59,58
2026-10-12 10:28:23,2026-10-12 11:14:03,2026-10-12 11:17:11,45.67,59
2026-10-12 10:28:59,2026-10-12 11:15:53,2026-10-12 11:18:35,46.89,60
2026-10-12 10:31:11,2026-10-12 11:17:11,2026-10-12 11:17:11,46.01,59
2026-10-12 10:31:33,2026-10-12 11:17:11,2026-10-12 11:18:05,45.65,60
2026-10-12 10:31:52,2026-10-12 11:18:05,2026-10-12 11:20:47,46.22,61
2026-10-12 10:32:17,2026-10-12 11:18:35,2026-10-12 11:19:02,46.29,62
2026-10-12 10:32:49,2026-10-12 11:19:02,2026-10-12 11:19:22,46.21,62
2026-10-12 10:33:10,2026-10-12 11:19:06,2026-10-12 11:19:35,45.93,63
2026-10-12 10:33:15,2026-10-12 11:19:22,2026-10-12 11:20:18,46.13,64
2026-10-12 10:34:17,2026-10-12 11:19:35,2026-10-12 11:22:25,45.3,65
2026-10-12 10:34:33,2026-10-12 11:20:18,2026-10-12 11:21:22,45.76,65
2026-10-12 10:35:08,2026-10-12 11:20:47,2026-10-12 11:22:37,45.65,66
2026-10-12 10:35:39,2026-10-12 11:21:22,2026-10-12 11:26:33,45.72,66
2026-10-12 10:35:41,2026-10-12 11:22:25,2026-10-12 11:26:46,46.74,67
2026-10-12 10:35:44,2026-10-12 11:22:37,2026-10-12 11:28:11,46.88,68
2026-10-12 10:35:52,2026-10-12 11:26:33,2026-10-12 11:27:13,50.69,69
2026-10-12 10:36:07,2026-10-12 11:26:46,2026-10-12 11:28:52,50.65,69
2026-10-12 10:36:55,2026-10-12 11:27:13,2026-10-12 11:28:42,50.3,69
2026-10-12 10:37:10,2026-10-12 11:28:11,2026-10-12 11:30:47,51.03,69
2026-10-12 10:37:47,2026-10-12 11:28:42,2026-10-12 11:28:59,50.91,70
2026-10-12 10:37:49,2026-10-12 11:28:52,2026-10-12 11:29:25,51.06,71
2026-10-12 10:39:26,2026-10-12 11:28:59,2026-10-12 11:29:38,49.55,69
2026-10-12 10:39:57,2026-10-12 11:29:25,2026-10-12 11:30:00,49.47,69
2026-10-12 10:40:51,2026-10-12 11:29:38,2026-10-12 11:30:33,48.78,69
2026-10-12 10:41:04,2026-10-12 11:30:00,2026-10-12 11:30:33,48.93,70
2026-10-12 10:41:23,2026-10-12 11:30:33,2026-10-12 11:31:36,49.17,70
2026-10-12 10:41:38,2026-10-12 11:30:33,2026-10-12 11:31:16,48.92,70
2026-10-12 10:42:23,2026-10-12 11:30:47,2026-10-12 11:34:04,48.39,70
2026-10-12 10:43:01,2026-10-12 11:31:16,2026-10-12 11:31:26,48.26,70
2026-10-12 10:43:18,2026-10-12 11:31:26,2026-10-12 11:33:08,48.12,71
2026-10-12 10:43:53,2026-10-12 11:31:36,2026-10-12 11:32:00,47.73,72
2026-10-12 10:45:18,2026-10-12 11:32:00,2026-10-12 11:35:22,46.7,72
2026-10-12 10:45:48,2026-10-12 11:33:08,2026-10-12 11:35:35,47.34,73
2026-10-12 10:45:58,2026-10-12 11:34:04,2026-10-12 11:34:53,48.1,74
2026-10-12 10:46:06,2026-10-12 11:34:53,2026-10-12 11:38:19,48.79,75
2026-10-12 10:46:16,2026-10-12 11:35:22,2026-10-12 11:39:08,49.1,76
2026-10-12 10:48:05,2026-10-12 11:35:35,2026-10-12 11:37:40,47.5,76
2026-10-12 10:51:30,2026-10-12 11:37:40,2026-10-12 11:37:55,46.17,69
2026-10-12 10:51:49,2026-10-12 11:37:55,2026-10-12 11:37:56,46.1,69
2026-10-12 10:51:49,2026-10-12 11:37:56,2026-10-12 11:38:17,46.12,70
2026-10-12 10:51:59,2026-10-12 11:38:17,2026-10-12 11:39:03,46.31,71
2026-10-12 10:52:51,2026-10-12 11:38:19,2026-10-12 11:41:15,45.46,72
2026-10-12 10:53:47,2026-10-12 11:39:03,2026-10-12 11:39:49,45.27,71
2026-10-12 10:54:33,2026-10-12 11:39:08,2026-10-12 11:39:54,44.59,72
2026-10-12 10:54:35,2026-10-12 11:39:49,2026-10-12 11:41:45,45.24,73
2026-10-12 10:55:20,2026-10-12 11:39:54,2026-10-12 11:41:17,44.57,73
2026-10-12 10:56:10,2026-10-12 11:41:15,2026-10-12 11:41:17,45.08,72
2026-10-12 10:56:59,2026-10-12 11:41:17,2026-10-12 11:43:31,44.29,73
2026-10-12 10:57:00,2026-10-12 11:41:17,2026-10-12 11:42:08,44.29,74
2026-10-12 10:57:16,2026-10-12 11:41:45,2026-10-12 11:43:42,44.49,75
2026-10-12 10:57:25,2026-10-12 11:42:08,2026-10-12 11:42:52,44.71,76
2026-10-12 10:57:49,2026-10-12 11:42:52,2026-10-12 11:44:54,45.06,76
2026-10-12 10:58:06,2026-10-12 11:43:31,2026-10-12 11:47:29,45.42,77
2026-10-12 10:58:20,2026-10-12 11:43:42,2026-10-12 11:45:54,45.37,78
2026-10-12 10:58:49,2026-10-12 11:44:54,2026-10-12 11:46:33,46.08,78
2026-10-12 10:59:45,2026-10-12 11:45:54,2026-10-12 11:49:23,46.15,77
2026-10-12 11:00:10,2026-10-12 11:46:33,2026-10-12 11:46:35,46.38,78
2026-10-12 11:00:19,2026-10-12 11:46:35,2026-10-12 11:46:59,46.26,79
2026-10-12 11:01:08,2026-10-12 11:46:59,2026-10-12 11:47:00,45.86,78
2026-10-12 11:01:37,2026-10-12 11:47:00,2026-10-12 11:50:00,45.38,75
2026-10-12 11:01:39,2026-10-12 11:47:29,2026-10-12 11:48:10,45.83,76
2026-10-12 11:01:57,2026-10-12 11:48:10,2026-10-12 11:49:03,46.23,75
2026-10-12 11:02:00,2026-10-12 11:49:03,2026-10-12 11:50:47,47.05,76
2026-10-12 11:02:59,2026-10-12 11:49:23,2026-10-12 11:50:21,46.4,76
2026-10-12 11:04:03,2026-10-12 11:50:00,2026-10-12 11:50:15,45.96,76
2026-10-12 11:04:04,2026-10-12 11:50:15,2026-10-12 11:57:13,46.17,77
2026-10-12 11:04:07,2026-10-12 11:50:21,2026-10-12 11:54:48,46.23,78
2026-10-12 11:04:15,2026-10-12 11:50:47,2026-10-12 11:55:46,46.54,79
2026-10-12 11:04:18,2026-10-12 11:54:48,2026-10-12 12:00:43,50.51,80
2026-10-12 11:04:54,2026-10-12 11:55:46,2026-10-12 11:58:34,50.87,80
2026-10-12 11:05:31,2026-10-12 11:57:13,2026-10-12 11:58:46,51.7,79
2026-10-12 11:05:46,2026-10-12 11:58:34,2026-10-12 11:59:12,52.79,80
2026-10-12 11:06:08,2026-10-12 11:58:46,2026-10-12 12:05:11,52.64,81
2026-10-12 11:06:17,2026-10-12 11:59:12,2026-10-12 12:00:17,52.92,81
2026-10-12 11:06:26,2026-10-12 12:00:17,2026-10-12 12:01:14,53.85,82
2026-10-12 11:06:40,2026-10-12 12:00:43,2026-10-12 12:00:49,54.05,83
2026-10-12 11:07:08,2026-10-12 12:00:49,2026-10-12 12:02:05,53.69,84
2026-10-12 11:07:21,2026-10-12 12:01:14,2026-10-12 12:04:40,53.87,85
2026-10-12 11:07:23,2026-10-12 12:02:05,2026-10-12 12:03:05,54.69,86
2026-10-12 11:07:25,2026-10-12 12:03:05,2026-10-12 12:04:39,55.67,87
2026-10-12 11:07:29,2026-10-12 12:04:39,2026-10-12 12:07:17,57.17,88
2026-10-12 11:08:10,2026-10-12 12:04:40,2026-10-12 12:09:11,56.5,88
2026-10-12 11:08:57,2026-10-12 12:05:11,2026-10-12 12:08:50,56.24,88
2026-10-12 11:08:58,2026-10-12 12:07:17,2026-10-12 12:15:35,58.3,89
2026-10-12 11:10:44,2026-10-12 12:08:50,2026-10-12 12:09:20,58.09,90
2026-10-12 11:10:59,2026-10-12 12:09:11,2026-10-12 12:10:02,58.2,91
2026-10-12 11:11:50,2026-10-12 12:09:20,2026-10-12 12:10:00,57.51,91
2026-10-12 11:12:17,2026-10-12 12:10:00,2026-10-12 12:13:25,57.71,92
2026-10-12 11:12:46,2026-10-12 12:10:02,2026-10-12 12:14:30,57.25,90
2026-10-12 11:12:48,2026-10-12 12:13:25,2026-10-12 12:14:38,60.62,91
2026-10-12 11:13:18,2026-10-12 12:14:30,2026-10-12 12:21:17,61.2,92
2026-10-12 11:14:44,2026-10-12 12:14:38,2026-10-12 12:16:30,59.9,90
2026-10-12 11:14:54,2026-10-12 12:15:35,2026-10-12 12:16:24,60.68,91
2026-10-12 11:14:59,2026-10-12 12:16:24,2026-10-12 12:19:36,61.41,92
2026-10-12 11:15:15,2026-10-12 12:16:30,2026-10-12 12:17:21,61.25,93
2026-10-12 11:15:41,2026-10-12 12:17:21,2026-10-12 12:22:29,61.65,94
2026-10-12 11:16:24,2026-10-12 12:19:36,2026-10-12 12:20:17,63.21,94
2026-10-12 11:17:23,2026-10-12 12:20:17,2026-10-12 12:21:11,62.89,93
2026-10-12 11:17:45,2026-10-12 12:21:11,2026-10-12 12:25:07,63.44,94
2026-10-12 11:19:07,2026-10-12 12:21:17,2026-10-12 12:21:45,62.18,91
2026-10-12 11:20:04,2026-10-12 12:21:45,2026-10-12 12:24:26,61.67,90
2026-10-12 11:20:41,2026-10-12 12:22:29,2026-10-12 12:23:35,61.8,90
2026-10-12 11:22:54,2026-10-12 12:23:35,2026-10-12 12:24:07,60.68,87
2026-10-12 11:23:50,2026-10-12 12:24:07,2026-10-12 12:26:13,60.28,88
2026-10-12 11:24:09,2026-10-12 12:24:26,2026-10-12 12:27:24,60.29,89
2026-10-12 11:24:11,2026-10-12 12:25:07,2026-10-12 12:26:16,60.93,90
2026-10-12 11:24:21,2026-10-12 12:26:13,2026-10-12 12:27:37,61.87,91
2026-10-12 11:24:45,2026-10-12 12:26:16,2026-10-12 12:31:20,61.5,92
2026-10-12 11:25:10,2026-10-12 12:27:24,2026-10-12 12:29:21,62.22,93
2026-10-12 11:25:13,2026-10-12 12:27:37,2026-10-12 12:29:13,62.39,94
2026-10-12 11:25:46,2026-10-12 12:29:13,2026-10-12 12:32:08,63.45,95
2026-10-12 11:26:16,2026-10-12 12:29:21,2026-10-12 12:31:23,63.08,96
2026-10-12 11:26:57,2026-10-12 12:31:20,2026-10-12 12:31:25,64.38,95
2026-10-12 11:27:27,2026-10-12 12:31:23,2026-10-12 12:33:34,63.92,95
2026-10-12 11:27:45,2026-10-12 12:31:25,2026-10-12 12:33:11,63.67,96
2026-10-12 11:27:46,2026-10-12 12:32:08,2026-10-12 12:32:28,64.37,97
2026-10-12 11:28:05,2026-10-12 12:32:28,2026-10-12 12:36:04,64.4,98
2026-10-12 11:28:08,2026-10-12 12:33:11,2026-10-12 12:44:20,65.05,99
2026-10-12 11:28:28,2026-10-12 12:33:34,2026-10-12 12:34:08,65.1,99
2026-10-12 11:29:20,2026-10-12 12:34:08,2026-10-12 12:38:40,64.8,97
2026-10-12 11:30:01,2026-10-12 12:36:04,2026-10-12 12:36:12,66.05,95
2026-10-12 11:30:13,2026-10-12 12:36:12,2026-10-12 12:38:53,65.99,96
2026-10-12 11:30:36,2026-10-12 12:38:40,2026-10-12 12:39:12,68.06,95
2026-10-12 11:30:46,2026-10-12 12:38:53,2026-10-12 12:42:53,68.11,96
2026-10-12 11:31:21,2026-10-12 12:39:12,2026-10-12 12:40:15,67.86,95
2026-10-12 11:31:22,2026-10-12 12:40:15,2026-10-12 12:40:49,68.88,96
2026-10-12 11:32:01,2026-10-12 12:40:49,2026-10-12 12:42:14,68.79,94
2026-10-12 11:32:03,2026-10-12 12:42:14,2026-10-12 12:43:37,70.18,95
2026-10-12 11:32:36,2026-10-12 12:42:53,2026-10-12 12:43:22,70.29,96
2026-10-12 11:32:39,2026-10-12 12:43:22,2026-10-12 12:48:33,70.73,97
2026-10-12 11:32:55,2026-10-12 12:43:37,2026-10-12 12:44:52,70.69,98
2026-10-12 11:33:16,2026-10-12 12:44:20,2026-10-12 12:44:21,71.07,98
2026-10-12 11:33:56,2026-10-12 12:44:21,2026-10-12 12:46:33,70.42,99
2026-10-12 11:35:27,2026-10-12 12:44:52,2026-10-12 12:46:49,69.43,97
2026-10-12 11:35:36,2026-10-12 12:46:33,2026-10-12 12:47:17,70.94,97
2026-10-12 11:35:43,2026-10-12 12:46:49,2026-10-12 12:48:27,71.11,98
2026-10-12 11:35:55,2026-10-12 12:47:17,2026-10-12 12:52:37,71.36,99
2026-10-12 11:36:08,2026-10-12 12:48:27,2026-10-12 12:50:49,72.31,100
2026-10-12 11:36:38,2026-10-12 12:48:33,2026-10-12 12:51:37,71.91,101
2026-10-12 11:37:03,2026-10-12 12:50:49,2026-10-12 12:53:25,73.76,102
2026-10-12 11:37:41,2026-10-12 12:51:37,2026-10-12 12:52:43,73.94,102
2026-10-12 11:38:44,2026-10-12 12:52:37,2026-10-12 12:53:55,73.89,99
2026-10-12 11:39:01,2026-10-12 12:52:43,2026-10-12 12:53:26,73.69,100
2026-10-12 11:39:27,2026-10-12 12:53:25,2026-10-12 12:57:20,73.97,99
2026-10-12 11:39:30,2026-10-12 12:53:26,2026-10-12 12:53:50,73.92,100
2026-10-12 11:40:11,2026-10-12 12:53:50,2026-10-12 12:55:47,73.65,99
2026-10-12 11:40:13,2026-10-12 12:53:55,2026-10-12 12:57:58,73.71,100
2026-10-12 11:41:12,2026-10-12 12:55:47,2026-10-12 12:56:59,74.57,101
2026-10-12 11:41:22,2026-10-12 12:56:59,2026-10-12 12:57:24,75.61,99
2026-10-12 11:42:23,2026-10-12 12:57:20,2026-10-12 12:58:55,74.96,98
2026-10-12 11:42:35,2026-10-12 12:57:24,2026-10-12 12:58:05,74.83,99
2026-10-12 11:44:55,2026-10-12 12:57:58,2026-10-12 13:00:56,73.05,96
2026-10-12 11:45:36,2026-10-12 12:58:05,2026-10-12 13:01:21,72.5,97
2026-10-12 11:45:40,2026-10-12 12:58:55,2026-10-12 13:00:09,73.25,98
2026-10-12 11:46:05,2026-10-12 13:00:09,2026-10-12 13:04:04,74.07,98
2026-10-12 11:46:47,2026-10-12 13:00:56,2026-10-12 13:02:27,74.15,97
2026-10-12 11:46:47,2026-10-12 13:01:21,2026-10-12 13:02:32,74.56,98
2026-10-12 11:47:04,2026-10-12 13:02:27,2026-10-12 13:03:14,75.39,97
2026-10-12 11:48:15,2026-10-12 13:02:32,2026-10-12 13:09:45,74.28,96
2026-10-12 11:49:07,2026-10-12 13:03:14,2026-10-12 13:03:19,74.12,96
2026-10-12 11:49:23,2026-10-12 13:03:19,2026-10-12 13:09:27,73.94,97
2026-10-12 11:49:25,2026-10-12 13:04:04,2026-10-12 13:05:42,74.65,97
2026-10-12 11:49:41,2026-10-12 13:05:42,2026-10-12 13:09:53,76.02,98
2026-10-12 11:50:01,2026-10-12 13:09:27,2026-10-12 13:12:21,79.43,98
2026-10-12 11:50:18,2026-10-12 13:09:45,2026-10-12 13:21:37,79.45,98
2026-10-12 11:50:47,2026-10-12 13:09:53,2026-10-12 13:12:12,79.1,98
2026-10-12 11:51:24,2026-10-12 13:12:12,2026-10-12 13:12:51,80.79,98
2026-10-12 11:51:27,2026-10-12 13:12:21,2026-10-12 13:12:35,80.9,99
2026-10-12 11:51:28,2026-10-12 13:12:35,2026-10-12 13:14:41,81.11,100
2026-10-12 11:52:10,2026-10-12 13:12:51,2026-10-12 13:16:22,80.69,101
2026-10-12 11:52:42,2026-10-12 13:14:41,2026-10-12 13:17:21,81.99,102
2026-10-12 11:53:02,2026-10-12 13:16:22,2026-10-12 13:16:55,83.33,103
2026-10-12 11:53:35,2026-10-12 13:16:55,2026-10-12 13:17:37,83.33,104
2026-10-12 11:53:55,2026-10-12 13:17:21,2026-10-12 13:17:52,83.44,105
2026-10-12 11:54:30,2026-10-12 13:17:37,2026-10-12 13:22:32,83.13,106
2026-10-12 11:54:45,2026-10-12 13:17:52,2026-10-12 13:18:04,83.12,107
2026-10-12 11:55:17,2026-10-12 13:18:04,2026-10-12 13:19:02,82.77,107
2026-10-12 11:56:29,2026-10-12 13:19:02,2026-10-12 13:20:06,82.54,107
2026-10-12 11:57:29,2026-10-12 13:20:06,2026-10-12 13:21:52,82.61,107
2026-10-12 11:57:59,2026-10-12 13:21:37,2026-10-12 13:39:49,83.65,108
2026-10-12 11:58:14,2026-10-12 13:21:52,2026-10-12 13:22:10,83.64,109
2026-10-12 11:58:35,2026-10-12 13:22:10,2026-10-12 13:23:24,83.59,109
2026-10-12 11:59:44,2026-10-12 13:22:32,2026-10-12 13:24:55,82.81,108
2026-10-12 11:59:47,2026-10-12 13:23:24,2026-10-12 13:25:04,83.62,109
2026-10-12 12:00:08,2026-10-12 13:24:55,2026-10-12 13:25:36,84.78,110
2026-10-12 12:00:44,2026-10-12 13:25:04,2026-10-12 13:26:32,84.32,109
2026-10-12 12:01:34,2026-10-12 13:25:36,2026-10-12 13:32:44,84.04,108
2026-10-12 12:02:26,2026-10-12 13:26:32,2026-10-12 13:32:19,84.1,108
2026-10-12 12:02:29,2026-10-12 13:32:19,2026-10-12 13:36:02,89.83,109
2026-10-12 12:02:52,2026-10-12 13:32:44,2026-10-12 13:34:09,89.87,110
2026-10-12 12:02:53,2026-10-12 13:34:09,2026-10-12 13:34:39,91.26,111
2026-10-12 12:03:20,2026-10-12 13:34:39,2026-10-12 13:38:03,91.32,111
2026-10-12 12:03:45,2026-10-12 13:36:02,2026-10-12 13:38:59,92.29,112
2026-10-12 12:04:41,2026-10-12 13:38:03,2026-10-12 13:38:24,93.36,111
2026-10-12 12:04:54,2026-10-12 13:38:24,2026-10-12 13:41:33,93.49,112
2026-10-12 12:05:05,2026-10-12 13:38:59,2026-10-12 13:39:09,93.89,113
2026-10-12 12:05:14,2026-10-12 13:39:09,2026-10-12 13:40:10,93.91,113
2026-10-12 12:05:15,2026-10-12 13:39:49,2026-10-12 13:45:48,94.57,114
2026-10-12 12:06:30,2026-10-12 13:40:10,2026-10-12 13:41:34,93.67,115
2026-10-12 12:06:58,2026-10-12 13:41:33,2026-10-12 13:45:22,94.59,116
2026-10-12 12:07:55,2026-10-12 13:41:34,2026-10-12 13:41:56,93.66,116
2026-10-12 12:08:49,2026-10-12 13:41:56,2026-10-12 13:43:31,93.12,117
2026-10-12 12:09:37,2026-10-12 13:43:31,2026-10-12 13:44:19,93.91,115
2026-10-12 12:10:10,2026-10-12 13:44:19,2026-10-12 13:46:14,94.16,114
2026-10-12 12:10:45,2026-10-12 13:45:22,2026-10-12 13:46:48,94.61,115
2026-10-12 12:10:47,2026-10-12 13:45:48,2026-10-12 13:48:33,95.01,116
2026-10-12 12:11:32,2026-10-12 13:46:14,2026-10-12 13:51:31,94.71,117
2026-10-12 12:11:48,2026-10-12 13:46:48,2026-10-12 13:47:05,94.99,118
2026-10-12 12:12:16,2026-10-12 13:47:05,2026-10-12 13:48:33,94.82,119
2026-10-12 12:12:53,2026-10-12 13:48:33,2026-10-12 13:49:20,95.66,120
2026-10-12 12:13:21,2026-10-12 13:48:33,2026-10-12 13:49:41,95.2,121
2026-10-12 12:14:27,2026-10-12 13:49:20,2026-10-12 13:53:07,94.89,121
2026-10-12 12:14:58,2026-10-12 13:49:41,2026-10-12 13:52:38,94.72,120
2026-10-12 12:15:05,2026-10-12 13:51:31,2026-10-12 13:54:21,96.43,121
2026-10-12 12:15:11,2026-10-12 13:52:38,2026-10-12 13:53:16,97.45,122
2026-10-12 12:15:27,2026-10-12 13:53:07,2026-10-12 13:53:26,97.68,123
2026-10-12 12:16:49,2026-10-12 13:53:16,2026-10-12 13:54:38,96.44,121
2026-10-12 12:17:16,2026-10-12 13:53:26,2026-10-12 13:54:16,96.17,122
2026-10-12 12:17:58,2026-10-12 13:54:16,2026-10-12 13:57:13,96.3,122
2026-10-12 12:18:33,2026-10-12 13:54:21,2026-10-12 13:55:54,95.8,123
2026-10-12 12:19:54,2026-10-12 13:54:38,2026-10-12 13:56:32,94.72,123
2026-10-12 12:20:23,2026-10-12 13:55:54,2026-10-12 13:59:30,95.51,123
2026-10-12 12:20:51,2026-10-12 13:56:32,2026-10-12 14:02:09,95.68,124
2026-10-12 12:21:24,2026-10-12 13:57:13,2026-10-12 13:57:40,95.83,123
2026-10-12 12:21:28,2026-10-12 13:57:40,2026-10-12 13:58:15,96.19,124
2026-10-12 12:21:49,2026-10-12 13:58:15,2026-10-12 14:01:24,96.43,124
2026-10-12 12:22:13,2026-10-12 13:59:30,2026-10-12 13:59:48,97.27,125
2026-10-12 12:23:00,2026-10-12 13:59:48,2026-10-12 14:03:17,96.79,125
2026-10-12 12:23:00,2026-10-12 14:01:24,2026-10-12 14:04:45,98.39,126
2026-10-12 12:23:32,2026-10-12 14:02:09,2026-10-12 14:02:42,98.62,127
2026-10-12 12:23:36,2026-10-12 14:02:42,2026-10-12 14:05:40,99.1,127
2026-10-12 12:23:46,2026-10-12 14:03:17,2026-10-12 14:05:00,99.53,128
2026-10-12 12:24:17,2026-10-12 14:04:45,2026-10-12 14:04:45,100.47,128
2026-10-12 12:24:33,2026-10-12 14:04:45,2026-10-12 14:07:27,100.2,128
2026-10-12 12:25:44,2026-10-12 14:05:00,2026-10-12 14:06:07,99.27,128
2026-10-12 12:26:01,2026-10-12 14:05:40,2026-10-12 14:05:47,99.65,129
2026-10-12 12:26:12,2026-10-12 14:05:47,2026-10-12 14:09:41,99.58,130
2026-10-12 12:26:17,2026-10-12 14:06:07,2026-10-12 14:06:49,99.84,129
2026-10-12 12:26:38,2026-10-12 14:06:49,2026-10-12 14:09:47,100.18,130
2026-10-12 12:26:59,2026-10-12 14:07:27,2026-10-12 14:08:05,100.46,131
2026-10-12 12:27:07,2026-10-12 14:08:05,2026-10-12 14:10:14,100.97,132
2026-10-12 12:27:20,2026-10-12 14:09:41,2026-10-12 14:09:44,102.34,133
2026-10-12 12:27:46,2026-10-12 14:09:44,2026-10-12 14:16:33,101.97,132
2026-10-12 12:28:09,2026-10-12 14:09:47,2026-10-12 14:13:13,101.62,133
2026-10-12 12:28:13,2026-10-12 14:10:14,2026-10-12 14:11:35,102.01,134
2026-10-12 12:29:17,2026-10-12 14:11:35,2026-10-12 14:13:45,102.29,134
2026-10-12 12:29:24,2026-10-12 14:13:13,2026-10-12 14:13:29,103.81,134
2026-10-12 12:30:21,2026-10-12 14:13:29,2026-10-12 14:19:53,103.13,135
2026-10-12 12:30:28,2026-10-12 14:13:45,2026-10-12 14:14:56,103.29,136
2026-10-12 12:30:38,2026-10-12 14:14:56,2026-10-12 14:16:33,104.31,137
2026-10-12 12:33:07,2026-10-12 14:16:33,2026-10-12 14:24:09,103.43,133
2026-10-12 12:33:09,2026-10-12 14:16:33,2026-10-12 14:19:32,103.41,134
2026-10-12 12:33:14,2026-10-12 14:19:32,2026-10-12 14:20:15,106.3,134
2026-10-12 12:33:24,2026-10-12 14:19:53,2026-10-12 14:20:29,106.49,135
2026-10-12 12:34:04,2026-10-12 14:20:15,2026-10-12 14:21:34,106.18,135
2026-10-12 12:34:19,2026-10-12 14:20:29,2026-10-12 14:21:32,106.16,135
2026-10-12 12:34:34,2026-10-12 14:21:32,2026-10-12 14:22:12,106.96,136
2026-10-12 12:34:37,2026-10-12 14:21:34,2026-10-12 14:26:52,106.95,137
2026-10-12 12:34:38,2026-10-12 14:22:12,2026-10-12 14:23:38,107.57,138
2026-10-12 12:34:51,2026-10-12 14:23:38,2026-10-12 14:24:06,108.78,139
2026-10-12 12:35:12,2026-10-12 14:24:06,2026-10-12 14:36:25,108.9,140
2026-10-12 12:35:28,2026-10-12 14:24:09,2026-10-12 14:26:12,108.68,141
2026-10-12 12:35:40,2026-10-12 14:26:12,2026-10-12 14:26:17,110.53,142
2026-10-12 12:36:13,2026-10-12 14:26:17,2026-10-12 14:26:50,110.08,141
2026-10-12 12:36:38,2026-10-12 14:26:50,2026-10-12 14:31:50,110.19,142
2026-10-12 12:37:18,2026-10-12 14:26:52,2026-10-12 14:32:35,109.57,143
2026-10-12 12:37:24,2026-10-12 14:31:50,2026-10-12 14:32:16,114.43,144
2026-10-12 12:37:30,2026-10-12 14:32:16,2026-10-12 14:34:36,114.77,145
2026-10-12 12:37:34,2026-10-12 14:32:35,2026-10-12 14:32:57,115.01,146
2026-10-12 12:37:52,2026-10-12 14:32:57,2026-10-12 14:34:23,115.07,147
2026-10-12 12:37:57,2026-10-12 14:34:23,2026-10-12 14:37:57,116.42,148
2026-10-12 12:37:58,2026-10-12 14:34:36,2026-10-12 14:34:51,116.63,149
2026-10-12 12:38:07,2026-10-12 14:34:51,2026-10-12 14:35:48,116.73,150
2026-10-12 12:39:47,2026-10-12 14:35:48,2026-10-12 14:38:37,116.03,148
2026-10-12 12:40:30,2026-10-12 14:36:25,2026-10-12 14:37:21,115.92,148
2026-10-12 12:40:31,2026-10-12 14:37:21,2026-10-12 14:38:51,116.82,149
2026-10-12 12:40:40,2026-10-12 14:37:57,2026-10-12 14:39:38,117.28,150
2026-10-12 12:41:51,2026-10-12 14:38:37,2026-10-12 14:38:41,116.76,150
2026-10-12 12:43:08,2026-10-12 14:38:41,2026-10-12 14:39:22,115.55,149
2026-10-12 12:44:37,2026-10-12 14:38:51,2026-10-12 14:41:53,114.23,146
2026-10-12 12:44:39,2026-10-12 14:39:22,2026-10-12 14:39:26,114.71,147
2026-10-12 12:44:41,2026-10-12 14:39:26,2026-10-12 14:42:36,114.76,148
2026-10-12 12:44:55,2026-10-12 14:39:38,2026-10-12 14:40:51,114.72,148
2026-10-12 12:45:33,2026-10-12 14:40:51,2026-10-12 14:41:08,115.29,149
2026-10-12 12:46:20,2026-10-12 14:41:08,2026-10-12 14:42:11,114.79,150
2026-10-12 12:47:11,2026-10-12 14:41:53,2026-10-12 14:43:52,114.71,149
2026-10-12 12:47:37,2026-10-12 14:42:11,2026-10-12 14:43:48,114.57,149
2026-10-12 12:48:08,2026-10-12 14:42:36,2026-10-12 14:47:18,114.46,150
2026-10-12 12:48:16,2026-10-12 14:43:48,2026-10-12 14:45:45,115.54,151
2026-10-12 12:49:07,2026-10-12 14:43:52,2026-10-12 14:47:49,114.76,150
2026-10-12 12:49:55,2026-10-12 14:45:45,2026-10-12 14:46:43,115.83,151
2026-10-12 12:50:30,2026-10-12 14:46:43,2026-10-12 14:54:00,116.22,152
2026-10-12 12:51:01,2026-10-12 14:47:18,2026-10-12 14:47:26,116.29,152
2026-10-12 12:52:38,2026-10-12 14:47:26,2026-10-12 14:48:21,114.81,151
2026-10-12 12:53:01,2026-10-12 14:47:49,2026-10-12 14:48:33,114.8,151
2026-10-12 12:53:07,2026-10-12 14:48:21,2026-10-12 14:51:25,115.24,152
2026-10-12 12:53:36,2026-10-12 14:48:33,2026-10-12 14:56:14,114.96,151
2026-10-12 12:53:52,2026-10-12 14:51:25,2026-10-12 14:52:09,117.56,151
2026-10-12 12:54:17,2026-10-12 14:52:09,2026-10-12 14:53:21,117.86,151
2026-10-12 12:54:47,2026-10-12 14:53:21,2026-10-12 14:56:11,118.57,152
2026-10-12 12:55:04,2026-10-12 14:54:00,2026-10-12 14:55:27,118.94,153
2026-10-12 12:55:53,2026-10-12 14:55:27,2026-10-12 14:59:04,119.57,153
2026-10-12 12:55:54,2026-10-12 14:56:11,2026-10-12 14:56:52,120.29,154
2026-10-12 12:56:43,2026-10-12 14:56:14,2026-10-12 14:58:05,119.52,155
2026-10-12 12:56:52,2026-10-12 14:56:52,2026-10-12 14:57:02,119.99,156
2026-10-12 12:56:57,2026-10-12 14:57:02,2026-10-12 14:58:52,120.09,157
2026-10-12 12:57:26,2026-10-12 14:58:05,2026-10-12 14:59:36,120.64,155
2026-10-12 12:59:27,2026-10-12 14:58:52,2026-10-12 15:05:47,119.42,153
2026-10-12 12:59:53,2026-10-12 14:59:04,2026-10-12 15:02:37,119.19,154
2026-10-12 13:00:03,2026-10-12 14:59:36,2026-10-12 15:01:15,119.55,155
2026-10-12 13:00:05,2026-10-12 15:01:15,2026-10-12 15:02:35,121.17,156
2026-10-12 13:00:13,2026-10-12 15:02:35,2026-10-12 15:05:28,122.37,156
2026-10-12 13:00:43,2026-10-12 15:02:37,2026-10-12 15:04:24,121.89,157
2026-10-12 13:00:57,2026-10-12 15:04:24,2026-10-12 15:06:29,123.46,157
2026-10-12 13:00:57,2026-10-12 15:05:28,2026-10-12 15:08:31,124.52,158
2026-10-12 13:03:11,2026-10-12 15:05:47,2026-10-12 15:07:45,122.6,156
2026-10-12 13:03:43,2026-10-12 15:06:29,2026-10-12 15:08:25,122.76,155
2026-10-12 13:05:03,2026-10-12 15:07:45,2026-10-12 15:08:01,122.7,155
2026-10-12 13:05:37,2026-10-12 15:08:01,2026-10-12 15:09:53,122.39,156
2026-10-12 13:05:43,2026-10-12 15:08:25,2026-10-12 15:10:47,122.69,156
2026-10-12 13:05:52,2026-10-12 15:08:31,2026-10-12 15:11:49,122.64,157
2026-10-12 13:06:02,2026-10-12 15:09:53,2026-10-12 15:13:40,123.85,158
2026-10-12 13:06:33,2026-10-12 15:10:47,2026-10-12 15:11:55,124.23,159
2026-10-12 13:06:56,2026-10-12 15:11:49,2026-10-12 15:15:18,124.87,160
2026-10-12 13:07:31,2026-10-12 15:11:55,2026-10-12 15:13:55,124.41,161
2026-10-12 13:07:52,2026-10-12 15:13:40,2026-10-12 15:14:33,125.8,162
2026-10-12 13:07:56,2026-10-12 15:13:55,2026-10-12 15:15:46,125.98,163
2026-10-12 13:08:51,2026-10-12 15:14:33,2026-10-12 15:15:53,125.69,164
2026-10-12 13:08:52,2026-10-12 15:15:18,2026-10-12 15:17:06,126.44,165
2026-10-12 13:10:04,2026-10-12 15:15:46,2026-10-12 15:16:04,125.7,163
2026-10-12 13:10:20,2026-10-12 15:15:53,2026-10-12 15:20:43,125.56,164
2026-10-12 13:10:21,2026-10-12 15:16:04,2026-10-12 15:18:51,125.72,165
2026-10-12 13:10:34,2026-10-12 15:17:06,2026-10-12 15:19:27,126.53,166
2026-10-12 13:10:37,2026-10-12 15:18:51,2026-10-12 15:24:06,128.22,167
2026-10-12 13:12:28,2026-10-12 15:19:27,2026-10-12 15:21:17,126.99,166
2026-10-12 13:12:31,2026-10-12 15:20:43,2026-10-12 15:22:10,128.19,167
2026-10-12 13:12:36,2026-10-12 15:21:17,2026-10-12 15:22:04,128.68,167
2026-10-12 13:14:21,2026-10-12 15:22:04,2026-10-12 15:22:15,127.72,167
2026-10-12 13:14:37,2026-10-12 15:22:10,2026-10-12 15:23:32,127.55,168
2026-10-12 13:14:53,2026-10-12 15:22:15,2026-10-12 15:22:19,127.36,168
2026-10-12 13:15:26,2026-10-12 15:22:19,2026-10-12 15:23:46,126.87,169
2026-10-12 13:17:37,2026-10-12 15:23:32,2026-10-12 15:26:11,125.91,167
2026-10-12 13:17:51,2026-10-12 15:23:46,2026-10-12 15:23:49,125.93,167
2026-10-12 13:18:09,2026-10-12 15:23:49,2026-10-12 15:28:48,125.66,166
2026-10-12 13:19:02,2026-10-12 15:24:06,2026-10-12 15:24:58,125.06,166
2026-10-12 13:19:16,2026-10-12 15:24:58,2026-10-12 15:29:46,125.7,167
2026-10-12 13:20:17,2026-10-12 15:26:11,2026-10-12 15:27:43,125.9,167
2026-10-12 13:21:05,2026-10-12 15:27:43,2026-10-12 15:29:32,126.63,168
2026-10-12 13:21:37,2026-10-12 15:28:48,2026-10-12 15:28:53,127.19,169
2026-10-12 13:22:26,2026-10-12 15:28:53,2026-10-12 15:29:28,126.46,167
2026-10-12 13:22:54,2026-10-12 15:29:28,2026-10-12 15:29:46,126.56,167
2026-10-12 13:23:01,2026-10-12 15:29:32,2026-10-12 15:30:31,126.52,168
2026-10-12 13:24:51,2026-10-12 15:29:46,2026-10-12 15:30:27,124.9,168
2026-10-12 13:24:58,2026-10-12 15:29:46,2026-10-12 15:30:17,124.81,168
2026-10-12 13:25:05,2026-10-12 15:30:17,2026-10-12 15:31:14,125.2,168
2026-10-12 13:25:33,2026-10-12 15:30:27,2026-10-12 15:33:19,124.9,169
2026-10-12 13:25:44,2026-10-12 15:30:31,2026-10-12 15:30:54,124.79,169
2026-10-12 13:25:56,2026-10-12 15:30:54,2026-10-12 15:31:30,124.97,170
2026-10-12 13:26:49,2026-10-12 15:31:14,2026-10-12 15:31:27,124.42,170
2026-10-12 13:27:10,2026-10-12 15:31:27,2026-10-12 15:32:03,124.28,171
2026-10-12 13:27:18,2026-10-12 15:31:30,2026-10-12 15:33:29,124.2,172
2026-10-12 13:27:23,2026-10-12 15:32:03,2026-10-12 15:33:06,124.66,173
2026-10-12 13:29:54,2026-10-12 15:33:06,2026-10-12 15:39:12,123.2,174
2026-10-12 13:29:57,2026-10-12 15:33:19,2026-10-12 15:33:58,123.35,175
2026-10-12 13:31:49,2026-10-12 15:33:29,2026-10-12 15:33:57,121.66,176
2026-10-12 13:32:04,2026-10-12 15:33:57,2026-10-12 15:35:09,121.9,177
2026-10-12 13:32:31,2026-10-12 15:33:58,2026-10-12 15:40:47,121.45,177
2026-10-12 13:32:39,2026-10-12 15:35:09,2026-10-12 15:36:45,122.5,178
2026-10-12 13:33:13,2026-10-12 15:36:45,2026-10-12 15:38:00,123.53,178
2026-10-12 13:33:51,2026-10-12 15:38:00,2026-10-12 15:41:53,124.15,179
2026-10-12 13:34:27,2026-10-12 15:39:12,2026-10-12 15:45:55,124.75,179
2026-10-12 13:34:56,2026-10-12 15:40:47,2026-10-12 15:43:31,125.85,179
2026-10-12 13:35:20,2026-10-12 15:41:53,2026-10-12 15:43:44,126.56,180
2026-10-12 13:36:11,2026-10-12 15:43:31,2026-10-12 15:43:35,127.33,180
2026-10-12 13:38:11,2026-10-12 15:43:35,2026-10-12 15:47:20,125.41,180
2026-10-12 13:38:22,2026-10-12 15:43:44,2026-10-12 15:44:30,125.36,181
2026-10-12 13:38:34,2026-10-12 15:44:30,2026-10-12 15:45:04,125.93,181
2026-10-12 13:39:05,2026-10-12 15:45:04,2026-10-12 15:45:16,125.98,181
2026-10-12 13:39:27,2026-10-12 15:45:16,2026-10-12 15:48:02,125.82,181
2026-10-12 13:39:32,2026-10-12 15:45:55,2026-10-12 15:46:25,126.39,182
2026-10-12 13:40:03,2026-10-12 15:46:25,2026-10-12 15:47:11,126.37,182
2026-10-12 13:40:09,2026-10-12 15:47:11,2026-10-12 15:50:09,127.03,183
2026-10-12 13:41:15,2026-10-12 15:47:20,2026-10-12 15:47:51,126.08,183
2026-10-12 13:42:42,2026-10-12 15:47:51,2026-10-12 15:49:43,125.15,181
2026-10-12 13:42:56,2026-10-12 15:48:02,2026-10-12 15:50:55,125.11,182
2026-10-12 13:43:33,2026-10-12 15:49:43,2026-10-12 15:53:08,126.15,182
2026-10-12 13:43:59,2026-10-12 15:50:09,2026-10-12 15:52:09,126.18,183
2026-10-12 13:44:15,2026-10-12 15:50:55,2026-10-12 15:51:20,126.68,184
2026-10-12 13:44:18,2026-10-12 15:51:20,2026-10-12 15:56:39,127.05,185
2026-10-12 13:44:33,2026-10-12 15:52:09,2026-10-12 15:54:06,127.59,185
2026-10-12 13:45:16,2026-10-12 15:53:08,2026-10-12 15:53:31,127.86,186
2026-10-12 13:45:49,2026-10-12 15:53:31,2026-10-12 15:56:49,127.7,185
2026-10-12 13:46:20,2026-10-12 15:54:06,2026-10-12 15:55:27,127.77,185
2026-10-12 13:46:35,2026-10-12 15:55:27,2026-10-12 16:01:27,128.87,186
2026-10-12 13:46:55,2026-10-12 15:56:39,2026-10-12 15:58:31,129.72,186
2026-10-12 13:47:31,2026-10-12 15:56:49,2026-10-12 16:00:41,129.3,186
2026-10-12 13:47:38,2026-10-12 15:58:31,2026-10-12 16:00:46,130.89,187
2026-10-12 13:48:05,2026-10-12 16:00:41,2026-10-12 16:02:32,132.6,188
2026-10-12 13:49:07,2026-10-12 16:00:46,2026-10-12 16:02:37,131.66,187
2026-10-12 13:49:21,2026-10-12 16:01:27,2026-10-12 16:04:19,132.1,187
2026-10-12 13:50:03,2026-10-12 16:02:32,2026-10-12 16:06:15,132.49,187
2026-10-12 13:50:05,2026-10-12 16:02:37,2026-10-12 16:05:09,132.53,188
2026-10-12 13:50:26,2026-10-12 16:04:19,2026-10-12 16:04:39,133.89,189
2026-10-12 13:50:49,2026-10-12 16:04:39,2026-10-12 16:05:42,133.83,190
2026-10-12 13:50:53,2026-10-12 16:05:09,2026-10-12 16:05:31,134.27,191
2026-10-12 13:51:17,2026-10-12 16:05:31,2026-10-12 16:06:10,134.24,192
2026-10-12 13:52:37,2026-10-12 16:05:42,2026-10-12 16:08:09,133.07,192
2026-10-12 13:52:44,2026-10-12 16:06:10,2026-10-12 16:07:56,133.43,192
2026-10-12 13:52:50,2026-10-12 16:06:15,2026-10-12 16:08:51,133.4,193
2026-10-12 13:53:40,2026-10-12 16:07:56,2026-10-12 16:07:56,134.26,191
2026-10-12 13:54:22,2026-10-12 16:07:56,2026-10-12 16:11:12,133.55,190
2026-10-12 13:54:56,2026-10-12 16:08:09,2026-10-12 16:08:14,133.22,190
2026-10-12 13:55:02,2026-10-12 16:08:14,2026-10-12 16:08:30,133.2,191
2026-10-12 13:55:44,2026-10-12 16:08:30,2026-10-12 16:08:54,132.78,192
2026-10-12 13:56:04,2026-10-12 16:08:51,2026-10-12 16:09:33,132.78,192
2026-10-12 13:56:46,2026-10-12 16:08:54,2026-10-12 16:09:22,132.13,192
2026-10-12 13:57:27,2026-10-12 16:09:22,2026-10-12 16:11:17,131.93,192
2026-10-12 13:57:32,2026-10-12 16:09:33,2026-10-12 16:12:26,132.02,193
2026-10-12 13:57:36,2026-10-12 16:11:12,2026-10-12 16:12:06,133.6,194
2026-10-12 13:59:07,2026-10-12 16:11:17,2026-10-12 16:12:18,132.16,193
2026-10-12 13:59:18,2026-10-12 16:12:06,2026-10-12 16:12:23,132.81,194
2026-10-12 13:59:44,2026-10-12 16:12:18,2026-10-12 16:13:34,132.58,194
2026-10-12 14:00:16,2026-10-12 16:12:23,2026-10-12 16:14:31,132.12,194
2026-10-12 14:00:27,2026-10-12 16:12:26,2026-10-12 16:15:24,131.97,195
2026-10-12 14:00:39,2026-10-12 16:13:34,2026-10-12 16:15:49,132.92,196
2026-10-12 14:00:49,2026-10-12 16:14:31,2026-10-12 16:17:18,133.7,197
2026-10-12 14:01:33,2026-10-12 16:15:24,2026-10-12 16:18:14,133.86,197
2026-10-12 14:01:34,2026-10-12 16:15:49,2026-10-12 16:20:04,134.25,198
2026-10-12 14:01:43,2026-10-12 16:17:18,2026-10-12 16:19:36,135.59,199
2026-10-12 14:01:48,2026-10-12 16:18:14,2026-10-12 16:20:27,136.43,200
2026-10-12 14:01:52,2026-10-12 16:19:36,2026-10-12 16:20:22,137.73,201
2026-10-12 14:01:57,2026-10-12 16:20:04,2026-10-12 16:20:14,138.12,202
2026-10-12 14:03:32,2026-10-12 16:20:14,2026-10-12 16:20:14,136.7,200
2026-10-12 14:03:52,2026-10-12 16:20:14,2026-10-12 16:21:17,136.36,201
2026-10-12 14:04:23,2026-10-12 16:20:22,2026-10-12 16:20:25,135.99,202
2026-10-12 14:04:50,2026-10-12 16:20:25,2026-10-12 16:21:53,135.58,201
2026-10-12 14:06:24,2026-10-12 16:20:27,2026-10-12 16:21:28,134.05,198
2026-10-12 14:06:24,2026-10-12 16:21:17,2026-10-12 16:24:29,134.87,199
2026-10-12 14:07:00,2026-10-12 16:21:28,2026-10-12 16:21:37,134.45,199
2026-10-12 14:07:12,2026-10-12 16:21:37,2026-10-12 16:27:11,134.42,200
2026-10-12 14:07:33,2026-10-12 16:21:53,2026-10-12 16:22:27,134.35,200
2026-10-12 14:08:00,2026-10-12 16:22:27,2026-10-12 16:31:03,134.44,201
2026-10-12 14:08:39,2026-10-12 16:24:29,2026-10-12 16:24:30,135.83,201
2026-10-12 14:08:47,2026-10-12 16:24:30,2026-10-12 16:25:40,135.72,202
2026-10-12 14:08:51,2026-10-12 16:25:40,2026-10-12 16:28:02,136.81,203
2026-10-12 14:09:42,2026-10-12 16:27:11,2026-10-12 16:29:31,137.47,203
2026-10-12 14:09:50,2026-10-12 16:28:02,2026-10-12 16:30:40,138.21,202
2026-10-12 14:09:51,2026-10-12 16:29:31,2026-10-12 16:30:49,139.67,203
2026-10-12 14:10:47,2026-10-12 16:30:40,2026-10-12 16:34:11,139.88,203
2026-10-12 14:10:58,2026-10-12 16:30:49,2026-10-12 16:32:28,139.84,204
2026-10-12 14:11:14,2026-10-12 16:31:03,2026-10-12 16:40:59,139.82,205
2026-10-12 14:11:23,2026-10-12 16:32:28,2026-10-12 16:33:23,141.07,206
2026-10-12 14:11:50,2026-10-12 16:33:23,2026-10-12 16:33:30,141.55,206
2026-10-12 14:11:53,2026-10-12 16:33:30,2026-10-12 16:33:42,141.61,207
2026-10-12 14:12:12,2026-10-12 16:33:42,2026-10-12 16:33:50,141.49,208
2026-10-12 14:12:31,2026-10-12 16:33:50,2026-10-12 16:36:45,141.31,209
2026-10-12 14:12:42,2026-10-12 16:34:11,2026-10-12 16:34:31,141.48,210
2026-10-12 14:13:28,2026-10-12 16:34:31,2026-10-12 16:35:51,141.07,210
2026-10-12 14:14:31,2026-10-12 16:35:51,2026-10-12 16:36:08,141.33,209
2026-10-12 14:14:40,2026-10-12 16:36:08,2026-10-12 16:37:22,141.46,210
2026-10-12 14:14:44,2026-10-12 16:36:45,2026-10-12 16:39:07,142.01,211
2026-10-12 14:16:01,2026-10-12 16:37:22,2026-10-12 16:39:52,141.35,211
2026-10-12 14:16:03,2026-10-12 16:39:07,2026-10-12 16:39:16,143.06,212
2026-10-12 14:16:04,2026-10-12 16:39:16,2026-10-12 16:40:08,143.19,213
2026-10-12 14:17:45,2026-10-12 16:39:52,2026-10-12 16:45:40,142.11,212
2026-10-12 14:17:58,2026-10-12 16:40:08,2026-10-12 16:41:27,142.16,213
2026-10-12 14:19:16,2026-10-12 16:40:59,2026-10-12 16:41:21,141.71,214
2026-10-12 14:19:16,2026-10-12 16:41:21,2026-10-12 16:52:15,142.08,215
2026-10-12 14:20:31,2026-10-12 16:41:27,2026-10-12 16:42:31,140.93,212
2026-10-12 14:20:48,2026-10-12 16:42:31,2026-10-12 16:42:47,141.73,213
2026-10-12 14:21:18,2026-10-12 16:42:47,2026-10-12 16:50:04,141.49,214
2026-10-12 14:21:19,2026-10-12 16:45:40,2026-10-12 16:51:07,144.35,215
2026-10-12 14:21:24,2026-10-12 16:50:04,2026-10-12 16:51:51,148.66,216
2026-10-12 14:21:33,2026-10-12 16:51:07,2026-10-12 16:52:58,149.56,216
2026-10-12 14:22:58,2026-10-12 16:51:51,2026-10-12 16:53:19,148.89,215
2026-10-12 14:23:05,2026-10-12 16:52:15,2026-10-12 16:53:56,149.16,216
2026-10-12 14:23:06,2026-10-12 16:52:58,2026-10-12 16:56:12,149.86,217
2026-10-12 14:23:33,2026-10-12 16:53:19,2026-10-12 16:55:04,149.76,218
2026-10-12 14:23:52,2026-10-12 16:53:56,2026-10-12 16:53:56,150.06,218
2026-10-12 14:24:40,2026-10-12 16:53:56,2026-10-12 17:00:27,149.27,217
2026-10-12 14:25:16,2026-10-12 16:55:04,2026-10-12 16:56:15,149.8,218
2026-10-12 14:25:39,2026-10-12 16:56:12,2026-10-12 16:57:48,150.55,219
2026-10-12 14:27:24,2026-10-12 16:56:15,2026-10-12 16:57:31,148.86,216
2026-10-12 14:28:12,2026-10-12 16:57:31,2026-10-12 16:57:59,149.33,217
2026-10-12 14:29:01,2026-10-12 16:57:48,2026-10-12 16:58:14,148.79,218
2026-10-12 14:29:07,2026-10-12 16:57:59,2026-10-12 17:00:36,148.87,219
2026-10-12 14:29:22,2026-10-12 16:58:14,2026-10-12 16:58:23,148.87,220
2026-10-12 14:29:43,2026-10-12 16:58:23,2026-10-12 16:59:10,148.66,221
2026-10-12 14:30:15,2026-10-12 16:59:10,2026-10-12 17:00:56,148.92,222
2026-10-12 14:30:26,2026-10-12 17:00:27,2026-10-12 17:00:46,150.02,223
2026-10-12 14:30:31,2026-10-12 17:00:36,2026-10-12 17:04:24,150.07,224
2026-10-12 14:32:04,2026-10-12 17:00:46,2026-10-12 17:00:53,148.7,224
2026-10-12 14:33:39,2026-10-12 17:00:53,2026-10-12 17:01:42,147.23,222
2026-10-12 14:33:47,2026-10-12 17:00:56,2026-10-12 17:06:23,147.16,223
2026-10-12 14:33:57,2026-10-12 17:01:42,2026-10-12 17:01:50,147.76,224
2026-10-12 14:35:22,2026-10-12 17:01:50,2026-10-12 17:07:58,146.47,222
2026-10-12 14:36:27,2026-10-12 17:04:24,2026-10-12 17:04:37,147.94,221
2026-10-12 14:36:54,2026-10-12 17:04:37,2026-10-12 17:12:19,147.72,222
2026-10-12 14:37:32,2026-10-12 17:06:23,2026-10-12 17:10:10,148.85,222
2026-10-12 14:37:50,2026-10-12 17:07:58,2026-10-12 17:08:43,150.13,223
2026-10-12 14:37:59,2026-10-12 17:08:43,2026-10-12 17:09:22,150.74,223
2026-10-12 14:38:15,2026-10-12 17:09:22,2026-10-12 17:12:00,151.12,224
2026-10-12 14:38:17,2026-10-12 17:10:10,2026-10-12 17:19:02,151.89,225
2026-10-12 14:39:05,2026-10-12 17:12:00,2026-10-12 17:12:08,152.92,223
2026-10-12 14:39:32,2026-10-12 17:12:08,2026-10-12 17:12:28,152.61,222
2026-10-12 14:40:03,2026-10-12 17:12:19,2026-10-12 17:16:36,152.27,222
2026-10-12 14:40:15,2026-10-12 17:12:28,2026-10-12 17:15:33,152.21,223
2026-10-12 14:40:33,2026-10-12 17:15:33,2026-10-12 17:18:20,155.0,224
2026-10-12 14:41:27,2026-10-12 17:16:36,2026-10-12 17:17:41,155.16,223
2026-10-12 14:41:39,2026-10-12 17:17:41,2026-10-12 17:18:27,156.03,224
2026-10-12 14:42:19,2026-10-12 17:18:20,2026-10-12 17:18:45,156.03,223
2026-10-12 14:44:02,2026-10-12 17:18:27,2026-10-12 17:19:14,154.42,221
2026-10-12 14:44:23,2026-10-12 17:18:45,2026-10-12 17:19:55,154.37,222
2026-10-12 14:45:22,2026-10-12 17:19:02,2026-10-12 17:19:08,153.66,223
2026-10-12 14:45:22,2026-10-12 17:19:08,2026-10-12 17:19:53,153.76,224
2026-10-12 14:45:43,2026-10-12 17:19:14,2026-10-12 17:23:47,153.52,225
2026-10-12 14:45:51,2026-10-12 17:19:53,2026-10-12 17:26:52,154.04,225
2026-10-12 14:46:12,2026-10-12 17:19:55,2026-10-12 17:24:46,153.72,226
2026-10-12 14:46:15,2026-10-12 17:23:47,2026-10-12 17:24:43,157.53,227
2026-10-12 14:46:26,2026-10-12 17:24:43,2026-10-12 17:27:41,158.29,228
2026-10-12 14:46:38,2026-10-12 17:24:46,2026-10-12 17:26:53,158.13,229
2026-10-12 14:46:41,2026-10-12 17:26:52,2026-10-12 17:27:49,160.18,230
2026-10-12 14:47:22,2026-10-12 17:26:53,2026-10-12 17:28:33,159.51,229
2026-10-12 14:48:14,2026-10-12 17:27:41,2026-10-12 17:30:00,159.45,228
2026-10-12 14:48:17,2026-10-12 17:27:49,2026-10-12 17:28:10,159.54,229
2026-10-12 14:48:44,2026-10-12 17:28:10,2026-10-12 17:29:25,159.44,228
2026-10-12 14:49:25,2026-10-12 17:28:33,2026-10-12 17:30:54,159.12,229
2026-10-12 14:49:29,2026-10-12 17:29:25,2026-10-12 17:30:11,159.93,230
2026-10-12 14:49:29,2026-10-12 17:30:00,2026-10-12 17:30:26,160.52,231
2026-10-12 14:49:46,2026-10-12 17:30:11,2026-10-12 17:34:25,160.42,232
2026-10-12 14:51:47,2026-10-12 17:30:26,2026-10-12 17:31:05,158.65,232
2026-10-12 14:51:59,2026-10-12 17:30:54,2026-10-12 17:36:02,158.91,233
2026-10-12 14:52:34,2026-10-12 17:31:05,2026-10-12 17:34:02,158.51,233
2026-10-12 14:52:44,2026-10-12 17:34:02,2026-10-12 17:34:42,161.3,234
2026-10-12 14:52:49,2026-10-12 17:34:25,2026-10-12 17:38:35,161.59,235
2026-10-12 14:53:19,2026-10-12 17:34:42,2026-10-12 17:35:03,161.39,236
2026-10-12 14:53:43,2026-10-12 17:35:03,2026-10-12 17:39:06,161.32,236
2026-10-12 14:53:44,2026-10-12 17:36:02,2026-10-12 17:40:54,162.3,237
2026-10-12 14:53:54,2026-10-12 17:38:35,2026-10-12 17:41:56,164.7,238
2026-10-12 14:54:21,2026-10-12 17:39:06,2026-10-12 17:41:46,164.75,238
2026-10-12 14:55:15,2026-10-12 17:40:54,2026-10-12 17:49:41,165.66,239
2026-10-12 14:55:42,2026-10-12 17:41:46,2026-10-12 17:44:31,166.08,239
2026-10-12 14:56:15,2026-10-12 17:41:56,2026-10-12 17:43:01,165.68,238
2026-10-12 14:57:04,2026-10-12 17:43:01,2026-10-12 17:43:17,165.95,237
2026-10-12 14:57:04,2026-10-12 17:43:17,2026-10-12 17:44:39,166.22,238
2026-10-12 14:57:36,2026-10-12 17:44:31,2026-10-12 17:49:33,166.92,239
2026-10-12 14:58:01,2026-10-12 17:44:39,2026-10-12 17:46:07,166.64,240
2026-10-12 14:58:17,2026-10-12 17:46:07,2026-10-12 17:46:14,167.84,240
2026-10-12 14:58:34,2026-10-12 17:46:14,2026-10-12 17:47:39,167.66,241
2026-10-12 14:59:04,2026-10-12 17:47:39,2026-10-12 17:50:04,168.59,241
2026-10-12 14:59:45,2026-10-12 17:49:33,2026-10-12 17:51:26,169.8,240
2026-10-12 15:00:32,2026-10-12 17:49:41,2026-10-12 17:52:45,169.16,241
2026-10-12 15:00:35,2026-10-12 17:50:04,2026-10-12 17:50:43,169.49,242
2026-10-12 15:01:32,2026-10-12 17:50:43,2026-10-12 17:51:37,169.18,242
2026-10-12 15:01:48,2026-10-12 17:51:26,2026-10-12 17:54:31,169.63,243
2026-10-12 15:01:56,2026-10-12 17:51:37,2026-10-12 17:52:26,169.68,244
2026-10-12 15:01:58,2026-10-12 17:52:26,2026-10-12 17:58:52,170.47,245
2026-10-12 15:02:30,2026-10-12 17:52:45,2026-10-12 17:55:03,170.25,246
2026-10-12 15:03:13,2026-10-12 17:54:31,2026-10-12 17:56:50,171.31,245
2026-10-12 15:03:14,2026-10-12 17:55:03,2026-10-12 17:55:59,171.83,246
2026-10-12 15:03:39,2026-10-12 17:55:59,2026-10-12 17:57:42,172.33,247
2026-10-12 15:04:00,2026-10-12 17:56:50,2026-10-12 17:58:39,172.83,248
2026-10-12 15:04:54,2026-10-12 17:57:42,2026-10-12 18:01:52,172.78,248
2026-10-12 15:05:08,2026-10-12 17:58:39,2026-10-12 17:58:58,173.52,249
2026-10-12 15:06:05,2026-10-12 17:58:52,2026-10-12 18:03:08,172.78,248
2026-10-12 15:06:12,2026-10-12 17:58:58,2026-10-12 17:59:35,172.78,249
2026-10-12 15:08:13,2026-10-12 17:59:35,2026-10-12 18:06:05,171.37,247
2026-10-12 15:08:52,2026-10-12 18:01:52,2026-10-12 18:12:11,173.0,246
2026-10-12 15:09:13,2026-10-12 18:03:08,2026-10-12 18:06:01,173.91,247
2026-10-12 15:09:49,2026-10-12 18:06:01,2026-10-12 18:06:36,176.2,248
2026-10-12 15:12:35,2026-10-12 18:06:05,2026-10-12 18:07:00,173.51,245
2026-10-12 15:12:38,2026-10-12 18:06:36,2026-10-12 18:07:00,173.96,246
2026-10-12 15:12:48,2026-10-12 18:07:00,2026-10-12 18:08:24,174.2,247
2026-10-12 15:13:37,2026-10-12 18:07:00,2026-10-12 18:10:22,173.39,248
2026-10-12 15:13:42,2026-10-12 18:08:24,2026-10-12 18:08:34,174.69,248
2026-10-12 15:14:15,2026-10-12 18:08:34,2026-10-12 18:08:35,174.32,248
2026-10-12 15:14:24,2026-10-12 18:08:35,2026-10-12 18:12:05,174.18,249
2026-10-12 15:14:46,2026-10-12 18:10:22,2026-10-12 18:10:49,175.6,249
2026-10-12 15:15:19,2026-10-12 18:10:49,2026-10-12 18:13:13,175.51,249
2026-10-12 15:15:55,2026-10-12 18:12:05,2026-10-12 18:13:13,176.15,248
2026-10-12 15:16:33,2026-10-12 18:12:11,2026-10-12 18:12:30,175.63,248
2026-10-12 15:16:47,2026-10-12 18:12:30,2026-10-12 18:13:00,175.72,249
2026-10-12 15:17:41,2026-10-12 18:13:00,2026-10-12 18:14:53,175.32,249
2026-10-12 15:17:43,2026-10-12 18:13:13,2026-10-12 18:15:37,175.49,250
2026-10-12 15:19:11,2026-10-12 18:13:13,2026-10-12 18:13:58,174.04,250
2026-10-12 15:19:26,2026-10-12 18:13:58,2026-10-12 18:16:22,174.54,251
2026-10-12 15:19:48,2026-10-12 18:14:53,2026-10-12 18:19:48,175.08,251
2026-10-12 15:20:28,2026-10-12 18:15:37,2026-10-12 18:16:28,175.14,252
2026-10-12 15:21:39,2026-10-12 18:16:22,2026-10-12 18:18:10,174.71,251
2026-10-12 15:22:20,2026-10-12 18:16:28,2026-10-12 18:19:30,174.13,248
2026-10-12 15:22:27,2026-10-12 18:18:10,2026-10-12 18:21:19,175.72,249
2026-10-12 15:22:42,2026-10-12 18:19:30,2026-10-12 18:20:12,176.81,250
2026-10-12 15:23:18,2026-10-12 18:19:48,2026-10-12 18:21:20,176.5,251
2026-10-12 15:23:20,2026-10-12 18:20:12,2026-10-12 18:22:25,176.87,252
2026-10-12 15:23:34,2026-10-12 18:21:19,2026-10-12 18:21:29,177.75,252
2026-10-12 15:23:42,2026-10-12 18:21:20,2026-10-12 18:23:43,177.64,253
2026-10-12 15:23:50,2026-10-12 18:21:29,2026-10-12 18:21:57,177.66,252
2026-10-12 15:23:54,2026-10-12 18:21:57,2026-10-12 18:22:35,178.05,253
2026-10-12 15:24:58,2026-10-12 18:22:25,2026-10-12 18:25:45,177.44,252
2026-10-12 15:25:16,2026-10-12 18:22:35,2026-10-12 18:24:11,177.31,253
2026-10-12 15:26:19,2026-10-12 18:23:43,2026-10-12 18:26:28,177.4,253
2026-10-12 15:26:21,2026-10-12 18:24:11,2026-10-12 18:26:15,177.82,254
2026-10-12 15:26:30,2026-10-12 18:25:45,2026-10-12 18:25:55,179.26,255
2026-10-12 15:26:45,2026-10-12 18:25:55,2026-10-12 18:27:10,179.18,256
2026-10-12 15:27:37,2026-10-12 18:26:15,2026-10-12 18:32:58,178.63,257
2026-10-12 15:28:18,2026-10-12 18:26:28,2026-10-12 18:27:54,178.17,257
2026-10-12 15:28:29,2026-10-12 18:27:10,2026-10-12 18:30:27,178.67,258
2026-10-12 15:28:38,2026-10-12 18:27:54,2026-10-12 18:29:50,179.26,259
2026-10-12 15:28:43,2026-10-12 18:29:50,2026-10-12 18:37:13,181.11,260
2026-10-12 15:28:50,2026-10-12 18:30:27,2026-10-12 18:32:36,181.62,260
2026-10-12 15:28:56,2026-10-12 18:32:36,2026-10-12 18:36:15,183.67,260
2026-10-12 15:29:44,2026-10-12 18:32:58,2026-10-12 18:35:12,183.24,259
2026-10-12 15:32:23,2026-10-12 18:35:12,2026-10-12 18:36:24,182.81,250
2026-10-12 15:32:42,2026-10-12 18:36:15,2026-10-12 18:36:39,183.54,251
2026-10-12 15:32:44,2026-10-12 18:36:24,2026-10-12 18:40:06,183.66,252
2026-10-12 15:33:19,2026-10-12 18:36:39,2026-10-12 18:40:25,183.33,251
2026-10-12 15:33:24,2026-10-12 18:37:13,2026-10-12 18:38:57,183.81,252
2026-10-12 15:33:29,2026-10-12 18:38:57,2026-10-12 18:44:37,185.47,252
2026-10-12 15:33:42,2026-10-12 18:40:06,2026-10-12 18:43:00,186.41,253
2026-10-12 15:34:17,2026-10-12 18:40:25,2026-10-12 18:40:39,186.13,252
2026-10-12 15:34:38,2026-10-12 18:40:39,2026-10-12 18:41:17,186.01,253
2026-10-12 15:35:23,2026-10-12 18:41:17,2026-10-12 18:42:51,185.9,253
2026-10-12 15:35:52,2026-10-12 18:42:51,2026-10-12 18:42:55,186.97,254
2026-10-12 15:36:42,2026-10-12 18:42:55,2026-10-12 18:45:54,186.22,255
2026-10-12 15:37:03,2026-10-12 18:43:00,2026-10-12 18:43:13,185.95,255
2026-10-12 15:38:05,2026-10-12 18:43:13,2026-10-12 18:44:47,185.12,255
2026-10-12 15:38:17,2026-10-12 18:44:37,2026-10-12 18:45:35,186.32,256
2026-10-12 15:39:24,2026-10-12 18:44:47,2026-10-12 18:47:44,185.38,256
2026-10-12 15:41:55,2026-10-12 18:45:35,2026-10-12 18:46:55,183.66,255
2026-10-12 15:42:06,2026-10-12 18:45:54,2026-10-12 18:45:58,183.79,256
2026-10-12 15:42:30,2026-10-12 18:45:58,2026-10-12 18:47:04,183.47,257
2026-10-12 15:42:55,2026-10-12 18:46:55,2026-10-12 18:50:44,184.0,258
2026-10-12 15:43:17,2026-10-12 18:47:04,2026-10-12 18:51:08,183.77,259
2026-10-12 15:43:46,2026-10-12 18:47:44,2026-10-12 18:48:05,183.98,257
2026-10-12 15:44:55,2026-10-12 18:48:05,2026-10-12 18:51:47,183.17,257
2026-10-12 15:45:18,2026-10-12 18:50:44,2026-10-12 18:51:07,185.44,256
2026-10-12 15:45:47,2026-10-12 18:51:07,2026-10-12 18:53:07,185.34,257
2026-10-12 15:47:38,2026-10-12 18:51:08,2026-10-12 18:53:06,183.51,254
2026-10-12 15:48:00,2026-10-12 18:51:47,2026-10-12 18:52:02,183.79,254
2026-10-12 15:48:07,2026-10-12 18:52:02,2026-10-12 18:53:12,183.93,254
2026-10-12 15:48:49,2026-10-12 18:53:06,2026-10-12 18:55:40,184.3,255
2026-10-12 15:50:04,2026-10-12 18:53:07,2026-10-12 18:55:34,183.06,255
2026-10-12 15:50:59,2026-10-12 18:53:12,2026-10-12 18:53:13,182.23,254
2026-10-12 15:51:18,2026-10-12 18:53:13,2026-10-12 18:56:08,181.93,255
2026-10-12 15:51:28,2026-10-12 18:55:34,2026-10-12 18:56:10,184.1,255
2026-10-12 15:51:28,2026-10-12 18:55:40,2026-10-12 18:58:41,184.19,256
2026-10-12 15:51:36,2026-10-12 18:56:08,2026-10-12 18:57:51,184.54,257
2026-10-12 15:51:42,2026-10-12 18:56:10,2026-10-12 18:56:54,184.45,258
2026-10-12 15:51:49,2026-10-12 18:56:54,2026-10-12 18:57:08,185.07,259
2026-10-12 15:51:55,2026-10-12 18:57:08,2026-10-12 18:58:02,185.23,260
2026-10-12 15:52:12,2026-10-12 18:57:51,2026-10-12 19:03:20,185.65,260
2026-10-12 15:52:13,2026-10-12 18:58:02,2026-10-12 18:58:40,185.81,261
2026-10-12 15:53:49,2026-10-12 18:58:40,2026-10-12 19:00:10,184.85,260
2026-10-12 15:54:04,2026-10-12 18:58:41,2026-10-12 18:59:21,184.62,261
2026-10-12 15:54:38,2026-10-12 18:59:21,2026-10-12 19:01:45,184.72,261
2026-10-12 15:54:59,2026-10-12 19:00:10,2026-10-12 19:00:46,185.18,262
2026-10-12 15:55:12,2026-10-12 19:00:46,2026-10-12 19:02:44,185.56,263
2026-10-12 15:55:42,2026-10-12 19:01:45,2026-10-12 19:04:02,186.07,263
2026-10-12 15:55:47,2026-10-12 19:02:44,2026-10-12 19:10:17,186.96,264
2026-10-12 15:56:28,2026-10-12 19:03:20,2026-10-12 19:12:19,186.86,265
2026-10-12 15:56:57,2026-10-12 19:04:02,2026-10-12 19:10:11,187.08,264
2026-10-12 15:57:41,2026-10-12 19:10:11,2026-10-12 19:12:39,192.5,265
2026-10-12 15:58:47,2026-10-12 19:10:17,2026-10-12 19:15:23,191.49,265
2026-10-12 16:00:53,2026-10-12 19:12:19,2026-10-12 19:14:23,191.44,264
2026-10-12 16:01:00,2026-10-12 19:12:39,2026-10-12 19:14:52,191.64,265
2026-10-12 16:01:14,2026-10-12 19:14:23,2026-10-12 19:17:12,193.16,266
2026-10-12 16:01:24,2026-10-12 19:14:52,2026-10-12 19:18:00,193.47,267
2026-10-12 16:01:44,2026-10-12 19:15:23,2026-10-12 19:17:01,193.64,267
2026-10-12 16:01:57,2026-10-12 19:17:01,2026-10-12 19:19:17,195.07,268
2026-10-12 16:02:21,2026-10-12 19:17:12,2026-10-12 19:19:19,194.86,269
2026-10-12 16:02:21,2026-10-12 19:18:00,2026-10-12 19:18:35,195.66,270
2026-10-12 16:03:15,2026-10-12 19:18:35,2026-10-12 19:18:48,195.32,269
2026-10-12 16:03:24,2026-10-12 19:18:48,2026-10-12 19:21:29,195.4,270
2026-10-12 16:03:28,2026-10-12 19:19:17,2026-10-12 19:20:27,195.82,271
2026-10-12 16:03:44,2026-10-12 19:19:19,2026-10-12 19:19:47,195.6,272
2026-10-12 16:04:09,2026-10-12 19:19:47,2026-10-12 19:20:34,195.64,273
2026-10-12 16:04:44,2026-10-12 19:20:27,2026-10-12 19:21:13,195.71,272
2026-10-12 16:05:04,2026-10-12 19:20:34,2026-10-12 19:25:48,195.5,273
2026-10-12 16:05:05,2026-10-12 19:21:13,2026-10-12 19:28:26,196.13,274
2026-10-12 16:05:07,2026-10-12 19:21:29,2026-10-12 19:22:06,196.38,275
2026-10-12 16:06:16,2026-10-12 19:22:06,2026-10-12 19:22:46,195.84,271
2026-10-12 16:06:46,2026-10-12 19:22:46,2026-10-12 19:25:36,195.99,272
2026-10-12 16:07:47,2026-10-12 19:25:36,2026-10-12 19:26:58,197.82,273
2026-10-12 16:08:04,2026-10-12 19:25:48,2026-10-12 19:28:06,197.73,272
2026-10-12 16:08:37,2026-10-12 19:26:58,2026-10-12 19:30:23,198.36,270
2026-10-12 16:08:45,2026-10-12 19:28:06,2026-10-12 19:28:33,199.36,271
2026-10-12 16:09:37,2026-10-12 19:28:26,2026-10-12 19:30:14,198.83,268
2026-10-12 16:09:50,2026-10-12 19:28:33,2026-10-12 19:29:18,198.71,269
2026-10-12 16:10:27,2026-10-12 19:29:18,2026-10-12 19:36:29,198.84,270
2026-10-12 16:10:31,2026-10-12 19:30:14,2026-10-12 19:30:21,199.73,271
2026-10-12 16:10:35,2026-10-12 19:30:21,2026-10-12 19:41:04,199.77,272
2026-10-12 16:10:54,2026-10-12 19:30:23,2026-10-12 19:32:19,199.48,273
2026-10-12 16:11:03,2026-10-12 19:32:19,2026-10-12 19:32:53,201.28,274
2026-10-12 16:11:07,2026-10-12 19:32:53,2026-10-12 19:33:44,201.78,275
2026-10-12 16:11:22,2026-10-12 19:33:44,2026-10-12 19:37:44,202.37,274
2026-10-12 16:11:48,2026-10-12 19:36:29,2026-10-12 19:37:24,204.68,275
2026-10-12 16:11:52,2026-10-12 19:37:24,2026-10-12 19:38:39,205.53,276
2026-10-12 16:12:15,2026-10-12 19:37:44,2026-10-12 19:38:43,205.49,276
2026-10-12 16:13:33,2026-10-12 19:38:39,2026-10-12 19:41:03,205.1,274
2026-10-12 16:14:03,2026-10-12 19:38:43,2026-10-12 19:42:09,204.67,274
2026-10-12 16:14:24,2026-10-12 19:41:03,2026-10-12 19:41:47,206.65,275
2026-10-12 16:14:30,2026-10-12 19:41:04,2026-10-12 19:44:07,206.56,276
2026-10-12 16:15:09,2026-10-12 19:41:47,2026-10-12 19:44:40,206.63,276
2026-10-12 16:15:10,2026-10-12 19:42:09,2026-10-12 19:46:01,206.99,277
2026-10-12 16:16:05,2026-10-12 19:44:07,2026-10-12 19:44:33,208.03,276
2026-10-12 16:16:07,2026-10-12 19:44:33,2026-10-12 19:45:20,208.43,277
2026-10-12 16:16:52,2026-10-12 19:44:40,2026-10-12 19:50:33,207.8,278
2026-10-12 16:17:17,2026-10-12 19:45:20,2026-10-12 19:55:40,208.06,279
2026-10-12 16:17:25,2026-10-12 19:46:01,2026-10-12 19:46:53,208.6,279
2026-10-12 16:17:40,2026-10-12 19:46:53,2026-10-12 19:47:36,209.22,280
2026-10-12 16:18:27,2026-10-12 19:47:36,2026-10-12 19:48:17,209.16,280
2026-10-12 16:18:27,2026-10-12 19:48:17,2026-10-12 19:53:03,209.84,281
2026-10-12 16:18:38,2026-10-12 19:50:33,2026-10-12 19:53:55,211.92,282
2026-10-12 16:19:18,2026-10-12 19:53:03,2026-10-12 19:53:08,213.76,283
2026-10-12 16:20:10,2026-10-12 19:53:08,2026-10-12 19:53:13,212.96,282
2026-10-12 16:20:31,2026-10-12 19:53:13,2026-10-12 19:53:21,212.69,278
2026-10-12 16:21:11,2026-10-12 19:53:21,2026-10-12 19:56:31,212.16,279
2026-10-12 16:21:45,2026-10-12 19:53:55,2026-10-12 19:54:00,212.16,277
2026-10-12 16:21:56,2026-10-12 19:54:00,2026-10-12 19:54:52,212.08,277
2026-10-12 16:22:03,2026-10-12 19:54:52,2026-10-12 19:54:58,212.81,278
2026-10-12 16:22:06,2026-10-12 19:54:58,2026-10-12 19:56:13,212.87,279
2026-10-12 16:22:29,2026-10-12 19:55:40,2026-10-12 19:59:23,213.19,279
2026-10-12 16:23:26,2026-10-12 19:56:13,2026-10-12 20:01:17,212.78,280
2026-10-12 16:24:23,2026-10-12 19:56:31,2026-10-12 20:01:26,212.14,281
2026-10-12 16:24:38,2026-10-12 19:59:23,2026-10-12 20:05:08,214.76,280
2026-10-12 16:25:39,2026-10-12 20:01:17,2026-10-12 20:05:27,215.64,281
2026-10-12 16:25:59,2026-10-12 20:01:26,2026-10-12 20:04:25,215.46,281
2026-10-12 16:26:34,2026-10-12 20:04:25,2026-10-12 20:06:49,217.85,282
2026-10-12 16:26:46,2026-10-12 20:05:08,2026-10-12 20:12:29,218.36,283
2026-10-12 16:27:24,2026-10-12 20:05:27,2026-10-12 20:06:45,218.04,283
2026-10-12 16:28:00,2026-10-12 20:06:45,2026-10-12 20:08:40,218.75,284
2026-10-12 16:28:04,2026-10-12 20:06:49,2026-10-12 20:08:40,218.75,284
2026-10-12 16:28:27,2026-10-12 20:08:40,2026-10-12 20:08:53,220.22,285
2026-10-12 16:28:29,2026-10-12 20:08:40,2026-10-12 20:11:29,220.19,286
2026-10-12 16:28:34,2026-10-12 20:08:53,2026-10-12 20:12:08,220.32,287
2026-10-12 16:28:35,2026-10-12 20:11:29,2026-10-12 20:12:17,222.9,288
2026-10-12 16:28:44,2026-10-12 20:12:08,2026-10-12 20:12:33,223.39,289
2026-10-12 16:29:26,2026-10-12 20:12:17,2026-10-12 20:13:31,222.85,290
2026-10-12 16:29:43,2026-10-12 20:12:29,2026-10-12 20:13:27,222.77,290
2026-10-12 16:30:01,2026-10-12 20:12:33,2026-10-12 20:13:10,222.53,291
2026-10-12 16:30:13,2026-10-12 20:13:10,2026-10-12 20:16:03,222.96,292
2026-10-12 16:30:24,2026-10-12 20:13:27,2026-10-12 20:14:14,223.05,293
2026-10-12 16:31:02,2026-10-12 20:13:31,2026-10-12 20:22:28,222.48,292
2026-10-12 16:31:56,2026-10-12 20:14:14,2026-10-12 20:15:13,222.29,292
2026-10-12 16:32:39,2026-10-12 20:15:13,2026-10-12 20:18:19,222.57,292
2026-10-12 16:32:45,2026-10-12 20:16:03,2026-10-12 20:16:54,223.29,293
2026-10-12 16:33:02,2026-10-12 20:16:54,2026-10-12 20:17:29,223.86,294
2026-10-12 16:33:34,2026-10-12 20:17:29,2026-10-12 20:17:49,223.91,293
2026-10-12 16:33:58,2026-10-12 20:17:49,2026-10-12 20:19:46,223.86,292
2026-10-12 16:34:33,2026-10-12 20:18:19,2026-10-12 20:18:53,223.77,291
2026-10-12 16:34:38,2026-10-12 20:18:53,2026-10-12 20:24:26,224.24,292
2026-10-12 16:34:45,2026-10-12 20:19:46,2026-10-12 20:21:11,225.02,293
2026-10-12 16:35:16,2026-10-12 20:21:11,2026-10-12 20:23:37,225.91,294
2026-10-12 16:35:17,2026-10-12 20:22:28,2026-10-12 20:25:11,227.18,295
2026-10-12 16:35:29,2026-10-12 20:23:37,2026-10-12 20:24:04,228.14,296
2026-10-12 16:36:03,2026-10-12 20:24:04,2026-10-12 20:25:35,228.02,296
2026-10-12 16:36:48,2026-10-12 20:24:26,2026-10-12 20:25:46,227.63,295
2026-10-12 16:37:05,2026-10-12 20:25:11,2026-10-12 20:25:27,228.11,296
2026-10-12 16:37:21,2026-10-12 20:25:27,2026-10-12 20:26:32,228.09,297
2026-10-12 16:37:41,2026-10-12 20:25:35,2026-10-12 20:28:33,227.9,297
2026-10-12 16:37:54,2026-10-12 20:25:46,2026-10-12 20:26:44,227.86,298
2026-10-12 16:38:05,2026-10-12 20:26:32,2026-10-12 20:28:50,228.44,299
2026-10-12 16:38:37,2026-10-12 20:26:44,2026-10-12 20:35:38,228.12,300
2026-10-12 16:39:05,2026-10-12 20:28:33,2026-10-12 20:30:22,229.46,301
2026-10-12 16:39:13,2026-10-12 20:28:50,2026-10-12 20:35:43,229.61,301
2026-10-12 16:39:33,2026-10-12 20:30:22,2026-10-12 20:31:57,230.82,301
2026-10-12 16:39:42,2026-10-12 20:31:57,2026-10-12 20:33:46,232.25,302
2026-10-12 16:40:01,2026-10-12 20:33:46,2026-10-12 20:34:16,233.75,302
2026-10-12 16:40:08,2026-10-12 20:34:16,2026-10-12 20:40:02,234.13,303
2026-10-12 16:40:17,2026-10-12 20:35:38,2026-10-12 20:42:11,235.35,303
2026-10-12 16:40:43,2026-10-12 20:35:43,2026-10-12 20:35:49,235.01,304
2026-10-12 16:40:58,2026-10-12 20:35:49,2026-10-12 20:38:07,234.85,305
2026-10-12 16:41:19,2026-10-12 20:38:07,2026-10-12 20:39:49,236.8,305
2026-10-12 16:41:21,2026-10-12 20:39:49,2026-10-12 20:40:28,238.46,306
2026-10-12 16:41:26,2026-10-12 20:40:02,2026-10-12 20:43:18,238.6,306
2026-10-12 16:42:20,2026-10-12 20:40:28,2026-10-12 20:41:32,238.13,306
2026-10-12 16:42:30,2026-10-12 20:41:32,2026-10-12 20:47:38,239.03,307
2026-10-12 16:43:13,2026-10-12 20:42:11,2026-10-12 20:44:30,238.96,306
2026-10-12 16:43:19,2026-10-12 20:43:18,2026-10-12 20:46:03,239.98,307
2026-10-12 16:43:31,2026-10-12 20:44:30,2026-10-12 20:47:29,240.99,308
2026-10-12 16:43:46,2026-10-12 20:46:03,2026-10-12 20:48:41,242.29,309
2026-10-12 16:44:08,2026-10-12 20:47:29,2026-10-12 20:48:30,243.34,310
2026-10-12 16:44:23,2026-10-12 20:47:38,2026-10-12 20:49:32,243.26,311
2026-10-12 16:45:48,2026-10-12 20:48:30,2026-10-12 20:51:10,242.7,311
2026-10-12 16:45:51,2026-10-12 20:48:41,2026-10-12 20:49:07,242.83,312
2026-10-12 16:46:42,2026-10-12 20:49:07,2026-10-12 20:54:43,242.42,313
2026-10-12 16:46:53,2026-10-12 20:49:32,2026-10-12 20:49:40,242.66,314
2026-10-12 16:48:07,2026-10-12 20:49:40,2026-10-12 20:51:12,241.55,315
2026-10-12 16:48:20,2026-10-12 20:51:10,2026-10-12 20:56:37,242.83,316
2026-10-12 16:49:12,2026-10-12 20:51:12,2026-10-12 20:52:02,242.01,317
2026-10-12 16:49:25,2026-10-12 20:52:02,2026-10-12 20:57:23,242.62,318
2026-10-12 16:49:32,2026-10-12 20:54:43,2026-10-12 20:56:40,245.18,319
2026-10-12 16:49:38,2026-10-12 20:56:37,2026-10-12 20:58:48,246.98,320
2026-10-12 16:50:10,2026-10-12 20:56:40,2026-10-12 20:57:43,246.49,320
2026-10-12 16:50:46,2026-10-12 20:57:23,2026-10-12 21:00:07,246.61,321
2026-10-12 16:51:03,2026-10-12 20:57:43,2026-10-12 20:57:53,246.67,322
2026-10-12 16:51:05,2026-10-12 20:57:53,2026-10-12 21:08:00,246.8,323
2026-10-12 16:51:05,2026-10-12 20:58:48,2026-10-12 21:01:13,247.73,324
2026-10-12 16:51:42,2026-10-12 21:00:07,2026-10-12 21:03:34,248.42,324
2026-10-12 16:52:37,2026-10-12 21:01:13,2026-10-12 21:01:48,248.6,323
2026-10-12 16:54:50,2026-10-12 21:01:48,2026-10-12 21:06:17,246.97,320
2026-10-12 16:55:29,2026-10-12 21:03:34,2026-10-12 21:05:17,248.1,320
2026-10-12 16:55:58,2026-10-12 21:05:17,2026-10-12 21:07:37,249.32,321
2026-10-12 16:57:28,2026-10-12 21:06:17,2026-10-12 21:07:25,248.81,320
2026-10-12 16:57:54,2026-10-12 21:07:25,2026-10-12 21:10:59,249.51,319
2026-10-12 16:58:05,2026-10-12 21:07:37,2026-10-12 21:09:04,249.54,319
2026-10-12 16:58:30,2026-10-12 21:08:00,2026-10-12 21:10:23,249.5,318
2026-10-12 16:58:35,2026-10-12 21:09:04,2026-10-12 21:09:25,250.48,319
2026-10-12 16:59:51,2026-10-12 21:09:25,2026-10-12 21:13:28,249.57,319
2026-10-13 09:00:20,2026-10-13 09:00:20,2026-10-13 09:00:36,0.0,0
2026-10-13 09:00:56,2026-10-13 09:00:56,2026-10-13 09:02:07,0.0,0
2026-10-13 09:02:05,2026-10-13 09:02:05,2026-10-13 09:04:36,0.0,0
2026-10-13 09:03:09,2026-10-13 09:03:09,2026-10-13 09:03:26,0.0,0
2026-10-13 09:03:52,2026-10-13 09:03:52,2026-10-13 09:08:33,0.0,0
2026-10-13 09:03:54,2026-10-13 09:03:54,2026-10-13 09:04:28,0.0,0
2026-10-13 09:04:05,2026-10-13 09:04:28,2026-10-13 09:09:50,0.38,0
2026-10-13 09:04:18,2026-10-13 09:04:36,2026-10-13 09:07:34,0.29,1
2026-10-13 09:05:04,2026-10-13 09:07:34,2026-10-13 09:15:44,2.5,0
2026-10-13 09:05:55,2026-10-13 09:08:33,2026-10-13 09:12:01,2.63,1
2026-10-13 09:06:02,2026-10-13 09:09:50,2026-10-13 09:12:34,3.8,2
2026-10-13 09:06:10,2026-10-13 09:12:01,2026-10-13 09:19:35,5.85,3
2026-10-13 09:08:34,2026-10-13 09:12:34,2026-10-13 09:13:34,4.01,2
2026-10-13 09:08:41,2026-10-13 09:13:34,2026-10-13 09:17:09,4.88,3
2026-10-13 09:09:56,2026-10-13 09:15:44,2026-10-13 09:20:07,5.79,3
2026-10-13 09:10:11,2026-10-13 09:17:09,2026-10-13 09:21:29,6.96,4
2026-10-13 09:10:15,2026-10-13 09:19:35,2026-10-13 09:20:55,9.32,5
2026-10-13 09:12:27,2026-10-13 09:20:07,2026-10-13 09:24:37,7.68,5
2026-10-13 09:12:48,2026-10-13 09:20:55,2026-10-13 09:23:10,8.12,5
2026-10-13 09:16:20,2026-10-13 09:21:29,2026-10-13 09:23:14,5.16,4
2026-10-13 09:16:24,2026-10-13 09:23:10,2026-10-13 09:23:11,6.78,5
2026-10-13 09:17:14,2026-10-13 09:23:11,2026-10-13 09:24:16,5.95,5
2026-10-13 09:17:14,2026-10-13 09:23:14,2026-10-13 09:25:06,6.0,6
2026-10-13 09:17:34,2026-10-13 09:24:16,2026-10-13 09:30:30,6.7,7
2026-10-13 09:17:37,2026-10-13 09:24:37,2026-10-13 09:27:29,7.0,8
2026-10-13 09:18:14,2026-10-13 09:25:06,2026-10-13 09:28:24,6.87,9
2026-10-13 09:18:52,2026-10-13 09:27:29,2026-10-13 09:42:20,8.61,10
2026-10-13 09:20:00,2026-10-13 09:28:24,2026-10-13 09:32:38,8.4,10
2026-10-13 09:20:15,2026-10-13 09:30:30,2026-10-13 09:34:56,10.26,10
2026-10-13 09:20:31,2026-10-13 09:32:38,2026-10-13 09:33:02,12.12,11
2026-10-13 09:20:32,2026-10-13 09:33:02,2026-10-13 09:34:04,12.5,12
2026-10-13 09:21:00,2026-10-13 09:34:04,2026-10-13 09:36:51,13.07,12
2026-10-13 09:22:49,2026-10-13 09:34:56,2026-10-13 09:43:28,12.11,12
2026-10-13 09:23:49,2026-10-13 09:36:51,2026-10-13 09:42:35,13.03,10
2026-10-13 09:24:24,2026-10-13 09:42:20,2026-10-13 09:45:43,17.92,10
2026-10-13 09:25:09,2026-10-13 09:42:35,2026-10-13 09:46:37,17.44,9
2026-10-13 09:25:20,2026-10-13 09:43:28,2026-10-13 09:45:21,18.14,10
2026-10-13 09:25:40,2026-10-13 09:45:21,2026-10-13 09:53:38,19.68,11
2026-10-13 09:26:13,2026-10-13 09:45:43,2026-10-13 09:49:39,19.49,12
2026-10-13 09:26:56,2026-10-13 09:46:37,2026-10-13 09:47:29,19.67,13
2026-10-13 09:27:46,2026-10-13 09:47:29,2026-10-13 09:56:03,19.72,13
2026-10-13 09:28:38,2026-10-13 09:49:39,2026-10-13 09:51:05,21.0,13
2026-10-13 09:28:50,2026-10-13 09:51:05,2026-10-13 09:58:23,22.26,14
2026-10-13 09:28:59,2026-10-13 09:53:38,2026-10-13 09:59:16,24.64,15
2026-10-13 09:29:03,2026-10-13 09:56:03,2026-10-13 09:59:39,26.99,16
2026-10-13 09:30:09,2026-10-13 09:58:23,2026-10-13 10:00:50,28.24,17
2026-10-13 09:30:47,2026-10-13 09:59:16,2026-10-13 09:59:45,28.48,17
2026-10-13 09:31:31,2026-10-13 09:59:39,2026-10-13 10:01:16,28.13,18
2026-10-13 09:32:24,2026-10-13 09:59:45,2026-10-13 10:00:10,27.34,19
2026-10-13 09:34:06,2026-10-13 10:00:10,2026-10-13 10:06:52,26.07,17
2026-10-13 09:35:07,2026-10-13 10:00:50,2026-10-13 10:02:37,25.72,17
2026-10-13 09:35:12,2026-10-13 10:01:16,2026-10-13 10:02:10,26.06,18
2026-10-13 09:35:31,2026-10-13 10:02:10,2026-10-13 10:04:02,26.65,19
2026-10-13 09:36:52,2026-10-13 10:02:37,2026-10-13 10:02:59,25.75,19
2026-10-13 09:39:04,2026-10-13 10:02:59,2026-10-13 10:05:58,23.92,20
2026-10-13 09:39:42,2026-10-13 10:04:02,2026-10-13 10:05:07,24.33,21
2026-10-13 09:39:56,2026-10-13 10:05:07,2026-10-13 10:07:48,25.17,22
2026-10-13 09:40:06,2026-10-13 10:05:58,2026-10-13 10:08:27,25.86,23
2026-10-13 09:40:15,2026-10-13 10:06:52,2026-10-13 10:14:39,26.62,24
2026-10-13 09:40:39,2026-10-13 10:07:48,2026-10-13 10:10:13,27.15,25
2026-10-13 09:40:40,2026-10-13 10:08:27,2026-10-13 10:10:10,27.79,26
2026-10-13 09:43:05,2026-10-13 10:10:10,2026-10-13 10:10:20,27.09,25
2026-10-13 09:44:46,2026-10-13 10:10:13,2026-10-13 10:12:56,25.45,25
2026-10-13 09:45:56,2026-10-13 10:10:20,2026-10-13 10:13:41,24.41,24
2026-10-13 09:46:21,2026-10-13 10:12:56,2026-10-13 10:21:27,26.58,25
2026-10-13 09:47:58,2026-10-13 10:13:41,2026-10-13 10:18:38,25.72,24
2026-10-13 09:49:23,2026-10-13 10:14:39,2026-10-13 10:15:08,25.28,25
2026-10-13 09:49:28,2026-10-13 10:15:08,2026-10-13 10:17:28,25.67,26
2026-10-13 09:50:12,2026-10-13 10:17:28,2026-10-13 10:21:22,27.26,26
2026-10-13 09:52:59,2026-10-13 10:18:38,2026-10-13 10:19:23,25.65,26
2026-10-13 09:54:07,2026-10-13 10:19:23,2026-10-13 10:26:40,25.27,26
2026-10-13 09:55:44,2026-10-13 10:21:22,2026-10-13 10:22:07,25.63,27
2026-10-13 09:56:43,2026-10-13 10:21:27,2026-10-13 10:24:14,24.73,27
2026-10-13 09:57:20,2026-10-13 10:22:07,2026-10-13 10:24:04,24.78,28
2026-10-13 09:57:42,2026-10-13 10:24:04,2026-10-13 10:25:07,26.37,29
2026-10-13 09:57:42,2026-10-13 10:24:14,2026-10-13 10:24:56,26.52,30
2026-10-13 09:58:45,2026-10-13 10:24:56,2026-10-13 10:25:15,26.18,30
2026-10-13 09:59:15,2026-10-13 10:25:07,2026-10-13 10:29:38,25.87,31
2026-10-13 10:01:27,2026-10-13 10:25:15,2026-10-13 10:25:37,23.8,26
2026-10-13 10:01:36,2026-10-13 10:25:37,2026-10-13 10:29:43,24.03,27
2026-10-13 10:01:59,2026-10-13 10:26:40,2026-10-13 10:31:56,24.69,28
2026-10-13 10:02:12,2026-10-13 10:29:38,2026-10-13 10:30:42,27.43,28
2026-10-13 10:02:34,2026-10-13 10:29:43,2026-10-13 10:36:29,27.14,29
2026-10-13 10:02:48,2026-10-13 10:30:42,2026-10-13 10:32:00,27.91,29
2026-10-13 10:03:03,2026-10-13 10:31:56,2026-10-13 10:37:30,28.88,29
2026-10-13 10:03:06,2026-10-13 10:32:00,2026-10-13 10:33:39,28.91,30
2026-10-13 10:04:09,2026-10-13 10:33:39,2026-10-13 10:35:18,29.51,30
2026-10-13 10:06:39,2026-10-13 10:35:18,2026-10-13 10:42:09,28.66,29
2026-10-13 10:06:59,2026-10-13 10:36:29,2026-10-13 10:40:13,29.5,29
2026-10-13 10:07:51,2026-10-13 10:37:30,2026-10-13 10:38:12,29.64,29
2026-10-13 10:08:34,2026-10-13 10:38:12,2026-10-13 10:38:53,29.64,29
2026-10-13 10:08:40,2026-10-13 10:38:53,2026-10-13 10:52:22,30.23,30
2026-10-13 10:09:51,2026-10-13 10:40:13,2026-10-13 10:43:51,30.35,31
2026-10-13 10:09:54,2026-10-13 10:42:09,2026-10-13 10:43:23,32.25,32
2026-10-13 10:10:24,2026-10-13 10:43:23,2026-10-13 10:43:26,33.0,30
2026-10-13 10:10:38,2026-10-13 10:43:26,2026-10-13 10:44:30,32.8,31
2026-10-13 10:11:11,2026-10-13 10:43:51,2026-10-13 10:45:54,32.66,32
2026-10-13 10:12:04,2026-10-13 10:44:30,2026-10-13 10:48:23,32.43,33
2026-10-13 10:12:31,2026-10-13 10:45:54,2026-10-13 10:47:14,33.38,34
2026-10-13 10:13:30,2026-10-13 10:47:14,2026-10-13 10:50:43,33.73,34
2026-10-13 10:13:32,2026-10-13 10:48:23,2026-10-13 10:49:22,34.85,35
2026-10-13 10:13:44,2026-10-13 10:49:22,2026-10-13 10:51:31,35.63,35
2026-10-13 10:14:30,2026-10-13 10:50:43,2026-10-13 10:55:33,36.21,36
2026-10-13 10:14:35,2026-10-13 10:51:31,2026-10-13 10:54:09,36.93,37
2026-10-13 10:15:29,2026-10-13 10:52:22,2026-10-13 10:56:15,36.87,36
2026-10-13 10:15:52,2026-10-13 10:54:09,2026-10-13 10:58:41,38.29,37
2026-10-13 10:16:03,2026-10-13 10:55:33,2026-10-13 10:56:48,39.5,38
2026-10-13 10:16:15,2026-10-13 10:56:15,2026-10-13 10:56:56,40.0,39
2026-10-13 10:16:36,2026-10-13 10:56:48,2026-10-13 10:59:08,40.2,40
2026-10-13 10:16:40,2026-10-13 10:56:56,2026-10-13 10:57:15,40.26,41
2026-10-13 10:18:52,2026-10-13 10:57:15,2026-10-13 10:58:34,38.39,40
2026-10-13 10:19:07,2026-10-13 10:58:34,2026-10-13 10:59:38,39.45,41
2026-10-13 10:19:22,2026-10-13 10:58:41,2026-10-13 11:06:30,39.31,42
2026-10-13 10:19:28,2026-10-13 10:59:08,2026-10-13 11:00:11,39.66,42
2026-10-13 10:19:50,2026-10-13 10:59:38,2026-10-13 11:03:44,39.8,43
2026-10-13 10:21:45,2026-10-13 11:00:11,2026-10-13 11:04:31,38.44,42
2026-10-13 10:22:05,2026-10-13 11:03:44,2026-10-13 11:09:16,41.65,43
2026-10-13 10:22:43,2026-10-13 11:04:31,2026-10-13 11:06:48,41.8,43
2026-10-13 10:24:18,2026-10-13 11:06:30,2026-10-13 11:06:31,42.21,42
2026-10-13 10:24:21,2026-10-13 11:06:31,2026-10-13 11:07:51,42.17,43
2026-10-13 10:24:54,2026-10-13 11:06:48,2026-10-13 11:16:06,41.91,44
2026-10-13 10:26:58,2026-10-13 11:07:51,2026-10-13 11:11:34,40.89,40
2026-10-13 10:27:06,2026-10-13 11:09:16,2026-10-13 11:14:43,42.17,41
2026-10-13 10:27:49,2026-10-13 11:11:34,2026-10-13 11:14:57,43.75,42
2026-10-13 10:29:03,2026-10-13 11:14:43,2026-10-13 11:20:42,45.67,43
2026-10-13 10:30:30,2026-10-13 11:14:57,2026-10-13 11:20:06,44.45,42
2026-10-13 10:30:42,2026-10-13 11:16:06,2026-10-13 11:16:10,45.39,43
2026-10-13 10:30:45,2026-10-13 11:16:10,2026-10-13 11:18:07,45.42,43
2026-10-13 10:31:36,2026-10-13 11:18:07,2026-10-13 11:21:07,46.51,44
2026-10-13 10:31:44,2026-10-13 11:20:06,2026-10-13 11:20:47,48.37,45
2026-10-13 10:31:57,2026-10-13 11:20:42,2026-10-13 11:24:34,48.76,45
2026-10-13 10:32:03,2026-10-13 11:20:47,2026-10-13 11:21:42,48.74,45
2026-10-13 10:32:35,2026-10-13 11:21:07,2026-10-13 11:23:16,48.54,46
2026-10-13 10:32:42,2026-10-13 11:21:42,2026-10-13 11:23:40,49.0,47
2026-10-13 10:34:28,2026-10-13 11:23:16,2026-10-13 11:24:04,48.81,47
2026-10-13 10:35:11,2026-10-13 11:23:40,2026-10-13 11:28:48,48.48,48
2026-10-13 10:35:43,2026-10-13 11:24:04,2026-10-13 11:25:11,48.35,48
2026-10-13 10:38:21,2026-10-13 11:24:34,2026-10-13 11:33:11,46.21,46
2026-10-13 10:38:23,2026-10-13 11:25:11,2026-10-13 11:29:06,46.8,47
2026-10-13 10:38:57,2026-10-13 11:28:48,2026-10-13 11:32:53,49.85,47
2026-10-13 10:39:13,2026-10-13 11:29:06,2026-10-13 11:33:35,49.88,48
2026-10-13 10:39:50,2026-10-13 11:32:53,2026-10-13 11:33:41,53.06,49
2026-10-13 10:39:57,2026-10-13 11:33:11,2026-10-13 11:40:00,53.24,50
2026-10-13 10:41:55,2026-10-13 11:33:35,2026-10-13 11:40:14,51.67,50
2026-10-13 10:42:33,2026-10-13 11:33:41,2026-10-13 11:36:04,51.13,50
2026-10-13 10:46:10,2026-10-13 11:36:04,2026-10-13 11:38:38,49.91,46
2026-10-13 10:46:52,2026-10-13 11:38:38,2026-10-13 11:43:55,51.76,47
2026-10-13 10:47:21,2026-10-13 11:40:00,2026-10-13 11:44:48,52.66,47
2026-10-13 10:47:54,2026-10-13 11:40:14,2026-10-13 11:40:56,52.35,48
2026-10-13 10:48:52,2026-10-13 11:40:56,2026-10-13 11:43:49,52.07,48
2026-10-13 10:48:59,2026-10-13 11:43:49,2026-10-13 11:46:36,54.83,49
2026-10-13 10:49:20,2026-10-13 11:43:55,2026-10-13 11:46:47,54.59,50
2026-10-13 10:52:08,2026-10-13 11:44:48,2026-10-13 11:46:10,52.67,48
2026-10-13 10:52:45,2026-10-13 11:46:10,2026-10-13 11:46:43,53.41,48
2026-10-13 10:53:33,2026-10-13 11:46:36,2026-10-13 11:47:51,53.05,49
2026-10-13 10:53:40,2026-10-13 11:46:43,2026-10-13 11:48:49,53.05,50
2026-10-13 10:54:32,2026-10-13 11:46:47,2026-10-13 11:53:55,52.24,50
2026-10-13 10:54:41,2026-10-13 11:47:51,2026-10-13 11:49:23,53.17,51
2026-10-13 10:54:52,2026-10-13 11:48:49,2026-10-13 11:51:38,53.95,52
2026-10-13 10:55:16,2026-10-13 11:49:23,2026-10-13 11:52:40,54.11,53
2026-10-13 10:55:29,2026-10-13 11:51:38,2026-10-13 11:54:00,56.15,54
2026-10-13 10:56:23,2026-10-13 11:52:40,2026-10-13 11:53:01,56.28,53
2026-10-13 10:56:46,2026-10-13 11:53:01,2026-10-13 11:54:53,56.25,54
2026-10-13 10:56:50,2026-10-13 11:53:55,2026-10-13 11:56:42,57.09,54
2026-10-13 10:56:55,2026-10-13 11:54:00,2026-10-13 11:56:37,57.09,55
2026-10-13 10:57:58,2026-10-13 11:54:53,2026-10-13 11:54:57,56.93,54
2026-10-13 10:58:54,2026-10-13 11:54:57,2026-10-13 11:55:45,56.06,53
2026-10-13 10:59:48,2026-10-13 11:55:45,2026-10-13 11:57:28,55.95,52
2026-10-13 11:00:02,2026-10-13 11:56:37,2026-10-13 12:10:59,56.58,53
2026-10-13 11:03:46,2026-10-13 11:56:42,2026-10-13 12:05:22,52.93,52
2026-10-13 11:04:43,2026-10-13 11:57:28,2026-10-13 12:00:00,52.74,52
2026-10-13 11:04:44,2026-10-13 12:00:00,2026-10-13 12:00:51,55.25,53
2026-10-13 11:06:34,2026-10-13 12:00:51,2026-10-13 12:05:25,54.29,52
2026-10-13 11:06:41,2026-10-13 12:05:22,2026-10-13 12:08:23,58.68,53
2026-10-13 11:06:41,2026-10-13 12:05:25,2026-10-13 12:07:33,58.73,54
2026-10-13 11:06:42,2026-10-13 12:07:33,2026-10-13 12:11:33,60.85,55
2026-10-13 11:10:44,2026-10-13 12:08:23,2026-10-13 12:09:21,57.64,53
2026-10-13 11:11:53,2026-10-13 12:09:21,2026-10-13 12:19:51,57.47,53
2026-10-13 11:12:04,2026-10-13 12:10:59,2026-10-13 12:11:00,58.91,54
2026-10-13 11:13:07,2026-10-13 12:11:00,2026-10-13 12:13:09,57.89,55
2026-10-13 11:13:18,2026-10-13 12:11:33,2026-10-13 12:12:54,58.25,56
2026-10-13 11:13:29,2026-10-13 12:12:54,2026-10-13 12:24:36,59.41,57
2026-10-13 11:13:54,2026-10-13 12:13:09,2026-10-13 12:15:27,59.25,58
2026-10-13 11:17:15,2026-10-13 12:15:27,2026-10-13 12:16:16,58.21,55
2026-10-13 11:18:32,2026-10-13 12:16:16,2026-10-13 12:18:00,57.73,55
2026-10-13 11:20:11,2026-10-13 12:18:00,2026-10-13 12:18:26,57.81,55
2026-10-13 11:20:21,2026-10-13 12:18:26,2026-10-13 12:20:41,58.09,56
2026-10-13 11:20:38,2026-10-13 12:19:51,2026-10-13 12:22:19,59.23,57
2026-10-13 11:23:04,2026-10-13 12:20:41,2026-10-13 12:26:04,57.62,54
2026-10-13 11:25:16,2026-10-13 12:22:19,2026-10-13 12:22:58,57.05,50
2026-10-13 11:25:16,2026-10-13 12:22:58,2026-10-13 12:26:11,57.69,51
2026-10-13 11:26:08,2026-10-13 12:24:36,2026-10-13 12:24:58,58.47,52
2026-10-13 11:27:19,2026-10-13 12:24:58,2026-10-13 12:27:25,57.66,53
2026-10-13 11:27:22,2026-10-13 12:26:04,2026-10-13 12:27:55,58.7,54
2026-10-13 11:28:21,2026-10-13 12:26:11,2026-10-13 12:26:15,57.84,55
2026-10-13 11:29:49,2026-10-13 12:26:15,2026-10-13 12:30:18,56.42,54
2026-10-13 11:30:15,2026-10-13 12:27:25,2026-10-13 12:29:17,57.18,55
2026-10-13 11:30:32,2026-10-13 12:27:55,2026-10-13 12:29:00,57.37,56
2026-10-13 11:31:06,2026-10-13 12:29:00,2026-10-13 12:29:07,57.9,57
2026-10-13 11:31:23,2026-10-13 12:29:07,2026-10-13 12:29:37,57.73,58
2026-10-13 11:31:42,2026-10-13 12:29:17,2026-10-13 12:30:23,57.59,59
2026-10-13 11:31:51,2026-10-13 12:29:37,2026-10-13 12:34:33,57.77,60
2026-10-13 11:32:33,2026-10-13 12:30:18,2026-10-13 12:33:32,57.74,61
2026-10-13 11:34:38,2026-10-13 12:30:23,2026-10-13 12:31:07,55.75,58
2026-10-13 11:35:25,2026-10-13 12:31:07,2026-10-13 12:34:48,55.7,59
2026-10-13 11:36:20,2026-10-13 12:33:32,2026-10-13 12:35:59,57.2,59
2026-10-13 11:37:32,2026-10-13 12:34:33,2026-10-13 12:36:42,57.01,60
2026-10-13 11:37:43,2026-10-13 12:34:48,2026-10-13 12:38:17,57.09,61
2026-10-13 11:38:44,2026-10-13 12:35:59,2026-10-13 12:36:20,57.26,61
2026-10-13 11:39:22,2026-10-13 12:36:20,2026-10-13 12:36:42,56.97,62
2026-10-13 11:39:35,2026-10-13 12:36:42,2026-10-13 12:37:28,57.11,63
2026-10-13 11:39:36,2026-10-13 12:36:42,2026-10-13 12:38:37,57.09,64
2026-10-13 11:39:55,2026-10-13 12:37:28,2026-10-13 12:38:11,57.55,65
2026-10-13 11:40:20,2026-10-13 12:38:11,2026-10-13 12:38:17,57.84,64
2026-10-13 11:40:31,2026-10-13 12:38:17,2026-10-13 12:39:43,57.76,65
2026-10-13 11:40:35,2026-10-13 12:38:17,2026-10-13 12:39:34,57.7,66
2026-10-13 11:42:24,2026-10-13 12:38:37,2026-10-13 12:38:58,56.22,66
2026-10-13 11:42:58,2026-10-13 12:38:58,2026-10-13 12:39:01,56.01,67
2026-10-13 11:44:22,2026-10-13 12:39:01,2026-10-13 12:40:54,54.66,66
2026-10-13 11:44:24,2026-10-13 12:39:34,2026-10-13 12:44:29,55.16,67
2026-10-13 11:45:34,2026-10-13 12:39:43,2026-10-13 12:46:39,54.15,67
2026-10-13 11:46:14,2026-10-13 12:40:54,2026-10-13 12:46:31,54.67,67
2026-10-13 11:46:47,2026-10-13 12:44:29,2026-10-13 12:51:18,57.69,65
2026-10-13 11:47:43,2026-10-13 12:46:31,2026-10-13 12:49:16,58.81,66
2026-10-13 11:48:20,2026-10-13 12:46:39,2026-10-13 12:52:09,58.31,66
2026-10-13 11:49:11,2026-10-13 12:49:16,2026-10-13 12:50:23,60.08,66
2026-10-13 11:49:52,2026-10-13 12:50:23,2026-10-13 12:53:04,60.52,66
2026-10-13 11:50:32,2026-10-13 12:51:18,2026-10-13 12:52:44,60.77,67
2026-10-13 11:51:00,2026-10-13 12:52:09,2026-10-13 12:52:38,61.15,68
2026-10-13 11:51:58,2026-10-13 12:52:38,2026-10-13 12:53:25,60.66,68
2026-10-13 11:52:23,2026-10-13 12:52:44,2026-10-13 12:52:53,60.36,69
2026-10-13 11:52:58,2026-10-13 12:52:53,2026-10-13 12:56:47,59.91,69
2026-10-13 11:53:32,2026-10-13 12:53:04,2026-10-13 12:54:22,59.53,69
2026-10-13 11:53:39,2026-10-13 12:53:25,2026-10-13 12:54:57,59.78,70
2026-10-13 11:54:37,2026-10-13 12:54:22,2026-10-13 12:54:39,59.74,69
2026-10-13 11:54:37,2026-10-13 12:54:39,2026-10-13 13:00:17,60.03,70
2026-10-13 11:54:47,2026-10-13 12:54:57,2026-10-13 13:01:00,60.17,71
2026-10-13 11:55:01,2026-10-13 12:56:47,2026-10-13 13:01:15,61.77,70
2026-10-13 11:55:17,2026-10-13 13:00:17,2026-10-13 13:00:23,65.0,71
2026-10-13 11:55:41,2026-10-13 13:00:23,2026-10-13 13:04:03,64.7,72
2026-10-13 11:56:14,2026-10-13 13:01:00,2026-10-13 13:02:14,64.78,72
2026-10-13 11:58:21,2026-10-13 13:01:15,2026-10-13 13:01:50,62.89,70
2026-10-13 11:59:02,2026-10-13 13:01:50,2026-10-13 13:02:32,62.81,71
2026-10-13 12:00:27,2026-10-13 13:02:14,2026-10-13 13:02:27,61.78,71
2026-10-13 12:01:00,2026-10-13 13:02:27,2026-10-13 13:02:35,61.44,71
2026-10-13 12:01:18,2026-10-13 13:02:32,2026-10-13 13:05:06,61.23,72
2026-10-13 12:01:40,2026-10-13 13:02:35,2026-10-13 13:05:18,60.91,73
2026-10-13 12:02:05,2026-10-13 13:04:03,2026-10-13 13:04:15,61.96,74
2026-10-13 12:02:28,2026-10-13 13:04:15,2026-10-13 13:04:41,61.77,75
2026-10-13 12:02:46,2026-10-13 13:04:41,2026-10-13 13:13:05,61.91,76
2026-10-13 12:02:50,2026-10-13 13:05:06,2026-10-13 13:05:15,62.27,77
2026-10-13 12:03:50,2026-10-13 13:05:15,2026-10-13 13:11:19,61.42,78
2026-10-13 12:04:12,2026-10-13 13:05:18,2026-10-13 13:11:04,61.1,79
2026-10-13 12:04:48,2026-10-13 13:11:04,2026-10-13 13:11:46,66.28,80
2026-10-13 12:05:06,2026-10-13 13:11:19,2026-10-13 13:12:17,66.21,81
2026-10-13 12:05:11,2026-10-13 13:11:46,2026-10-13 13:13:48,66.59,82
2026-10-13 12:07:09,2026-10-13 13:12:17,2026-10-13 13:14:17,65.13,81
2026-10-13 12:07:28,2026-10-13 13:13:05,2026-10-13 13:13:34,65.63,82
2026-10-13 12:08:40,2026-10-13 13:13:34,2026-10-13 13:20:15,64.88,81
2026-10-13 12:08:49,2026-10-13 13:13:48,2026-10-13 13:18:35,64.98,82
2026-10-13 12:09:58,2026-10-13 13:14:17,2026-10-13 13:21:29,64.32,82
2026-10-13 12:10:00,2026-10-13 13:18:35,2026-10-13 13:19:15,68.59,83
2026-10-13 12:11:42,2026-10-13 13:19:15,2026-10-13 13:27:37,67.54,81
2026-10-13 12:12:59,2026-10-13 13:20:15,2026-10-13 13:25:11,67.27,81
2026-10-13 12:13:02,2026-10-13 13:21:29,2026-10-13 13:27:25,68.46,82
2026-10-13 12:13:15,2026-10-13 13:25:11,2026-10-13 13:25:25,71.93,82
2026-10-13 12:14:27,2026-10-13 13:25:25,2026-10-13 13:27:42,70.98,83
2026-10-13 12:15:27,2026-10-13 13:27:25,2026-10-13 13:27:45,71.97,84
2026-10-13 12:15:30,2026-10-13 13:27:37,2026-10-13 13:39:03,72.11,84
2026-10-13 12:16:54,2026-10-13 13:27:42,2026-10-13 13:28:22,70.81,84
2026-10-13 12:17:21,2026-10-13 13:27:45,2026-10-13 13:29:02,70.41,85
2026-10-13 12:17:42,2026-10-13 13:28:22,2026-10-13 13:30:33,70.67,86
2026-10-13 12:18:49,2026-10-13 13:29:02,2026-10-13 13:33:01,70.22,85
2026-10-13 12:19:49,2026-10-13 13:30:33,2026-10-13 13:31:26,70.73,86
2026-10-13 12:19:57,2026-10-13 13:31:26,2026-10-13 13:31:53,71.47,86
2026-10-13 12:21:01,2026-10-13 13:31:53,2026-10-13 13:31:56,70.88,86
2026-10-13 12:22:15,2026-10-13 13:31:56,2026-10-13 13:32:26,69.67,87
2026-10-13 12:23:10,2026-10-13 13:32:26,2026-10-13 13:32:54,69.27,86
2026-10-13 12:23:33,2026-10-13 13:32:54,2026-10-13 13:35:57,69.35,87
2026-10-13 12:23:49,2026-10-13 13:33:01,2026-10-13 13:33:57,69.2,88
2026-10-13 12:24:03,2026-10-13 13:33:57,2026-10-13 13:40:40,69.9,89
2026-10-13 12:24:03,2026-10-13 13:35:57,2026-10-13 13:36:53,71.9,90
2026-10-13 12:24:07,2026-10-13 13:36:53,2026-10-13 13:37:17,72.76,91
2026-10-13 12:24:16,2026-10-13 13:37:17,2026-10-13 13:40:33,73.01,92
2026-10-13 12:25:38,2026-10-13 13:39:03,2026-10-13 13:39:28,73.41,91
2026-10-13 12:26:38,2026-10-13 13:39:28,2026-10-13 13:44:04,72.83,89
2026-10-13 12:27:26,2026-10-13 13:40:33,2026-10-13 13:46:38,73.11,89
2026-10-13 12:27:41,2026-10-13 13:40:40,2026-10-13 13:42:56,72.98,90
2026-10-13 12:27:59,2026-10-13 13:42:56,2026-10-13 13:44:37,74.95,90
2026-10-13 12:28:07,2026-10-13 13:44:04,2026-10-13 13:51:13,75.96,91
2026-10-13 12:28:15,2026-10-13 13:44:37,2026-10-13 13:47:20,76.38,92
2026-10-13 12:28:33,2026-10-13 13:46:38,2026-10-13 14:03:16,78.09,93
2026-10-13 12:29:08,2026-10-13 13:47:20,2026-10-13 13:55:36,78.19,92
2026-10-13 12:29:22,2026-10-13 13:51:13,2026-10-13 13:59:13,81.86,92
2026-10-13 12:29:54,2026-10-13 13:55:36,2026-10-13 13:58:40,85.69,92
2026-10-13 12:31:05,2026-10-13 13:58:40,2026-10-13 13:59:40,87.58,91
2026-10-13 12:31:27,2026-10-13 13:59:13,2026-10-13 13:59:14,87.77,91
2026-10-13 12:31:41,2026-10-13 13:59:14,2026-10-13 14:08:34,87.54,92
2026-10-13 12:34:42,2026-10-13 13:59:40,2026-10-13 14:04:12,84.97,91
2026-10-13 12:36:48,2026-10-13 14:03:16,2026-10-13 14:07:13,86.47,87
2026-10-13 12:37:44,2026-10-13 14:04:12,2026-10-13 14:11:10,86.47,87
2026-10-13 12:38:34,2026-10-13 14:07:13,2026-10-13 14:10:35,88.64,85
2026-10-13 12:38:44,2026-10-13 14:08:34,2026-10-13 14:18:32,89.84,85
2026-10-13 12:39:15,2026-10-13 14:10:35,2026-10-13 14:14:47,91.33,84
2026-10-13 12:42:45,2026-10-13 14:11:10,2026-10-13 14:11:38,88.43,82
2026-10-13 12:43:02,2026-10-13 14:11:38,2026-10-13 14:11:43,88.59,83
2026-10-13 12:44:27,2026-10-13 14:11:43,2026-10-13 14:11:44,87.26,84
2026-10-13 12:44:49,2026-10-13 14:11:44,2026-10-13 14:12:13,86.9,84
2026-10-13 12:45:20,2026-10-13 14:12:13,2026-10-13 14:15:48,86.88,85
2026-10-13 12:45:56,2026-10-13 14:14:47,2026-10-13 14:15:36,88.86,86
2026-10-13 12:46:28,2026-10-13 14:15:36,2026-10-13 14:21:25,89.14,87
2026-10-13 12:47:26,2026-10-13 14:15:48,2026-10-13 14:19:20,88.36,86
2026-10-13 12:47:29,2026-10-13 14:18:32,2026-10-13 14:21:26,91.04,87
2026-10-13 12:47:44,2026-10-13 14:19:20,2026-10-13 14:20:59,91.6,88
2026-10-13 12:48:19,2026-10-13 14:20:59,2026-10-13 14:21:43,92.67,89
2026-10-13 12:48:26,2026-10-13 14:21:25,2026-10-13 14:21:30,92.98,90
2026-10-13 12:50:45,2026-10-13 14:21:26,2026-10-13 14:25:32,90.68,89
2026-10-13 12:51:10,2026-10-13 14:21:30,2026-10-13 14:24:00,90.32,90
2026-10-13 12:51:23,2026-10-13 14:21:43,2026-10-13 14:21:44,90.33,90
2026-10-13 12:52:39,2026-10-13 14:21:44,2026-10-13 14:29:14,89.07,89
2026-10-13 12:53:07,2026-10-13 14:24:00,2026-10-13 14:26:57,90.88,87
2026-10-13 12:53:34,2026-10-13 14:25:32,2026-10-13 14:25:40,91.96,87
2026-10-13 12:54:08,2026-10-13 14:25:40,2026-10-13 14:28:43,91.54,88
2026-10-13 12:56:14,2026-10-13 14:26:57,2026-10-13 14:29:18,90.71,86
2026-10-13 12:57:39,2026-10-13 14:28:43,2026-10-13 14:30:14,91.06,86
2026-10-13 12:58:49,2026-10-13 14:29:14,2026-10-13 14:29:50,90.42,87
2026-10-13 12:59:43,2026-10-13 14:29:18,2026-10-13 14:30:59,89.58,88
2026-10-13 12:59:47,2026-10-13 14:29:50,2026-10-13 14:30:06,90.04,89
2026-10-13 13:00:43,2026-10-13 14:30:06,2026-10-13 14:32:00,89.39,88
2026-10-13 13:01:08,2026-10-13 14:30:14,2026-10-13 14:34:06,89.11,88
2026-10-13 13:01:50,2026-10-13 14:30:59,2026-10-13 14:33:51,89.16,88
2026-10-13 13:02:25,2026-10-13 14:32:00,2026-10-13 14:42:57,89.58,87
2026-10-13 13:02:55,2026-10-13 14:33:51,2026-10-13 14:35:01,90.93,85
2026-10-13 13:02:59,2026-10-13 14:34:06,2026-10-13 14:34:39,91.12,86
2026-10-13 13:03:16,2026-10-13 14:34:39,2026-10-13 14:37:34,91.37,87
2026-10-13 13:03:56,2026-10-13 14:35:01,2026-10-13 14:35:38,91.07,88
2026-10-13 13:05:09,2026-10-13 14:35:38,2026-10-13 14:35:40,90.48,85
2026-10-13 13:05:24,2026-10-13 14:35:40,2026-10-13 14:36:11,90.28,84
2026-10-13 13:06:57,2026-10-13 14:36:11,2026-10-13 14:37:16,89.23,85
2026-10-13 13:07:19,2026-10-13 14:37:16,2026-10-13 14:40:34,89.96,86
2026-10-13 13:08:19,2026-10-13 14:37:34,2026-10-13 14:40:11,89.26,87
2026-10-13 13:08:26,2026-10-13 14:40:11,2026-10-13 14:40:24,91.75,88
2026-10-13 13:08:35,2026-10-13 14:40:24,2026-10-13 14:45:24,91.81,89
2026-10-13 13:09:23,2026-10-13 14:40:34,2026-10-13 14:42:45,91.19,90
2026-10-13 13:11:09,2026-10-13 14:42:45,2026-10-13 14:44:29,91.6,90
2026-10-13 13:11:37,2026-10-13 14:42:57,2026-10-13 14:45:47,91.33,90
2026-10-13 13:11:46,2026-10-13 14:44:29,2026-10-13 14:45:20,92.72,90
2026-10-13 13:12:30,2026-10-13 14:45:20,2026-10-13 14:46:42,92.83,90
2026-10-13 13:12:57,2026-10-13 14:45:24,2026-10-13 14:48:12,92.45,91
2026-10-13 13:13:24,2026-10-13 14:45:47,2026-10-13 14:53:00,92.38,91
2026-10-13 13:13:58,2026-10-13 14:46:42,2026-10-13 14:48:11,92.74,90
2026-10-13 13:19:11,2026-10-13 14:48:11,2026-10-13 14:49:09,89.0,89
2026-10-13 13:19:38,2026-10-13 14:48:12,2026-10-13 14:55:03,88.57,89
2026-10-13 13:20:01,2026-10-13 14:49:09,2026-10-13 14:57:31,89.13,90
2026-10-13 13:20:31,2026-10-13 14:53:00,2026-10-13 14:55:19,92.48,90
2026-10-13 13:20:34,2026-10-13 14:55:03,2026-10-13 14:58:06,94.48,91
2026-10-13 13:21:09,2026-10-13 14:55:19,2026-10-13 15:02:13,94.18,92
2026-10-13 13:22:27,2026-10-13 14:57:31,2026-10-13 14:58:09,95.06,92
2026-10-13 13:22:36,2026-10-13 14:58:06,2026-10-13 14:58:20,95.5,93
2026-10-13 13:22:43,2026-10-13 14:58:09,2026-10-13 14:58:12,95.44,94
2026-10-13 13:23:37,2026-10-13 14:58:12,2026-10-13 15:02:21,94.58,95
2026-10-13 13:25:25,2026-10-13 14:58:20,2026-10-13 15:01:44,92.92,95
2026-10-13 13:28:23,2026-10-13 15:01:44,2026-10-13 15:08:54,93.34,90
2026-10-13 13:29:45,2026-10-13 15:02:13,2026-10-13 15:06:02,92.47,90
2026-10-13 13:30:14,2026-10-13 15:02:21,2026-10-13 15:03:27,92.12,91
2026-10-13 13:30:16,2026-10-13 15:03:27,2026-10-13 15:04:20,93.18,92
2026-10-13 13:30:19,2026-10-13 15:04:20,2026-10-13 15:05:05,94.02,93
2026-10-13 13:30:49,2026-10-13 15:05:05,2026-10-13 15:06:43,94.26,93
2026-10-13 13:31:14,2026-10-13 15:06:02,2026-10-13 15:08:38,94.8,94
2026-10-13 13:31:39,2026-10-13 15:06:43,2026-10-13 15:08:55,95.06,94
2026-10-13 13:32:13,2026-10-13 15:08:38,2026-10-13 15:10:29,96.41,93
2026-10-13 13:32:34,2026-10-13 15:08:54,2026-10-13 15:09:42,96.33,93
2026-10-13 13:32:40,2026-10-13 15:08:55,2026-10-13 15:09:04,96.25,94
2026-10-13 13:35:10,2026-10-13 15:09:04,2026-10-13 15:13:12,93.91,92
2026-10-13 13:35:13,2026-10-13 15:09:42,2026-10-13 15:10:03,94.49,93
2026-10-13 13:35:31,2026-10-13 15:10:03,2026-10-13 15:12:46,94.53,94
2026-10-13 13:35:36,2026-10-13 15:10:29,2026-10-13 15:12:11,94.89,95
2026-10-13 13:36:01,2026-10-13 15:12:11,2026-10-13 15:17:09,96.16,95
2026-10-13 13:36:06,2026-10-13 15:12:46,2026-10-13 15:13:03,96.68,96
2026-10-13 13:36:22,2026-10-13 15:13:03,2026-10-13 15:15:01,96.68,97
2026-10-13 13:36:32,2026-10-13 15:13:12,2026-10-13 15:13:23,96.66,98
2026-10-13 13:37:55,2026-10-13 15:13:23,2026-10-13 15:15:03,95.46,97
2026-10-13 13:38:32,2026-10-13 15:15:01,2026-10-13 15:15:09,96.48,98
2026-10-13 13:39:45,2026-10-13 15:15:03,2026-10-13 15:18:11,95.31,97
2026-10-13 13:39:56,2026-10-13 15:15:09,2026-10-13 15:17:47,95.22,98
2026-10-13 13:40:46,2026-10-13 15:17:09,2026-10-13 15:17:12,96.38,97
2026-10-13 13:41:01,2026-10-13 15:17:12,2026-10-13 15:17:15,96.18,98
2026-10-13 13:43:07,2026-10-13 15:17:15,2026-10-13 15:17:36,94.13,98
2026-10-13 13:44:38,2026-10-13 15:17:36,2026-10-13 15:23:20,92.97,97
2026-10-13 13:45:57,2026-10-13 15:17:47,2026-10-13 15:19:18,91.83,98
2026-10-13 13:46:26,2026-10-13 15:18:11,2026-10-13 15:22:35,91.75,99
2026-10-13 13:47:55,2026-10-13 15:19:18,2026-10-13 15:21:09,91.4,98
2026-10-13 13:47:55,2026-10-13 15:21:09,2026-10-13 15:27:11,93.23,99
2026-10-13 13:48:08,2026-10-13 15:22:35,2026-10-13 15:23:33,94.45,100
2026-10-13 13:48:13,2026-10-13 15:23:20,2026-10-13 15:24:21,95.12,101
2026-10-13 13:48:18,2026-10-13 15:23:33,2026-10-13 15:25:45,95.24,102
2026-10-13 13:48:34,2026-10-13 15:24:21,2026-10-13 15:25:54,95.78,103
2026-10-13 13:48:46,2026-10-13 15:25:45,2026-10-13 15:27:15,96.98,104
2026-10-13 13:48:50,2026-10-13 15:25:54,2026-10-13 15:28:06,97.06,105
2026-10-13 13:48:57,2026-10-13 15:27:11,2026-10-13 15:27:22,98.23,106
2026-10-13 13:51:53,2026-10-13 15:27:15,2026-10-13 15:29:58,95.36,106
2026-10-13 13:52:20,2026-10-13 15:27:22,2026-10-13 15:27:52,95.03,107
2026-10-13 13:52:22,2026-10-13 15:27:52,2026-10-13 15:28:56,95.5,108
2026-10-13 13:52:57,2026-10-13 15:28:06,2026-10-13 15:28:24,95.15,109
2026-10-13 13:53:24,2026-10-13 15:28:24,2026-10-13 15:30:21,95.0,110
2026-10-13 13:54:27,2026-10-13 15:28:56,2026-10-13 15:30:34,94.49,111
2026-10-13 13:54:34,2026-10-13 15:29:58,2026-10-13 15:31:03,95.39,112
2026-10-13 13:55:09,2026-10-13 15:30:21,2026-10-13 15:32:34,95.21,113
2026-10-13 13:55:54,2026-10-13 15:30:34,2026-10-13 15:30:36,94.67,113
2026-10-13 13:56:02,2026-10-13 15:30:36,2026-10-13 15:34:29,94.57,114
2026-10-13 13:56:31,2026-10-13 15:31:03,2026-10-13 15:31:19,94.52,115
2026-10-13 14:01:09,2026-10-13 15:31:19,2026-10-13 15:36:25,90.17,112
2026-10-13 14:02:03,2026-10-13 15:32:34,2026-10-13 15:34:13,90.51,113
2026-10-13 14:02:32,2026-10-13 15:34:13,2026-10-13 15:36:01,91.68,114
2026-10-13 14:02:59,2026-10-13 15:34:29,2026-10-13 15:37:27,91.5,115
2026-10-13 14:03:05,2026-10-13 15:36:01,2026-10-13 15:36:19,92.94,116
2026-10-13 14:03:38,2026-10-13 15:36:19,2026-10-13 15:36:32,92.69,116
2026-10-13 14:03:56,2026-10-13 15:36:25,2026-10-13 15:36:33,92.47,117
2026-10-13 14:05:00,2026-10-13 15:36:32,2026-10-13 15:38:11,91.54,117
2026-10-13 14:05:09,2026-10-13 15:36:33,2026-10-13 15:37:06,91.39,118
2026-10-13 14:06:20,2026-10-13 15:37:06,2026-10-13 15:37:41,90.76,119
2026-10-13 14:06:56,2026-10-13 15:37:27,2026-10-13 15:41:02,90.51,120
2026-10-13 14:07:21,2026-10-13 15:37:41,2026-10-13 15:38:16,90.34,120
2026-10-13 14:08:00,2026-10-13 15:38:11,2026-10-13 15:38:33,90.19,121
2026-10-13 14:09:12,2026-10-13 15:38:16,2026-10-13 15:40:37,89.06,121
2026-10-13 14:09:33,2026-10-13 15:38:33,2026-10-13 15:39:42,89.0,122
2026-10-13 14:09:45,2026-10-13 15:39:42,2026-10-13 15:40:09,89.96,123
2026-10-13 14:10:13,2026-10-13 15:40:09,2026-10-13 15:41:30,89.93,124
2026-10-13 14:10:22,2026-10-13 15:40:37,2026-10-13 15:47:50,90.26,125
2026-10-13 14:11:06,2026-10-13 15:41:02,2026-10-13 15:44:43,89.94,125
2026-10-13 14:11:50,2026-10-13 15:41:30,2026-10-13 15:46:17,89.66,122
2026-10-13 14:12:23,2026-10-13 15:44:43,2026-10-13 15:44:50,92.33,122
2026-10-13 14:12:37,2026-10-13 15:44:50,2026-10-13 15:45:07,92.23,123
2026-10-13 14:12:41,2026-10-13 15:45:07,2026-10-13 15:51:13,92.43,124
2026-10-13 14:13:06,2026-10-13 15:46:17,2026-10-13 15:48:24,93.19,125
2026-10-13 14:13:53,2026-10-13 15:47:50,2026-10-13 15:51:37,93.95,126
2026-10-13 14:14:52,2026-10-13 15:48:24,2026-10-13 15:51:57,93.53,126
2026-10-13 14:15:00,2026-10-13 15:51:13,2026-10-13 15:51:57,96.22,127
2026-10-13 14:15:35,2026-10-13 15:51:37,2026-10-13 15:54:20,96.03,128
2026-10-13 14:15:59,2026-10-13 15:51:57,2026-10-13 15:54:53,95.96,127
2026-10-13 14:16:43,2026-10-13 15:51:57,2026-10-13 15:54:12,95.23,128
2026-10-13 14:17:27,2026-10-13 15:54:12,2026-10-13 15:57:44,96.75,129
2026-10-13 14:18:53,2026-10-13 15:54:20,2026-10-13 15:54:57,95.45,129
2026-10-13 14:19:22,2026-10-13 15:54:53,2026-10-13 15:57:51,95.51,129
2026-10-13 14:19:45,2026-10-13 15:54:57,2026-10-13 15:55:15,95.19,130
2026-10-13 14:21:12,2026-10-13 15:55:15,2026-10-13 15:55:24,94.04,130
2026-10-13 14:21:34,2026-10-13 15:55:24,2026-10-13 15:56:29,93.83,128
2026-10-13 14:22:05,2026-10-13 15:56:29,2026-10-13 15:58:57,94.4,127
2026-10-13 14:23:58,2026-10-13 15:57:44,2026-10-13 15:58:36,93.77,128
2026-10-13 14:24:02,2026-10-13 15:57:51,2026-10-13 15:59:08,93.81,128
2026-10-13 14:24:26,2026-10-13 15:58:36,2026-10-13 16:00:55,94.16,129
2026-10-13 14:24:52,2026-10-13 15:58:57,2026-10-13 16:02:34,94.08,130
2026-10-13 14:25:01,2026-10-13 15:59:08,2026-10-13 16:11:12,94.12,131
2026-10-13 14:25:59,2026-10-13 16:00:55,2026-10-13 16:02:58,94.92,130
2026-10-13 14:26:02,2026-10-13 16:02:34,2026-10-13 16:03:26,96.53,131
2026-10-13 14:26:06,2026-10-13 16:02:58,2026-10-13 16:05:56,96.87,132
2026-10-13 14:26:38,2026-10-13 16:03:26,2026-10-13 16:06:51,96.79,133
2026-10-13 14:26:51,2026-10-13 16:05:56,2026-10-13 16:06:37,99.09,134
2026-10-13 14:27:49,2026-10-13 16:06:37,2026-10-13 16:08:07,98.8,134
2026-10-13 14:27:53,2026-10-13 16:06:51,2026-10-13 16:09:07,98.97,135
2026-10-13 14:28:03,2026-10-13 16:08:07,2026-10-13 16:10:33,100.06,136
2026-10-13 14:28:43,2026-10-13 16:09:07,2026-10-13 16:09:33,100.4,136
2026-10-13 14:28:57,2026-10-13 16:09:33,2026-10-13 16:10:20,100.59,137
2026-10-13 14:29:16,2026-10-13 16:10:20,2026-10-13 16:13:55,101.07,137
2026-10-13 14:29:36,2026-10-13 16:10:33,2026-10-13 16:18:20,100.94,137
2026-10-13 14:30:09,2026-10-13 16:11:12,2026-10-13 16:13:18,101.06,136
2026-10-13 14:31:10,2026-10-13 16:13:18,2026-10-13 16:14:45,102.13,135
2026-10-13 14:32:15,2026-10-13 16:13:55,2026-10-13 16:16:03,101.66,135
2026-10-13 14:32:34,2026-10-13 16:14:45,2026-10-13 16:16:47,102.19,136
2026-10-13 14:32:47,2026-10-13 16:16:03,2026-10-13 16:22:28,103.27,137
2026-10-13 14:33:14,2026-10-13 16:16:47,2026-10-13 16:20:11,103.54,138
2026-10-13 14:34:56,2026-10-13 16:18:20,2026-10-13 16:18:43,103.4,136
2026-10-13 14:36:03,2026-10-13 16:18:43,2026-10-13 16:19:42,102.68,134
2026-10-13 14:36:11,2026-10-13 16:19:42,2026-10-13 16:20:58,103.52,135
2026-10-13 14:36:45,2026-10-13 16:20:11,2026-10-13 16:20:22,103.45,135
2026-10-13 14:36:58,2026-10-13 16:20:22,2026-10-13 16:21:33,103.41,136
2026-10-13 14:37:33,2026-10-13 16:20:58,2026-10-13 16:22:35,103.43,136
2026-10-13 14:38:30,2026-10-13 16:21:33,2026-10-13 16:21:41,103.05,136
2026-10-13 14:38:36,2026-10-13 16:21:41,2026-10-13 16:25:50,103.08,137
2026-10-13 14:38:45,2026-10-13 16:22:28,2026-10-13 16:29:58,103.71,138
2026-10-13 14:39:36,2026-10-13 16:22:35,2026-10-13 16:24:06,102.99,139
2026-10-13 14:40:27,2026-10-13 16:24:06,2026-10-13 16:37:35,103.67,138
2026-10-13 14:40:34,2026-10-13 16:25:50,2026-10-13 16:30:29,105.28,139
2026-10-13 14:40:46,2026-10-13 16:29:58,2026-10-13 16:30:42,109.19,139
2026-10-13 14:41:02,2026-10-13 16:30:29,2026-10-13 16:30:44,109.45,140
2026-10-13 14:41:06,2026-10-13 16:30:42,2026-10-13 16:35:49,109.59,141
2026-10-13 14:42:15,2026-10-13 16:30:44,2026-10-13 16:32:42,108.5,142
2026-10-13 14:42:41,2026-10-13 16:32:42,2026-10-13 16:39:14,110.01,143
2026-10-13 14:43:16,2026-10-13 16:35:49,2026-10-13 16:45:40,112.56,142
2026-10-13 14:45:22,2026-10-13 16:37:35,2026-10-13 16:45:56,112.21,141
2026-10-13 14:45:45,2026-10-13 16:39:14,2026-10-13 16:40:12,113.48,141
2026-10-13 14:46:00,2026-10-13 16:40:12,2026-10-13 16:45:46,114.19,141
2026-10-13 14:47:50,2026-10-13 16:45:40,2026-10-13 16:46:18,117.83,141
2026-10-13 14:48:58,2026-10-13 16:45:46,2026-10-13 16:47:46,116.8,140
2026-10-13 14:49:08,2026-10-13 16:45:56,2026-10-13 16:49:18,116.8,141
2026-10-13 14:49:27,2026-10-13 16:46:18,2026-10-13 16:47:37,116.85,141
2026-10-13 14:49:47,2026-10-13 16:47:37,2026-10-13 16:50:13,117.83,142
2026-10-13 14:49:50,2026-10-13 16:47:46,2026-10-13 16:48:28,117.94,143
2026-10-13 14:50:22,2026-10-13 16:48:28,2026-10-13 16:48:44,118.09,144
2026-10-13 14:53:55,2026-10-13 16:48:44,2026-10-13 16:58:09,114.82,144
2026-10-13 14:54:02,2026-10-13 16:49:18,2026-10-13 16:52:08,115.28,145
2026-10-13 14:54:09,2026-10-13 16:50:13,2026-10-13 16:52:05,116.07,146
2026-10-13 14:54:44,2026-10-13 16:52:05,2026-10-13 16:58:41,117.35,147
2026-10-13 14:54:56,2026-10-13 16:52:08,2026-10-13 16:54:35,117.21,148
2026-10-13 14:55:20,2026-10-13 16:54:35,2026-10-13 16:55:44,119.26,147
2026-10-13 14:55:34,2026-10-13 16:55:44,2026-10-13 16:57:04,120.16,148
2026-10-13 14:56:51,2026-10-13 16:57:04,2026-10-13 16:59:14,120.22,149
2026-10-13 14:56:59,2026-10-13 16:58:09,2026-10-13 17:01:18,121.16,150
2026-10-13 14:58:03,2026-10-13 16:58:41,2026-10-13 16:59:23,120.62,150
2026-10-13 14:58:43,2026-10-13 16:59:14,2026-10-13 17:02:14,120.51,147
2026-10-13 15:00:51,2026-10-13 16:59:23,2026-10-13 16:59:39,118.53,148
2026-10-13 15:00:52,2026-10-13 16:59:39,2026-10-13 16:59:55,118.78,149
2026-10-13 15:01:04,2026-10-13 16:59:55,2026-10-13 17:03:07,118.84,150
2026-10-13 15:01:28,2026-10-13 17:01:18,2026-10-13 17:03:24,119.84,151
2026-10-13 15:02:30,2026-10-13 17:02:14,2026-10-13 17:06:12,119.72,149
2026-10-13 15:02:54,2026-10-13 17:03:07,2026-10-13 17:06:29,120.22,150
2026-10-13 15:04:45,2026-10-13 17:03:24,2026-10-13 17:08:06,118.64,149
2026-10-13 15:05:28,2026-10-13 17:06:12,2026-10-13 17:09:49,120.74,149
2026-10-13 15:06:42,2026-10-13 17:06:29,2026-10-13 17:09:14,119.79,149
2026-10-13 15:07:03,2026-10-13 17:08:06,2026-10-13 17:12:07,121.06,149
2026-10-13 15:07:50,2026-10-13 17:09:14,2026-10-13 17:11:59,121.4,150
2026-10-13 15:08:04,2026-10-13 17:09:49,2026-10-13 17:15:37,121.75,151
2026-10-13 15:08:16,2026-10-13 17:11:59,2026-10-13 17:12:24,123.71,152
2026-10-13 15:08:33,2026-10-13 17:12:07,2026-10-13 17:14:18,123.58,153
2026-10-13 15:10:28,2026-10-13 17:12:24,2026-10-13 17:12:28,121.94,148
2026-10-13 15:13:19,2026-10-13 17:12:28,2026-10-13 17:13:05,119.15,144
2026-10-13 15:13:29,2026-10-13 17:13:05,2026-10-13 17:16:12,119.6,144
2026-10-13 15:14:41,2026-10-13 17:14:18,2026-10-13 17:15:59,119.61,145
2026-10-13 15:15:29,2026-10-13 17:15:37,2026-10-13 17:16:11,120.13,143
2026-10-13 15:16:06,2026-10-13 17:15:59,2026-10-13 17:16:46,119.89,144
2026-10-13 15:17:58,2026-10-13 17:16:11,2026-10-13 17:17:04,118.22,140
2026-10-13 15:18:51,2026-10-13 17:16:12,2026-10-13 17:17:36,117.35,140
2026-10-13 15:19:29,2026-10-13 17:16:46,2026-10-13 17:18:47,117.28,140
2026-10-13 15:20:23,2026-10-13 17:17:04,2026-10-13 17:17:52,116.68,141
2026-10-13 15:20:31,2026-10-13 17:17:36,2026-10-13 17:22:50,117.08,142
2026-10-13 15:21:08,2026-10-13 17:17:52,2026-10-13 17:18:34,116.74,143
2026-10-13 15:21:18,2026-10-13 17:18:34,2026-10-13 17:22:57,117.26,143
2026-10-13 15:21:19,2026-10-13 17:18:47,2026-10-13 17:20:18,117.47,144
2026-10-13 15:23:49,2026-10-13 17:20:18,2026-10-13 17:21:25,116.49,142
2026-10-13 15:25:04,2026-10-13 17:21:25,2026-10-13 17:25:19,116.35,142
2026-10-13 15:25:29,2026-10-13 17:22:50,2026-10-13 17:28:18,117.34,143
2026-10-13 15:25:30,2026-10-13 17:22:57,2026-10-13 17:23:53,117.46,144
2026-10-13 15:25:38,2026-10-13 17:23:53,2026-10-13 17:25:35,118.25,145
2026-10-13 15:26:07,2026-10-13 17:25:19,2026-10-13 17:31:43,119.19,144
2026-10-13 15:26:09,2026-10-13 17:25:35,2026-10-13 17:26:52,119.44,145
2026-10-13 15:27:03,2026-10-13 17:26:52,2026-10-13 17:32:40,119.83,146
2026-10-13 15:28:00,2026-10-13 17:28:18,2026-10-13 17:34:37,120.28,143
2026-10-13 15:28:07,2026-10-13 17:31:43,2026-10-13 17:32:06,123.6,143
2026-10-13 15:28:42,2026-10-13 17:32:06,2026-10-13 17:35:51,123.4,143
2026-10-13 15:28:56,2026-10-13 17:32:40,2026-10-13 17:41:42,123.73,144
2026-10-13 15:29:04,2026-10-13 17:34:37,2026-10-13 17:43:26,125.55,144
2026-10-13 15:30:52,2026-10-13 17:35:51,2026-10-13 17:38:48,124.98,141
2026-10-13 15:31:39,2026-10-13 17:38:48,2026-10-13 17:40:15,127.16,140
2026-10-13 15:32:25,2026-10-13 17:40:15,2026-10-13 17:44:30,127.84,141
2026-10-13 15:32:29,2026-10-13 17:41:42,2026-10-13 17:43:00,129.2,142
2026-10-13 15:32:41,2026-10-13 17:43:00,2026-10-13 17:44:03,130.31,142
2026-10-13 15:33:11,2026-10-13 17:43:26,2026-10-13 17:43:29,130.26,143
2026-10-13 15:35:05,2026-10-13 17:43:29,2026-10-13 17:45:31,128.41,142
2026-10-13 15:35:43,2026-10-13 17:44:03,2026-10-13 17:48:30,128.33,143
2026-10-13 15:37:02,2026-10-13 17:44:30,2026-10-13 17:44:45,127.45,139
2026-10-13 15:38:02,2026-10-13 17:44:45,2026-10-13 17:45:23,126.73,137
2026-10-13 15:38:16,2026-10-13 17:45:23,2026-10-13 17:50:20,127.12,137
2026-10-13 15:38:30,2026-10-13 17:45:31,2026-10-13 17:45:42,127.02,137
2026-10-13 15:39:39,2026-10-13 17:45:42,2026-10-13 17:45:43,126.05,137
2026-10-13 15:39:56,2026-10-13 17:45:43,2026-10-13 17:50:20,125.78,137
2026-10-13 15:41:26,2026-10-13 17:48:30,2026-10-13 17:51:33,127.07,135
2026-10-13 15:43:20,2026-10-13 17:50:20,2026-10-13 17:50:26,127.01,135
2026-10-13 15:43:47,2026-10-13 17:50:20,2026-10-13 17:53:06,126.55,136
2026-10-13 15:43:49,2026-10-13 17:50:26,2026-10-13 17:51:13,126.61,137
2026-10-13 15:44:31,2026-10-13 17:51:13,2026-10-13 17:51:20,126.7,138
2026-10-13 15:44:33,2026-10-13 17:51:20,2026-10-13 17:53:10,126.78,139
2026-10-13 15:45:34,2026-10-13 17:51:33,2026-10-13 17:53:01,125.98,137
2026-10-13 15:45:45,2026-10-13 17:53:01,2026-10-13 17:57:02,127.27,138
2026-10-13 15:46:25,2026-10-13 17:53:06,2026-10-13 17:54:37,126.68,138
2026-10-13 15:47:38,2026-10-13 17:53:10,2026-10-13 18:05:31,125.53,139
2026-10-13 15:49:26,2026-10-13 17:54:37,2026-10-13 17:58:47,125.18,138
2026-10-13 15:49:27,2026-10-13 17:57:02,2026-10-13 18:07:22,127.58,139
2026-10-13 15:49:31,2026-10-13 17:58:47,2026-10-13 18:02:40,129.27,140
2026-10-13 15:49:58,2026-10-13 18:02:40,2026-10-13 18:12:45,132.7,141
2026-10-13 15:51:21,2026-10-13 18:05:31,2026-10-13 18:06:27,134.16,141
2026-10-13 15:52:08,2026-10-13 18:06:27,2026-10-13 18:06:37,134.32,139
2026-10-13 15:53:14,2026-10-13 18:06:37,2026-10-13 18:07:52,133.38,140
2026-10-13 15:53:19,2026-10-13 18:07:22,2026-10-13 18:08:13,134.06,141
2026-10-13 15:53:20,2026-10-13 18:07:52,2026-10-13 18:09:51,134.54,142
2026-10-13 15:53:29,2026-10-13 18:08:13,2026-10-13 18:08:21,134.74,143
2026-10-13 15:53:32,2026-10-13 18:08:21,2026-10-13 18:13:49,134.82,144
2026-10-13 15:54:11,2026-10-13 18:09:51,2026-10-13 18:15:41,135.66,145
2026-10-13 15:54:29,2026-10-13 18:12:45,2026-10-13 18:14:17,138.27,144
2026-10-13 15:56:05,2026-10-13 18:13:49,2026-10-13 18:17:21,137.74,141
2026-10-13 15:57:04,2026-10-13 18:14:17,2026-10-13 18:17:10,137.22,141
2026-10-13 15:57:19,2026-10-13 18:15:41,2026-10-13 18:20:59,138.38,142
2026-10-13 15:58:37,2026-10-13 18:17:10,2026-10-13 18:21:28,138.56,140
2026-10-13 15:58:47,2026-10-13 18:17:21,2026-10-13 18:17:30,138.57,141
2026-10-13 15:59:23,2026-10-13 18:17:30,2026-10-13 18:21:23,138.13,140
2026-10-13 16:00:14,2026-10-13 18:20:59,2026-10-13 18:21:19,140.74,141
2026-10-13 16:01:38,2026-10-13 18:21:19,2026-10-13 18:21:41,139.69,141
2026-10-13 16:01:58,2026-10-13 18:21:23,2026-10-13 18:24:12,139.42,142
2026-10-13 16:02:14,2026-10-13 18:21:28,2026-10-13 18:22:25,139.24,143
2026-10-13 16:02:37,2026-10-13 18:21:41,2026-10-13 18:26:06,139.06,143
2026-10-13 16:03:17,2026-10-13 18:22:25,2026-10-13 18:29:52,139.13,143
2026-10-13 16:03:50,2026-10-13 18:24:12,2026-10-13 18:26:41,140.36,143
2026-10-13 16:05:15,2026-10-13 18:26:06,2026-10-13 18:26:13,140.85,144
2026-10-13 16:05:38,2026-10-13 18:26:13,2026-10-13 18:27:52,140.59,145
2026-10-13 16:07:11,2026-10-13 18:26:41,2026-10-13 18:31:26,139.5,143
2026-10-13 16:07:21,2026-10-13 18:27:52,2026-10-13 18:28:55,140.51,144
2026-10-13 16:07:25,2026-10-13 18:28:55,2026-10-13 18:29:17,141.5,145
2026-10-13 16:07:39,2026-10-13 18:29:17,2026-10-13 18:30:09,141.64,146
2026-10-13 16:08:13,2026-10-13 18:29:52,2026-10-13 18:31:43,141.64,146
2026-10-13 16:08:31,2026-10-13 18:30:09,2026-10-13 18:32:57,141.63,147
2026-10-13 16:08:52,2026-10-13 18:31:26,2026-10-13 18:32:06,142.57,148
2026-10-13 16:10:18,2026-10-13 18:31:43,2026-10-13 18:33:24,141.41,147
2026-10-13 16:10:21,2026-10-13 18:32:06,2026-10-13 18:34:23,141.75,147
2026-10-13 16:10:54,2026-10-13 18:32:57,2026-10-13 18:33:53,142.06,147
2026-10-13 16:11:16,2026-10-13 18:33:24,2026-10-13 18:37:11,142.14,147
2026-10-13 16:11:44,2026-10-13 18:33:53,2026-10-13 18:36:09,142.15,148
2026-10-13 16:11:59,2026-10-13 18:34:23,2026-10-13 18:35:12,142.39,149
2026-10-13 16:14:06,2026-10-13 18:35:12,2026-10-13 18:36:28,141.1,148
2026-10-13 16:15:52,2026-10-13 18:36:09,2026-10-13 18:40:55,140.28,148
2026-10-13 16:16:23,2026-10-13 18:36:28,2026-10-13 18:43:15,140.07,148
2026-10-13 16:16:29,2026-10-13 18:37:11,2026-10-13 18:37:21,140.69,149
2026-10-13 16:17:12,2026-10-13 18:37:21,2026-10-13 18:37:22,140.16,149
2026-10-13 16:17:30,2026-10-13 18:37:22,2026-10-13 18:38:58,139.86,150
2026-10-13 16:17:41,2026-10-13 18:38:58,2026-10-13 18:40:28,141.28,151
2026-10-13 16:18:39,2026-10-13 18:40:28,2026-10-13 18:40:49,141.81,151
2026-10-13 16:18:45,2026-10-13 18:40:49,2026-10-13 18:43:54,142.06,151
2026-10-13 16:19:15,2026-10-13 18:40:55,2026-10-13 18:41:37,141.66,152
2026-10-13 16:19:24,2026-10-13 18:41:37,2026-10-13 18:42:01,142.23,153
2026-10-13 16:19:31,2026-10-13 18:42:01,2026-10-13 18:49:24,142.49,154
2026-10-13 16:19:53,2026-10-13 18:43:15,2026-10-13 18:43:19,143.36,154
2026-10-13 16:20:37,2026-10-13 18:43:19,2026-10-13 18:45:21,142.71,153
2026-10-13 16:21:17,2026-10-13 18:43:54,2026-10-13 18:53:55,142.61,153
2026-10-13 16:21:37,2026-10-13 18:45:21,2026-10-13 18:45:29,143.72,153
2026-10-13 16:24:25,2026-10-13 18:45:29,2026-10-13 18:45:37,141.06,150
2026-10-13 16:24:32,2026-10-13 18:45:37,2026-10-13 18:45:39,141.08,151
2026-10-13 16:25:40,2026-10-13 18:45:39,2026-10-13 18:47:39,139.97,152
2026-10-13 16:26:11,2026-10-13 18:47:39,2026-10-13 18:49:21,141.48,152
2026-10-13 16:26:52,2026-10-13 18:49:21,2026-10-13 18:50:13,142.48,153
2026-10-13 16:27:02,2026-10-13 18:49:24,2026-10-13 18:50:58,142.37,154
2026-10-13 16:28:33,2026-10-13 18:50:13,2026-10-13 18:51:35,141.67,155
2026-10-13 16:28:52,2026-10-13 18:50:58,2026-10-13 18:52:13,142.11,156
2026-10-13 16:29:43,2026-10-13 18:51:35,2026-10-13 18:51:36,141.86,157
2026-10-13 16:30:03,2026-10-13 18:51:36,2026-10-13 18:53:24,141.55,157
2026-10-13 16:30:20,2026-10-13 18:52:13,2026-10-13 18:55:26,141.89,158
2026-10-13 16:30:26,2026-10-13 18:53:24,2026-10-13 18:55:57,142.96,159
2026-10-13 16:30:57,2026-10-13 18:53:55,2026-10-13 19:01:44,142.96,157
2026-10-13 16:32:20,2026-10-13 18:55:26,2026-10-13 18:55:38,143.11,158
2026-10-13 16:33:15,2026-10-13 18:55:38,2026-10-13 18:57:07,142.39,158
2026-10-13 16:34:48,2026-10-13 18:55:57,2026-10-13 19:01:19,141.14,159
2026-10-13 16:36:24,2026-10-13 18:57:07,2026-10-13 19:03:02,140.72,159
2026-10-13 16:37:44,2026-10-13 19:01:19,2026-10-13 19:02:58,143.58,159
2026-10-13 16:38:33,2026-10-13 19:01:44,2026-10-13 19:01:45,143.19,160
2026-10-13 16:38:52,2026-10-13 19:01:45,2026-10-13 19:04:03,142.88,161
2026-10-13 16:39:09,2026-10-13 19:02:58,2026-10-13 19:03:19,143.81,162
2026-10-13 16:39:21,2026-10-13 19:03:02,2026-10-13 19:04:37,143.68,162
2026-10-13 16:39:25,2026-10-13 19:03:19,2026-10-13 19:03:31,143.9,163
2026-10-13 16:41:25,2026-10-13 19:03:31,2026-10-13 19:03:53,142.11,163
2026-10-13 16:41:47,2026-10-13 19:03:53,2026-10-13 19:05:25,142.1,164
2026-10-13 16:42:16,2026-10-13 19:04:03,2026-10-13 19:13:09,141.79,165
2026-10-13 16:42:39,2026-10-13 19:04:37,2026-10-13 19:09:30,141.96,166
2026-10-13 16:42:49,2026-10-13 19:05:25,2026-10-13 19:05:32,142.6,167
2026-10-13 16:44:31,2026-10-13 19:05:32,2026-10-13 19:06:12,141.02,168
2026-10-13 16:44:34,2026-10-13 19:06:12,2026-10-13 19:06:41,141.64,169
2026-10-13 16:46:16,2026-10-13 19:06:41,2026-10-13 19:07:08,140.42,167
2026-10-13 16:46:20,2026-10-13 19:07:08,2026-10-13 19:09:01,140.81,167
2026-10-13 16:47:43,2026-10-13 19:09:01,2026-10-13 19:10:19,141.28,167
2026-10-13 16:47:44,2026-10-13 19:09:30,2026-10-13 19:14:09,141.77,168
2026-10-13 16:48:08,2026-10-13 19:10:19,2026-10-13 19:13:24,142.18,168
2026-10-13 16:48:27,2026-10-13 19:13:09,2026-10-13 19:15:17,144.69,169
2026-10-13 16:48:58,2026-10-13 19:13:24,2026-10-13 19:23:18,144.44,168
2026-10-13 16:50:37,2026-10-13 19:14:09,2026-10-13 19:17:31,143.53,167
2026-10-13 16:51:00,2026-10-13 19:15:17,2026-10-13 19:20:31,144.27,168
2026-10-13 16:51:31,2026-10-13 19:17:31,2026-10-13 19:19:50,146.0,169
2026-10-13 16:51:37,2026-10-13 19:19:50,2026-10-13 19:20:05,148.22,170
2026-10-13 16:51:59,2026-10-13 19:20:05,2026-10-13 19:20:24,148.11,171
2026-10-13 16:52:34,2026-10-13 19:20:24,2026-10-13 19:20:33,147.84,170
2026-10-13 16:53:58,2026-10-13 19:20:31,2026-10-13 19:24:02,146.55,171
2026-10-13 16:55:17,2026-10-13 19:20:33,2026-10-13 19:21:40,145.27,171
2026-10-13 16:55:33,2026-10-13 19:21:40,2026-10-13 19:22:11,146.11,172
2026-10-13 16:56:20,2026-10-13 19:22:11,2026-10-13 19:22:38,145.86,172
2026-10-13 16:57:59,2026-10-13 19:22:38,2026-10-13 19:25:05,144.65,172
2026-10-13 16:58:01,2026-10-13 19:23:18,2026-10-13 19:25:13,145.29,173
2026-10-13 16:58:09,2026-10-13 19:24:02,2026-10-13 19:31:41,145.87,173
2026-10-13 16:58:45,2026-10-13 19:25:05,2026-10-13 19:35:17,146.34,173
2026-10-13 16:59:50,2026-10-13 19:25:13,2026-10-13 19:25:43,145.39,171
2026-10-14 09:00:33,2026-10-14 09:00:33,2026-10-14 09:01:04,0.0,0
2026-10-14 09:00:42,2026-10-14 09:00:42,2026-10-14 09:05:00,0.0,0
2026-10-14 09:01:01,2026-10-14 09:01:01,2026-10-14 09:04:50,0.0,0
2026-10-14 09:02:16,2026-10-14 09:02:16,2026-10-14 09:02:23,0.0,0
2026-10-14 09:03:47,2026-10-14 09:03:47,2026-10-14 09:08:43,0.0,0
2026-10-14 09:05:07,2026-10-14 09:05:07,2026-10-14 09:07:08,0.0,0
2026-10-14 09:05:54,2026-10-14 09:05:54,2026-10-14 09:08:58,0.0,0
2026-10-14 09:06:34,2026-10-14 09:07:08,2026-10-14 09:12:50,0.58,0
2026-10-14 09:07:31,2026-10-14 09:08:43,2026-10-14 09:09:07,1.19,0
2026-10-14 09:07:34,2026-10-14 09:08:58,2026-10-14 09:09:00,1.4,1
2026-10-14 09:08:10,2026-10-14 09:09:00,2026-10-14 09:10:23,0.83,2
2026-10-14 09:09:37,2026-10-14 09:09:37,2026-10-14 09:09:51,0.0,0
2026-10-14 09:09:45,2026-10-14 09:09:51,2026-10-14 09:13:11,0.1,0
2026-10-14 09:10:44,2026-10-14 09:10:44,2026-10-14 09:11:19,0.0,0
2026-10-14 09:10:50,2026-10-14 09:11:19,2026-10-14 09:15:36,0.49,0
2026-10-14 09:11:55,2026-10-14 09:12:50,2026-10-14 09:18:12,0.92,0
2026-10-14 09:12:52,2026-10-14 09:13:11,2026-10-14 09:14:31,0.32,0
2026-10-14 09:13:56,2026-10-14 09:14:31,2026-10-14 09:15:03,0.57,0
2026-10-14 09:16:15,2026-10-14 09:16:15,2026-10-14 09:25:46,0.0,0
2026-10-14 09:16:25,2026-10-14 09:16:25,2026-10-14 09:20:42,0.0,0
2026-10-14 09:16:56,2026-10-14 09:18:12,2026-10-14 09:21:00,1.27,0
2026-10-14 09:18:38,2026-10-14 09:20:42,2026-10-14 09:20:46,2.07,0
2026-10-14 09:19:16,2026-10-14 09:20:46,2026-10-14 09:22:23,1.49,1
2026-10-14 09:19:35,2026-10-14 09:21:00,2026-10-14 09:21:48,1.42,2
2026-10-14 09:21:35,2026-10-14 09:21:48,2026-10-14 09:23:24,0.21,0
2026-10-14 09:21:54,2026-10-14 09:22:23,2026-10-14 09:25:38,0.49,0
2026-10-14 09:22:53,2026-10-14 09:23:24,2026-10-14 09:23:52,0.51,0
2026-10-14 09:23:17,2026-10-14 09:23:52,2026-10-14 09:25:14,0.57,1
2026-10-14 09:24:02,2026-10-14 09:25:14,2026-10-14 09:45:59,1.2,0
2026-10-14 09:24:04,2026-10-14 09:25:38,2026-10-14 09:31:02,1.57,1
2026-10-14 09:25:28,2026-10-14 09:25:46,2026-10-14 09:28:34,0.31,1
2026-10-14 09:26:37,2026-10-14 09:28:34,2026-10-14 09:30:58,1.95,0
2026-10-14 09:27:41,2026-10-14 09:30:58,2026-10-14 09:31:20,3.29,1
2026-10-14 09:27:48,2026-10-14 09:31:02,2026-10-14 09:31:40,3.24,2
2026-10-14 09:28:58,2026-10-14 09:31:20,2026-10-14 09:34:55,2.37,2
2026-10-14 09:29:29,2026-10-14 09:31:40,2026-10-14 09:35:07,2.19,3
2026-10-14 09:30:57,2026-10-14 09:34:55,2026-10-14 09:37:00,3.96,4
2026-10-14 09:33:23,2026-10-14 09:35:07,2026-10-14 09:38:49,1.73,1
2026-10-14 09:36:48,2026-10-14 09:37:00,2026-10-14 09:39:13,0.19,0
2026-10-14 09:36:59,2026-10-14 09:38:49,2026-10-14 09:40:37,1.83,1
2026-10-14 09:38:07,2026-10-14 09:39:13,2026-10-14 09:40:39,1.1,1
2026-10-14 09:38:40,2026-10-14 09:40:37,2026-10-14 09:44:28,1.95,2
2026-10-14 09:40:21,2026-10-14 09:40:39,2026-10-14 09:41:03,0.3,1
2026-10-14 09:41:33,2026-10-14 09:41:33,2026-10-14 09:43:06,0.0,0
2026-10-14 09:41:34,2026-10-14 09:43:06,2026-10-14 09:43:22,1.52,0
2026-10-14 09:42:25,2026-10-14 09:43:22,2026-10-14 09:44:27,0.95,1
2026-10-14 09:44:16,2026-10-14 09:44:27,2026-10-14 09:45:30,0.19,0
2026-10-14 09:45:10,2026-10-14 09:45:10,2026-10-14 09:47:52,0.0,0
2026-10-14 09:46:01,2026-10-14 09:46:01,2026-10-14 09:48:45,0.0,0
2026-10-14 09:47:02,2026-10-14 09:47:02,2026-10-14 09:47:13,0.0,0
2026-10-14 09:48:29,2026-10-14 09:48:29,2026-10-14 09:57:11,0.0,0
2026-10-14 09:49:04,2026-10-14 09:49:04,2026-10-14 09:54:30,0.0,0
2026-10-14 09:50:51,2026-10-14 09:50:51,2026-10-14 09:52:30,0.0,0
2026-10-14 09:51:13,2026-10-14 09:52:30,2026-10-14 09:56:12,1.28,0
2026-10-14 09:51:33,2026-10-14 09:54:30,2026-10-14 10:01:06,2.94,1
2026-10-14 09:52:01,2026-10-14 09:56:12,2026-10-14 09:57:24,4.18,2
2026-10-14 09:52:34,2026-10-14 09:57:11,2026-10-14 10:02:03,4.61,2
2026-10-14 09:52:50,2026-10-14 09:57:24,2026-10-14 09:58:24,4.57,3
2026-10-14 09:53:03,2026-10-14 09:58:24,2026-10-14 09:58:36,5.34,4
2026-10-14 09:53:23,2026-10-14 09:58:36,2026-10-14 09:59:26,5.21,5
2026-10-14 09:53:26,2026-10-14 09:59:26,2026-10-14 10:04:58,6.0,6
2026-10-14 09:55:44,2026-10-14 10:01:06,2026-10-14 10:08:50,5.35,6
2026-10-14 09:59:55,2026-10-14 10:02:03,2026-10-14 10:04:54,2.14,1
2026-10-14 10:00:06,2026-10-14 10:04:54,2026-10-14 10:06:02,4.8,2
2026-10-14 10:01:02,2026-10-14 10:04:58,2026-10-14 10:12:49,3.94,3
2026-10-14 10:01:16,2026-10-14 10:06:02,2026-10-14 10:15:48,4.76,3
2026-10-14 10:01:21,2026-10-14 10:08:50,2026-10-14 10:09:03,7.48,4
2026-10-14 10:01:24,2026-10-14 10:09:03,2026-10-14 10:12:17,7.66,5
2026-10-14 10:01:32,2026-10-14 10:12:17,2026-10-14 10:15:12,10.75,6
2026-10-14 10:02:13,2026-10-14 10:12:49,2026-10-14 10:12:56,10.61,6
2026-10-14 10:02:48,2026-10-14 10:12:56,2026-10-14 10:12:59,10.14,7
2026-10-14 10:03:02,2026-10-14 10:12:59,2026-10-14 10:16:20,9.96,8
2026-10-14 10:03:08,2026-10-14 10:15:12,2026-10-14 10:16:04,12.06,9
2026-10-14 10:04:58,2026-10-14 10:15:48,2026-10-14 10:25:06,10.84,9
2026-10-14 10:06:18,2026-10-14 10:16:04,2026-10-14 10:21:43,9.76,8
2026-10-14 10:08:27,2026-10-14 10:16:20,2026-10-14 10:17:33,7.89,9
2026-10-14 10:09:11,2026-10-14 10:17:33,2026-10-14 10:21:34,8.37,8
2026-10-14 10:11:03,2026-10-14 10:21:34,2026-10-14 10:23:15,10.52,9
2026-10-14 10:12:32,2026-10-14 10:21:43,2026-10-14 10:23:31,9.18,9
2026-10-14 10:15:22,2026-10-14 10:23:15,2026-10-14 10:25:40,7.88,6
2026-10-14 10:16:37,2026-10-14 10:23:31,2026-10-14 10:23:50,6.9,4
2026-10-14 10:17:16,2026-10-14 10:23:50,2026-10-14 10:23:51,6.58,5
2026-10-14 10:18:42,2026-10-14 10:23:51,2026-10-14 10:25:45,5.15,5
2026-10-14 10:19:05,2026-10-14 10:25:06,2026-10-14 10:26:02,6.01,6
2026-10-14 10:19:07,2026-10-14 10:25:40,2026-10-14 10:28:44,6.55,7
2026-10-14 10:19:49,2026-10-14 10:25:45,2026-10-14 10:28:02,5.94,8
2026-10-14 10:19:56,2026-10-14 10:26:02,2026-10-14 10:27:01,6.09,9
2026-10-14 10:21:54,2026-10-14 10:27:01,2026-10-14 10:29:04,5.11,8
2026-10-14 10:22:41,2026-10-14 10:28:02,2026-10-14 10:33:04,5.36,9
2026-10-14 10:23:38,2026-10-14 10:28:44,2026-10-14 10:28:59,5.09,8
2026-10-14 10:23:53,2026-10-14 10:28:59,2026-10-14 10:29:24,5.09,7
2026-10-14 10:25:26,2026-10-14 10:29:04,2026-10-14 10:31:10,3.63,7
2026-10-14 10:25:29,2026-10-14 10:29:24,2026-10-14 10:31:49,3.92,8
2026-10-14 10:26:20,2026-10-14 10:31:10,2026-10-14 10:37:08,4.84,6
2026-10-14 10:26:28,2026-10-14 10:31:49,2026-10-14 10:38:26,5.35,7
2026-10-14 10:29:47,2026-10-14 10:33:04,2026-10-14 10:34:28,3.27,2
2026-10-14 10:31:08,2026-10-14 10:34:28,2026-10-14 10:35:23,3.32,3
2026-10-14 10:33:12,2026-10-14 10:35:23,2026-10-14 10:37:46,2.2,1
2026-10-14 10:33:30,2026-10-14 10:37:08,2026-10-14 10:37:43,3.62,2
2026-10-14 10:34:27,2026-10-14 10:37:43,2026-10-14 10:38:39,3.26,3
2026-10-14 10:36:18,2026-10-14 10:37:46,2026-10-14 10:45:41,1.45,2
2026-10-14 10:36:23,2026-10-14 10:38:26,2026-10-14 10:43:24,2.06,3
2026-10-14 10:39:44,2026-10-14 10:39:44,2026-10-14 10:39:59,0.0,0
2026-10-14 10:40:29,2026-10-14 10:40:29,2026-10-14 10:40:40,0.0,0
2026-10-14 10:42:05,2026-10-14 10:42:05,2026-10-14 10:43:13,0.0,0
2026-10-14 10:42:22,2026-10-14 10:43:13,2026-10-14 10:43:13,0.86,0
2026-10-14 10:42:35,2026-10-14 10:43:13,2026-10-14 10:43:59,0.64,1
2026-10-14 10:43:11,2026-10-14 10:43:24,2026-10-14 10:54:46,0.22,2
2026-10-14 10:43:54,2026-10-14 10:43:59,2026-10-14 10:45:10,0.09,0
2026-10-14 10:43:55,2026-10-14 10:45:10,2026-10-14 10:46:10,1.25,1
2026-10-14 10:45:29,2026-10-14 10:45:41,2026-10-14 10:46:02,0.2,0
2026-10-14 10:46:23,2026-10-14 10:46:23,2026-10-14 10:46:48,0.0,0
2026-10-14 10:46:45,2026-10-14 10:46:45,2026-10-14 10:49:50,0.0,0
2026-10-14 10:47:00,2026-10-14 10:47:00,2026-10-14 10:48:49,0.0,0
2026-10-14 10:48:39,2026-10-14 10:48:49,2026-10-14 10:49:29,0.16,0
2026-10-14 10:49:25,2026-10-14 10:49:29,2026-10-14 10:51:12,0.07,0
2026-10-14 10:49:48,2026-10-14 10:49:50,2026-10-14 10:50:19,0.04,0
2026-10-14 10:50:45,2026-10-14 10:50:45,2026-10-14 10:52:31,0.0,0
2026-10-14 10:51:40,2026-10-14 10:51:40,2026-10-14 10:55:40,0.0,0
2026-10-14 10:54:41,2026-10-14 10:54:41,2026-10-14 10:57:02,0.0,0
2026-10-14 10:54:53,2026-10-14 10:54:53,2026-10-14 10:55:10,0.0,0
2026-10-14 10:55:22,2026-10-14 10:55:22,2026-10-14 10:57:34,0.0,0
2026-10-14 10:56:00,2026-10-14 10:56:00,2026-10-14 10:58:33,0.0,0
2026-10-14 10:57:31,2026-10-14 10:57:31,2026-10-14 11:08:58,0.0,0
2026-10-14 10:57:41,2026-10-14 10:57:41,2026-10-14 11:08:48,0.0,0
2026-10-14 10:58:34,2026-10-14 10:58:34,2026-10-14 10:59:03,0.0,0
2026-10-14 10:58:45,2026-10-14 10:59:03,2026-10-14 10:59:38,0.3,0
2026-10-14 11:01:19,2026-10-14 11:01:19,2026-10-14 11:04:44,0.0,0
2026-10-14 11:01:22,2026-10-14 11:04:44,2026-10-14 11:08:40,3.37,0
2026-10-14 11:01:27,2026-10-14 11:08:40,2026-10-14 11:15:15,7.21,1
2026-10-14 11:02:36,2026-10-14 11:08:48,2026-10-14 11:14:10,6.21,2
2026-10-14 11:02:36,2026-10-14 11:08:58,2026-10-14 11:09:21,6.36,3
2026-10-14 11:05:24,2026-10-14 11:09:21,2026-10-14 11:11:25,3.95,3
2026-10-14 11:07:03,2026-10-14 11:11:25,2026-10-14 11:13:18,4.37,4
2026-10-14 11:07:26,2026-10-14 11:13:18,2026-10-14 11:19:55,5.88,5
2026-10-14 11:07:36,2026-10-14 11:14:10,2026-10-14 11:17:07,6.56,6
2026-10-14 11:07:41,2026-10-14 11:15:15,2026-10-14 11:17:51,7.57,7
2026-10-14 11:07:43,2026-10-14 11:17:07,2026-10-14 11:24:38,9.4,8
2026-10-14 11:08:30,2026-10-14 11:17:51,2026-10-14 11:31:59,9.36,9
2026-10-14 11:08:32,2026-10-14 11:19:55,2026-10-14 11:20:56,11.39,10
2026-10-14 11:09:36,2026-10-14 11:20:56,2026-10-14 11:36:00,11.32,7
2026-10-14 11:09:57,2026-10-14 11:24:38,2026-10-14 11:30:28,14.68,8
2026-10-14 11:11:11,2026-10-14 11:30:28,2026-10-14 11:37:34,19.28,9
2026-10-14 11:11:28,2026-10-14 11:31:59,2026-10-14 11:34:43,20.51,9
2026-10-14 11:11:57,2026-10-14 11:34:43,2026-10-14 11:44:56,22.76,10
2026-10-14 11:12:15,2026-10-14 11:36:00,2026-10-14 11:40:47,23.74,11
2026-10-14 11:13:24,2026-10-14 11:37:34,2026-10-14 11:50:20,24.17,11
2026-10-14 11:13:40,2026-10-14 11:40:47,2026-10-14 11:40:53,27.12,12
2026-10-14 11:14:21,2026-10-14 11:40:53,2026-10-14 11:42:33,26.54,12
2026-10-14 11:15:11,2026-10-14 11:42:33,2026-10-14 11:43:23,27.36,13
2026-10-14 11:16:18,2026-10-14 11:43:23,2026-10-14 11:45:12,27.08,13
2026-10-14 11:18:42,2026-10-14 11:44:56,2026-10-14 11:52:32,26.23,12
2026-10-14 11:18:59,2026-10-14 11:45:12,2026-10-14 11:46:05,26.21,13
2026-10-14 11:19:42,2026-10-14 11:46:05,2026-10-14 11:47:22,26.39,14
2026-10-14 11:22:02,2026-10-14 11:47:22,2026-10-14 11:48:19,25.33,13
2026-10-14 11:22:18,2026-10-14 11:48:19,2026-10-14 11:48:46,26.02,14
2026-10-14 11:22:33,2026-10-14 11:48:46,2026-10-14 11:51:01,26.22,15
2026-10-14 11:22:44,2026-10-14 11:50:20,2026-10-14 11:50:39,27.6,16
2026-10-14 11:23:52,2026-10-14 11:50:39,2026-10-14 11:50:47,26.78,17
2026-10-14 11:24:18,2026-10-14 11:50:47,2026-10-14 11:51:34,26.48,18
2026-10-14 11:25:25,2026-10-14 11:51:01,2026-10-14 11:54:12,25.61,18
2026-10-14 11:26:37,2026-10-14 11:51:34,2026-10-14 11:52:06,24.95,19
2026-10-14 11:27:52,2026-10-14 11:52:06,2026-10-14 11:55:10,24.22,20
2026-10-14 11:28:35,2026-10-14 11:52:32,2026-10-14 11:57:32,23.94,21
2026-10-14 11:30:22,2026-10-14 11:54:12,2026-10-14 11:58:30,23.83,22
2026-10-14 11:32:55,2026-10-14 11:55:10,2026-10-14 12:00:41,22.24,21
2026-10-14 11:33:19,2026-10-14 11:57:32,2026-10-14 11:59:05,24.21,22
2026-10-14 11:33:31,2026-10-14 11:58:30,2026-10-14 12:07:09,24.99,23
2026-10-14 11:37:16,2026-10-14 11:59:05,2026-10-14 12:00:28,21.83,22
2026-10-14 11:37:46,2026-10-14 12:00:28,2026-10-14 12:01:07,22.71,22
2026-10-14 11:39:49,2026-10-14 12:00:41,2026-10-14 12:03:27,20.86,23
2026-10-14 11:40:19,2026-10-14 12:01:07,2026-10-14 12:02:22,20.8,24
2026-10-14 11:40:36,2026-10-14 12:02:22,2026-10-14 12:02:32,21.76,25
2026-10-14 11:40:39,2026-10-14 12:02:32,2026-10-14 12:05:46,21.88,26
2026-10-14 11:40:42,2026-10-14 12:03:27,2026-10-14 12:05:18,22.75,27
2026-10-14 11:41:00,2026-10-14 12:05:18,2026-10-14 12:07:37,24.29,26
2026-10-14 11:41:14,2026-10-14 12:05:46,2026-10-14 12:07:24,24.54,27
2026-10-14 11:42:44,2026-10-14 12:07:09,2026-10-14 12:13:50,24.42,27
2026-10-14 11:43:19,2026-10-14 12:07:24,2026-10-14 12:16:17,24.09,28
2026-10-14 11:43:26,2026-10-14 12:07:37,2026-10-14 12:15:12,24.18,28
2026-10-14 11:44:16,2026-10-14 12:13:50,2026-10-14 12:17:26,29.56,29
2026-10-14 11:44:30,2026-10-14 12:15:12,2026-10-14 12:17:19,30.71,30
2026-10-14 11:45:42,2026-10-14 12:16:17,2026-10-14 12:17:46,30.58,29
2026-10-14 11:47:26,2026-10-14 12:17:19,2026-10-14 12:17:35,29.88,28
2026-10-14 11:48:01,2026-10-14 12:17:26,2026-10-14 12:17:54,29.41,29
2026-10-14 11:49:33,2026-10-14 12:17:35,2026-10-14 12:20:31,28.04,28
2026-10-14 11:51:46,2026-10-14 12:17:46,2026-10-14 12:21:07,26.01,24
2026-10-14 11:52:11,2026-10-14 12:17:54,2026-10-14 12:21:07,25.71,24
2026-10-14 11:53:11,2026-10-14 12:20:31,2026-10-14 12:25:27,27.34,24
2026-10-14 11:54:16,2026-10-14 12:21:07,2026-10-14 12:25:33,26.84,24
2026-10-14 11:55:54,2026-10-14 12:21:07,2026-10-14 12:21:52,25.22,24
2026-10-14 11:56:45,2026-10-14 12:21:52,2026-10-14 12:22:07,25.11,25
2026-10-14 11:56:54,2026-10-14 12:22:07,2026-10-14 12:31:46,25.23,26
2026-10-14 11:57:01,2026-10-14 12:25:27,2026-10-14 12:35:05,28.44,27
2026-10-14 11:59:48,2026-10-14 12:25:33,2026-10-14 12:30:12,25.75,25
2026-10-14 12:00:08,2026-10-14 12:30:12,2026-10-14 12:30:36,30.07,26
2026-10-14 12:00:35,2026-10-14 12:30:36,2026-10-14 12:30:49,30.02,26
2026-10-14 12:02:03,2026-10-14 12:30:49,2026-10-14 12:37:51,28.76,25
2026-10-14 12:03:13,2026-10-14 12:31:46,2026-10-14 12:33:35,28.54,24
2026-10-14 12:04:36,2026-10-14 12:33:35,2026-10-14 12:33:46,28.99,24
2026-10-14 12:05:18,2026-10-14 12:33:46,2026-10-14 12:35:04,28.46,24
2026-10-14 12:05:19,2026-10-14 12:35:04,2026-10-14 12:38:14,29.75,25
2026-10-14 12:05:44,2026-10-14 12:35:05,2026-10-14 12:38:58,29.36,26
2026-10-14 12:05:55,2026-10-14 12:37:51,2026-10-14 12:39:14,31.93,26
2026-10-14 12:06:01,2026-10-14 12:38:14,2026-10-14 12:38:54,32.22,27
2026-10-14 12:06:45,2026-10-14 12:38:54,2026-10-14 12:50:27,32.15,28
2026-10-14 12:09:17,2026-10-14 12:38:58,2026-10-14 12:44:23,29.7,26
2026-10-14 12:10:54,2026-10-14 12:39:14,2026-10-14 12:41:09,28.33,27
2026-10-14 12:10:58,2026-10-14 12:41:09,2026-10-14 12:44:45,30.18,28
2026-10-14 12:11:07,2026-10-14 12:44:23,2026-10-14 12:45:56,33.26,29
2026-10-14 12:13:18,2026-10-14 12:44:45,2026-10-14 12:53:07,31.45,30
2026-10-14 12:14:34,2026-10-14 12:45:56,2026-10-14 12:46:31,31.37,30
2026-10-14 12:14:41,2026-10-14 12:46:31,2026-10-14 12:46:34,31.83,31
2026-10-14 12:14:54,2026-10-14 12:46:34,2026-10-14 12:47:20,31.68,32
2026-10-14 12:15:38,2026-10-14 12:47:20,2026-10-14 12:52:50,31.71,32
2026-10-14 12:17:00,2026-10-14 12:50:27,2026-10-14 12:52:11,33.45,32
2026-10-14 12:17:41,2026-10-14 12:52:11,2026-10-14 12:53:55,34.49,30
2026-10-14 12:18:08,2026-10-14 12:52:50,2026-10-14 12:52:53,34.71,29
2026-10-14 12:18:13,2026-10-14 12:52:53,2026-10-14 12:54:16,34.66,30
2026-10-14 12:18:40,2026-10-14 12:53:07,2026-10-14 12:55:40,34.46,31
2026-10-14 12:18:49,2026-10-14 12:53:55,2026-10-14 12:54:02,35.1,32
2026-10-14 12:19:07,2026-10-14 12:54:02,2026-10-14 12:56:20,34.91,33
2026-10-14 12:21:29,2026-10-14 12:54:16,2026-10-14 12:54:46,32.79,31
2026-10-14 12:24:46,2026-10-14 12:54:46,2026-10-14 12:55:18,29.99,30
2026-10-14 12:25:26,2026-10-14 12:55:18,2026-10-14 12:58:13,29.86,31
2026-10-14 12:26:25,2026-10-14 12:55:40,2026-10-14 13:00:45,29.26,30
2026-10-14 12:26:28,2026-10-14 12:56:20,2026-10-14 12:56:49,29.87,31
2026-10-14 12:28:42,2026-10-14 12:56:49,2026-10-14 13:00:20,28.12,32
2026-10-14 12:29:48,2026-10-14 12:58:13,2026-10-14 13:03:32,28.43,33
2026-10-14 12:32:12,2026-10-14 13:00:20,2026-10-14 13:03:50,28.14,30
2026-10-14 12:34:12,2026-10-14 13:00:45,2026-10-14 13:01:58,26.54,29
2026-10-14 12:36:13,2026-10-14 13:01:58,2026-10-14 13:03:12,25.76,28
2026-10-14 12:38:59,2026-10-14 13:03:12,2026-10-14 13:13:24,24.21,25
2026-10-14 12:39:09,2026-10-14 13:03:32,2026-10-14 13:15:21,24.38,26
2026-10-14 12:40:20,2026-10-14 13:03:50,2026-10-14 13:06:25,23.49,26
2026-10-14 12:40:33,2026-10-14 13:06:25,2026-10-14 13:08:56,25.87,27
2026-10-14 12:42:17,2026-10-14 13:08:56,2026-10-14 13:09:58,26.64,27
2026-10-14 12:42:30,2026-10-14 13:09:58,2026-10-14 13:22:11,27.47,28
2026-10-14 12:42:55,2026-10-14 13:13:24,2026-10-14 13:14:00,30.48,29
2026-10-14 12:43:09,2026-10-14 13:14:00,2026-10-14 13:14:27,30.84,30
2026-10-14 12:43:35,2026-10-14 13:14:27,2026-10-14 13:18:30,30.87,31
2026-10-14 12:44:39,2026-10-14 13:15:21,2026-10-14 13:15:40,30.7,31
2026-10-14 12:46:23,2026-10-14 13:15:40,2026-10-14 13:16:25,29.29,30
2026-10-14 12:47:04,2026-10-14 13:16:25,2026-10-14 13:18:49,29.36,29
2026-10-14 12:48:34,2026-10-14 13:18:30,2026-10-14 13:18:33,29.93,29
2026-10-14 12:48:48,2026-10-14 13:18:33,2026-10-14 13:20:41,29.75,30
2026-10-14 12:49:00,2026-10-14 13:18:49,2026-10-14 13:26:41,29.82,31
2026-10-14 12:50:27,2026-10-14 13:20:41,2026-10-14 13:22:18,30.24,31
2026-10-14 12:50:31,2026-10-14 13:22:11,2026-10-14 13:33:24,31.66,32
2026-10-14 12:52:57,2026-10-14 13:22:18,2026-10-14 13:22:30,29.34,30
2026-10-14 12:54:15,2026-10-14 13:22:30,2026-10-14 13:27:03,28.26,28
2026-10-14 12:54:15,2026-10-14 13:26:41,2026-10-14 13:27:51,32.42,29
2026-10-14 12:56:22,2026-10-14 13:27:03,2026-10-14 13:28:39,30.68,25
2026-10-14 12:56:44,2026-10-14 13:27:51,2026-10-14 13:31:15,31.11,26
2026-10-14 12:57:01,2026-10-14 13:28:39,2026-10-14 13:32:04,31.63,26
2026-10-14 12:58:25,2026-10-14 13:31:15,2026-10-14 13:36:28,32.83,26
2026-10-14 12:58:43,2026-10-14 13:32:04,2026-10-14 13:33:00,33.34,27
2026-10-14 13:03:37,2026-10-14 13:33:00,2026-10-14 13:34:13,29.38,23
2026-10-14 13:04:20,2026-10-14 13:33:24,2026-10-14 13:35:59,29.07,23
2026-10-14 13:04:45,2026-10-14 13:34:13,2026-10-14 13:44:18,29.46,24
2026-10-14 13:06:11,2026-10-14 13:35:59,2026-10-14 13:39:09,29.81,25
2026-10-14 13:06:34,2026-10-14 13:36:28,2026-10-14 13:39:43,29.9,25
2026-10-14 13:07:12,2026-10-14 13:39:09,2026-10-14 13:43:08,31.95,26
2026-10-14 13:07:24,2026-10-14 13:39:43,2026-10-14 13:41:51,32.31,27
2026-10-14 13:08:41,2026-10-14 13:41:51,2026-10-14 13:42:03,33.17,28
2026-10-14 13:09:44,2026-10-14 13:42:03,2026-10-14 13:42:07,32.31,28
2026-10-14 13:11:15,2026-10-14 13:42:07,2026-10-14 13:43:07,30.86,28
2026-10-14 13:11:27,2026-10-14 13:43:07,2026-10-14 13:48:43,31.66,29
2026-10-14 13:12:26,2026-10-14 13:43:08,2026-10-14 13:44:32,30.69,30
2026-10-14 13:13:02,2026-10-14 13:44:18,2026-10-14 13:45:25,31.26,31
2026-10-14 13:14:08,2026-10-14 13:44:32,2026-10-14 13:55:42,30.41,30
2026-10-14 13:14:24,2026-10-14 13:45:25,2026-10-14 13:47:03,31.01,31
2026-10-14 13:14:53,2026-10-14 13:47:03,2026-10-14 13:47:13,32.15,31
2026-10-14 13:16:40,2026-10-14 13:47:13,2026-10-14 13:51:54,30.55,29
2026-10-14 13:17:25,2026-10-14 13:48:43,2026-10-14 13:49:53,31.3,30
2026-10-14 13:19:10,2026-10-14 13:49:53,2026-10-14 13:51:44,30.72,28
2026-10-14 13:20:04,2026-10-14 13:51:44,2026-10-14 13:53:04,31.66,29
2026-10-14 13:21:20,2026-10-14 13:51:54,2026-10-14 13:52:52,30.57,29
2026-10-14 13:21:38,2026-10-14 13:52:52,2026-10-14 13:56:01,31.23,30
2026-10-14 13:22:01,2026-10-14 13:53:04,2026-10-14 13:53:40,31.04,31
2026-10-14 13:22:52,2026-10-14 13:53:40,2026-10-14 13:57:11,30.8,29
2026-10-14 13:23:27,2026-10-14 13:55:42,2026-10-14 14:01:24,32.25,30
2026-10-14 13:23:47,2026-10-14 13:56:01,2026-10-14 13:57:14,32.23,31
2026-10-14 13:24:34,2026-10-14 13:57:11,2026-10-14 13:57:40,32.62,32
2026-10-14 13:25:03,2026-10-14 13:57:14,2026-10-14 13:57:33,32.19,33
2026-10-14 13:25:20,2026-10-14 13:57:33,2026-10-14 14:02:52,32.23,34
2026-10-14 13:26:22,2026-10-14 13:57:40,2026-10-14 14:03:34,31.3,35
2026-10-14 13:27:00,2026-10-14 14:01:24,2026-10-14 14:02:13,34.41,35
2026-10-14 13:28:09,2026-10-14 14:02:13,2026-10-14 14:07:35,34.07,34
2026-10-14 13:28:58,2026-10-14 14:02:52,2026-10-14 14:05:26,33.89,34
2026-10-14 13:29:50,2026-10-14 14:03:34,2026-10-14 14:03:47,33.74,35
2026-10-14 13:29:51,2026-10-14 14:03:47,2026-10-14 14:14:04,33.93,36
2026-10-14 13:30:36,2026-10-14 14:05:26,2026-10-14 14:08:21,34.84,37
2026-10-14 13:30:39,2026-10-14 14:07:35,2026-10-14 14:08:38,36.94,38
2026-10-14 13:32:28,2026-10-14 14:08:21,2026-10-14 14:09:25,35.88,37
2026-10-14 13:32:45,2026-10-14 14:08:38,2026-10-14 14:08:53,35.88,38
2026-10-14 13:35:20,2026-10-14 14:08:53,2026-10-14 14:09:37,33.55,36
2026-10-14 13:36:44,2026-10-14 14:09:25,2026-10-14 14:12:46,32.69,35
2026-10-14 13:36:45,2026-10-14 14:09:37,2026-10-14 14:12:07,32.87,36
2026-10-14 13:37:07,2026-10-14 14:12:07,2026-10-14 14:14:05,35.0,37
2026-10-14 13:37:07,2026-10-14 14:12:46,2026-10-14 14:14:33,35.64,38
2026-10-14 13:38:10,2026-10-14 14:14:04,2026-10-14 14:16:07,35.9,39
2026-10-14 13:39:40,2026-10-14 14:14:05,2026-10-14 14:21:33,34.41,39
2026-10-14 13:39:58,2026-10-14 14:14:33,2026-10-14 14:21:40,34.58,39
2026-10-14 13:41:46,2026-10-14 14:16:07,2026-10-14 14:24:57,34.35,40
2026-10-14 13:43:11,2026-10-14 14:21:33,2026-10-14 14:22:17,38.37,36
2026-10-14 13:43:23,2026-10-14 14:21:40,2026-10-14 14:24:33,38.27,37
2026-10-14 13:44:06,2026-10-14 14:22:17,2026-10-14 14:24:54,38.19,38
2026-10-14 13:44:38,2026-10-14 14:24:33,2026-10-14 14:25:53,39.93,37
2026-10-14 13:45:16,2026-10-14 14:24:54,2026-10-14 14:26:22,39.63,38
2026-10-14 13:46:44,2026-10-14 14:24:57,2026-10-14 14:32:02,38.22,38
2026-10-14 13:47:29,2026-10-14 14:25:53,2026-10-14 14:29:48,38.4,37
2026-10-14 13:48:57,2026-10-14 14:26:22,2026-10-14 14:30:41,37.42,37
2026-10-14 13:49:30,2026-10-14 14:29:48,2026-10-14 14:39:35,40.3,38
2026-10-14 13:50:13,2026-10-14 14:30:41,2026-10-14 14:33:10,40.46,38
2026-10-14 13:50:26,2026-10-14 14:32:02,2026-10-14 14:34:22,41.6,39
2026-10-14 13:50:49,2026-10-14 14:33:10,2026-10-14 14:35:03,42.34,40
2026-10-14 13:51:17,2026-10-14 14:34:22,2026-10-14 14:34:36,43.07,41
2026-10-14 13:51:27,2026-10-14 14:34:36,2026-10-14 14:35:36,43.15,42
2026-10-14 13:51:41,2026-10-14 14:35:03,2026-10-14 14:38:59,43.36,43
2026-10-14 13:52:11,2026-10-14 14:35:36,2026-10-14 14:36:38,43.41,42
2026-10-14 13:54:15,2026-10-14 14:36:38,2026-10-14 14:38:28,42.39,40
2026-10-14 13:55:40,2026-10-14 14:38:28,2026-10-14 14:44:14,42.79,41
2026-10-14 13:56:44,2026-10-14 14:38:59,2026-10-14 14:40:45,42.26,40
2026-10-14 13:58:22,2026-10-14 14:39:35,2026-10-14 14:56:40,41.2,37
2026-10-14 13:58:32,2026-10-14 14:40:45,2026-10-14 14:46:23,42.22,38
2026-10-14 13:59:23,2026-10-14 14:44:14,2026-10-14 14:44:47,44.85,39
2026-10-14 13:59:49,2026-10-14 14:44:47,2026-10-14 14:46:01,44.98,40
2026-10-14 13:59:54,2026-10-14 14:46:01,2026-10-14 14:50:20,46.12,41
2026-10-14 14:00:03,2026-10-14 14:46:23,2026-10-14 14:50:26,46.34,42
2026-10-14 14:00:04,2026-10-14 14:50:20,2026-10-14 14:53:28,50.26,43
2026-10-14 14:00:13,2026-10-14 14:50:26,2026-10-14 14:51:28,50.21,44
2026-10-14 14:00:59,2026-10-14 14:51:28,2026-10-14 14:51:36,50.49,45
2026-10-14 14:01:57,2026-10-14 14:51:36,2026-10-14 14:56:37,49.65,45
2026-10-14 14:02:23,2026-10-14 14:53:28,2026-10-14 14:56:16,51.08,45
2026-10-14 14:02:37,2026-10-14 14:56:16,2026-10-14 15:00:31,53.65,46
2026-10-14 14:02:58,2026-10-14 14:56:37,2026-10-14 15:00:17,53.64,46
2026-10-14 14:03:19,2026-10-14 14:56:40,2026-10-14 14:58:27,53.36,47
2026-10-14 14:03:54,2026-10-14 14:58:27,2026-10-14 15:01:30,54.55,46
2026-10-14 14:05:18,2026-10-14 15:00:17,2026-10-14 15:01:52,54.99,47
2026-10-14 14:05:22,2026-10-14 15:00:31,2026-10-14 15:00:52,55.16,48
2026-10-14 14:07:50,2026-10-14 15:00:52,2026-10-14 15:02:54,53.05,47
2026-10-14 14:10:04,2026-10-14 15:01:30,2026-10-14 15:02:19,51.44,43
2026-10-14 14:10:13,2026-10-14 15:01:52,2026-10-14 15:04:39,51.65,44
2026-10-14 14:10:52,2026-10-14 15:02:19,2026-10-14 15:05:54,51.46,45
2026-10-14 14:11:03,2026-10-14 15:02:54,2026-10-14 15:04:20,51.84,46
2026-10-14 14:11:13,2026-10-14 15:04:20,2026-10-14 15:05:46,53.12,47
2026-10-14 14:11:23,2026-10-14 15:04:39,2026-10-14 15:08:21,53.28,48
2026-10-14 14:11:28,2026-10-14 15:05:46,2026-10-14 15:05:58,54.3,49
2026-10-14 14:12:05,2026-10-14 15:05:54,2026-10-14 15:05:55,53.81,50
2026-10-14 14:13:39,2026-10-14 15:05:55,2026-10-14 15:06:16,52.27,49
2026-10-14 14:14:44,2026-10-14 15:05:58,2026-10-14 15:08:05,51.22,47
2026-10-14 14:15:28,2026-10-14 15:06:16,2026-10-14 15:07:16,50.8,48
2026-10-14 14:15:52,2026-10-14 15:07:16,2026-10-14 15:12:42,51.4,49
2026-10-14 14:16:38,2026-10-14 15:08:05,2026-10-14 15:08:43,51.45,49
2026-10-14 14:16:41,2026-10-14 15:08:21,2026-10-14 15:10:01,51.68,50
2026-10-14 14:16:53,2026-10-14 15:08:43,2026-10-14 15:09:50,51.83,51
2026-10-14 14:18:31,2026-10-14 15:09:50,2026-10-14 15:12:39,51.33,52
2026-10-14 14:18:31,2026-10-14 15:10:01,2026-10-14 15:11:48,51.49,53
2026-10-14 14:19:37,2026-10-14 15:11:48,2026-10-14 15:17:05,52.19,54
2026-10-14 14:19:56,2026-10-14 15:12:39,2026-10-14 15:14:32,52.72,55
2026-10-14 14:21:58,2026-10-14 15:12:42,2026-10-14 15:22:31,50.74,54
2026-10-14 14:22:13,2026-10-14 15:14:32,2026-10-14 15:20:36,52.32,55
2026-10-14 14:22:35,2026-10-14 15:17:05,2026-10-14 15:17:41,54.5,55
2026-10-14 14:22:41,2026-10-14 15:17:41,2026-10-14 15:24:22,55.01,56
2026-10-14 14:24:03,2026-10-14 15:20:36,2026-10-14 15:31:27,56.55,57
2026-10-14 14:25:58,2026-10-14 15:22:31,2026-10-14 15:28:06,56.55,54
2026-10-14 14:26:03,2026-10-14 15:24:22,2026-10-14 15:39:15,58.31,55
2026-10-14 14:26:08,2026-10-14 15:28:06,2026-10-14 15:28:47,61.97,56
2026-10-14 14:26:44,2026-10-14 15:28:47,2026-10-14 15:36:09,62.04,56
2026-10-14 14:26:57,2026-10-14 15:31:27,2026-10-14 15:39:26,64.5,57
2026-10-14 14:27:00,2026-10-14 15:36:09,2026-10-14 15:36:38,69.15,58
2026-10-14 14:28:30,2026-10-14 15:36:38,2026-10-14 15:37:36,68.13,59
2026-10-14 14:29:10,2026-10-14 15:37:36,2026-10-14 15:38:39,68.43,60
2026-10-14 14:31:08,2026-10-14 15:38:39,2026-10-14 15:42:22,67.51,59
2026-10-14 14:31:25,2026-10-14 15:39:15,2026-10-14 15:43:09,67.82,60
2026-10-14 14:33:53,2026-10-14 15:39:26,2026-10-14 15:41:57,65.56,59
2026-10-14 14:34:12,2026-10-14 15:41:57,2026-10-14 15:42:38,67.74,60
2026-10-14 14:34:52,2026-10-14 15:42:22,2026-10-14 15:48:01,67.5,59
2026-10-14 14:35:14,2026-10-14 15:42:38,2026-10-14 15:56:16,67.4,59
2026-10-14 14:35:29,2026-10-14 15:43:09,2026-10-14 15:48:29,67.67,60
2026-10-14 14:36:14,2026-10-14 15:48:01,2026-10-14 15:49:11,71.78,60
2026-10-14 14:36:52,2026-10-14 15:48:29,2026-10-14 15:49:03,71.61,60
2026-10-14 14:37:28,2026-10-14 15:49:03,2026-10-14 15:53:05,71.58,61
2026-10-14 14:37:45,2026-10-14 15:49:11,2026-10-14 15:51:44,71.44,62
2026-10-14 14:40:49,2026-10-14 15:51:44,2026-10-14 15:53:47,70.92,59
2026-10-14 14:41:02,2026-10-14 15:53:05,2026-10-14 15:53:10,72.05,60
2026-10-14 14:42:05,2026-10-14 15:53:10,2026-10-14 15:54:30,71.07,61
2026-10-14 14:42:13,2026-10-14 15:53:47,2026-10-14 15:55:39,71.56,62
2026-10-14 14:44:07,2026-10-14 15:54:30,2026-10-14 15:56:17,70.4,63
2026-10-14 14:44:41,2026-10-14 15:55:39,2026-10-14 15:58:49,70.96,63
2026-10-14 14:44:48,2026-10-14 15:56:16,2026-10-14 15:59:53,71.47,63
2026-10-14 14:46:16,2026-10-14 15:56:17,2026-10-14 15:57:37,70.02,63
2026-10-14 14:47:12,2026-10-14 15:57:37,2026-10-14 15:59:00,70.42,63
2026-10-14 14:52:43,2026-10-14 15:58:49,2026-10-14 16:01:48,66.1,60
2026-10-14 14:54:26,2026-10-14 15:59:00,2026-10-14 16:00:47,64.57,60
2026-10-14 14:56:40,2026-10-14 15:59:53,2026-10-14 16:01:34,63.22,59
2026-10-14 14:57:16,2026-10-14 16:00:47,2026-10-14 16:06:26,63.53,59
2026-10-14 14:57:19,2026-10-14 16:01:34,2026-10-14 16:03:18,64.26,60
2026-10-14 14:59:00,2026-10-14 16:01:48,2026-10-14 16:14:47,62.79,60
2026-10-14 14:59:28,2026-10-14 16:03:18,2026-10-14 16:03:26,63.83,61
2026-10-14 15:00:30,2026-10-14 16:03:26,2026-10-14 16:07:09,62.93,61
2026-10-14 15:00:54,2026-10-14 16:06:26,2026-10-14 16:08:16,65.54,60
2026-10-14 15:01:08,2026-10-14 16:07:09,2026-10-14 16:07:57,66.01,61
2026-10-14 15:01:20,2026-10-14 16:07:57,2026-10-14 16:13:35,66.61,62
2026-10-14 15:02:03,2026-10-14 16:08:16,2026-10-14 16:09:25,66.22,61
2026-10-14 15:05:42,2026-10-14 16:09:25,2026-10-14 16:16:24,63.71,58
2026-10-14 15:06:39,2026-10-14 16:13:35,2026-10-14 16:23:35,66.92,54
2026-10-14 15:08:54,2026-10-14 16:14:47,2026-10-14 16:16:08,65.89,51
2026-10-14 15:09:22,2026-10-14 16:16:08,2026-10-14 16:16:35,66.76,52
2026-10-14 15:09:26,2026-10-14 16:16:24,2026-10-14 16:16:58,66.96,53
2026-10-14 15:09:34,2026-10-14 16:16:35,2026-10-14 16:17:36,67.01,54
2026-10-14 15:10:28,2026-10-14 16:16:58,2026-10-14 16:20:19,66.51,53
2026-10-14 15:10:45,2026-10-14 16:17:36,2026-10-14 16:17:58,66.85,54
2026-10-14 15:14:02,2026-10-14 16:17:58,2026-10-14 16:21:55,63.95,52
2026-10-14 15:14:11,2026-10-14 16:20:19,2026-10-14 16:20:33,66.13,53
2026-10-14 15:14:47,2026-10-14 16:20:33,2026-10-14 16:22:26,65.77,53
2026-10-14 15:15:20,2026-10-14 16:21:55,2026-10-14 16:26:16,66.59,54
2026-10-14 15:15:37,2026-10-14 16:22:26,2026-10-14 16:22:51,66.82,55
2026-10-14 15:16:17,2026-10-14 16:22:51,2026-10-14 16:33:37,66.57,56
2026-10-14 15:16:43,2026-10-14 16:23:35,2026-10-14 16:26:45,66.86,57
2026-10-14 15:16:47,2026-10-14 16:26:16,2026-10-14 16:27:54,69.49,58
2026-10-14 15:17:28,2026-10-14 16:26:45,2026-10-14 16:26:57,69.28,58
2026-10-14 15:18:09,2026-10-14 16:26:57,2026-10-14 16:36:45,68.8,58
2026-10-14 15:22:31,2026-10-14 16:27:54,2026-10-14 16:33:39,65.38,57
2026-10-14 15:22:32,2026-10-14 16:33:37,2026-10-14 16:36:58,71.08,58
2026-10-14 15:22:50,2026-10-14 16:33:39,2026-10-14 16:36:26,70.82,59
2026-10-14 15:24:29,2026-10-14 16:36:26,2026-10-14 16:36:59,71.94,59
2026-10-14 15:25:26,2026-10-14 16:36:45,2026-10-14 16:37:26,71.31,60
2026-10-14 15:27:00,2026-10-14 16:36:58,2026-10-14 16:37:00,69.97,61
2026-10-14 15:27:58,2026-10-14 16:36:59,2026-10-14 16:40:08,69.02,62
2026-10-14 15:28:09,2026-10-14 16:37:00,2026-10-14 16:37:04,68.85,62
2026-10-14 15:28:11,2026-10-14 16:37:04,2026-10-14 16:37:12,68.89,63
2026-10-14 15:28:40,2026-10-14 16:37:12,2026-10-14 16:38:42,68.53,64
2026-10-14 15:29:02,2026-10-14 16:37:26,2026-10-14 16:40:25,68.4,64
2026-10-14 15:29:23,2026-10-14 16:38:42,2026-10-14 16:40:29,69.32,65
2026-10-14 15:29:26,2026-10-14 16:40:08,2026-10-14 16:42:52,70.7,66
2026-10-14 15:29:48,2026-10-14 16:40:25,2026-10-14 16:42:08,70.62,67
2026-10-14 15:29:53,2026-10-14 16:40:29,2026-10-14 16:46:06,70.6,68
2026-10-14 15:30:22,2026-10-14 16:42:08,2026-10-14 16:47:24,71.77,69
2026-10-14 15:30:43,2026-10-14 16:42:52,2026-10-14 16:44:02,72.14,70
2026-10-14 15:31:59,2026-10-14 16:44:02,2026-10-14 16:44:23,72.05,70
2026-10-14 15:32:00,2026-10-14 16:44:23,2026-10-14 16:44:46,72.39,71
2026-10-14 15:32:06,2026-10-14 16:44:46,2026-10-14 16:46:31,72.66,72
2026-10-14 15:32:20,2026-10-14 16:46:06,2026-10-14 16:46:46,73.75,73
2026-10-14 15:32:47,2026-10-14 16:46:31,2026-10-14 16:47:18,73.73,74
2026-10-14 15:34:35,2026-10-14 16:46:46,2026-10-14 16:46:47,72.18,75
2026-10-14 15:34:50,2026-10-14 16:46:47,2026-10-14 16:48:28,71.95,76
2026-10-14 15:36:07,2026-10-14 16:47:18,2026-10-14 16:51:55,71.18,77
2026-10-14 15:36:09,2026-10-14 16:47:24,2026-10-14 16:50:53,71.24,78
2026-10-14 15:36:10,2026-10-14 16:48:28,2026-10-14 16:54:09,72.29,78
2026-10-14 15:38:05,2026-10-14 16:50:53,2026-10-14 16:55:35,72.79,77
2026-10-14 15:38:20,2026-10-14 16:51:55,2026-10-14 16:54:49,73.58,78
2026-10-14 15:38:38,2026-10-14 16:54:09,2026-10-14 16:55:05,75.51,79
2026-10-14 15:38:46,2026-10-14 16:54:49,2026-10-14 17:02:41,76.05,79
2026-10-14 15:40:29,2026-10-14 16:55:05,2026-10-14 16:59:05,74.6,78
2026-10-14 15:41:43,2026-10-14 16:55:35,2026-10-14 16:55:39,73.87,79
2026-10-14 15:41:45,2026-10-14 16:55:39,2026-10-14 16:58:27,73.91,80
2026-10-14 15:43:57,2026-10-14 16:58:27,2026-10-14 17:00:24,74.49,77
2026-10-14 15:44:01,2026-10-14 16:59:05,2026-10-14 17:04:59,75.06,78
2026-10-14 15:44:06,2026-10-14 17:00:24,2026-10-14 17:04:37,76.31,79
2026-10-14 15:44:21,2026-10-14 17:02:41,2026-10-14 17:07:27,78.32,80
2026-10-14 15:45:18,2026-10-14 17:04:37,2026-10-14 17:05:04,79.33,81
2026-10-14 15:45:30,2026-10-14 17:04:59,2026-10-14 17:16:39,79.49,82
2026-10-14 15:45:40,2026-10-14 17:05:04,2026-10-14 17:07:12,79.41,83
2026-10-14 15:47:01,2026-10-14 17:07:12,2026-10-14 17:07:29,80.19,84
2026-10-14 15:47:03,2026-10-14 17:07:27,2026-10-14 17:10:25,80.4,85
2026-10-14 15:48:03,2026-10-14 17:07:29,2026-10-14 17:08:35,79.43,85
2026-10-14 15:48:28,2026-10-14 17:08:35,2026-10-14 17:09:37,80.11,86
2026-10-14 15:48:55,2026-10-14 17:09:37,2026-10-14 17:10:39,80.7,86
2026-10-14 15:49:10,2026-10-14 17:10:25,2026-10-14 17:11:17,81.25,86
2026-10-14 15:50:26,2026-10-14 17:10:39,2026-10-14 17:13:32,80.22,86
2026-10-14 15:52:43,2026-10-14 17:11:17,2026-10-14 17:12:06,78.56,86
2026-10-14 15:52:52,2026-10-14 17:12:06,2026-10-14 17:17:25,79.24,87
2026-10-14 15:53:06,2026-10-14 17:13:32,2026-10-14 17:25:25,80.43,87
2026-10-14 15:54:32,2026-10-14 17:16:39,2026-10-14 17:17:05,82.12,85
2026-10-14 15:55:08,2026-10-14 17:17:05,2026-10-14 17:17:57,81.95,86
2026-10-14 15:55:46,2026-10-14 17:17:25,2026-10-14 17:17:59,81.65,86
2026-10-14 16:00:23,2026-10-14 17:17:57,2026-10-14 17:20:44,77.56,81
2026-10-14 16:00:59,2026-10-14 17:17:59,2026-10-14 17:22:14,77.01,81
2026-10-14 16:01:05,2026-10-14 17:20:44,2026-10-14 17:21:18,79.64,82
2026-10-14 16:02:37,2026-10-14 17:21:18,2026-10-14 17:21:50,78.68,81
2026-10-14 16:02:52,2026-10-14 17:21:50,2026-10-14 17:23:02,78.96,82
2026-10-14 16:05:20,2026-10-14 17:22:14,2026-10-14 17:22:21,76.9,81
2026-10-14 16:09:30,2026-10-14 17:22:21,2026-10-14 17:29:49,72.84,77
2026-10-14 16:09:52,2026-10-14 17:23:02,2026-10-14 17:23:20,73.16,78
2026-10-14 16:09:54,2026-10-14 17:23:20,2026-10-14 17:32:19,73.43,79
2026-10-14 16:10:59,2026-10-14 17:25:25,2026-10-14 17:27:23,74.44,80
2026-10-14 16:11:04,2026-10-14 17:27:23,2026-10-14 17:28:15,76.33,81
2026-10-14 16:11:15,2026-10-14 17:28:15,2026-10-14 17:31:37,77.0,82
2026-10-14 16:13:29,2026-10-14 17:29:49,2026-10-14 17:31:27,76.34,83
2026-10-14 16:14:15,2026-10-14 17:31:27,2026-10-14 17:31:41,77.2,83
2026-10-14 16:14:34,2026-10-14 17:31:37,2026-10-14 17:35:13,77.06,84
2026-10-14 16:15:30,2026-10-14 17:31:41,2026-10-14 17:33:20,76.2,84
2026-10-14 16:16:49,2026-10-14 17:32:19,2026-10-14 17:34:49,75.51,82
2026-10-14 16:18:25,2026-10-14 17:33:20,2026-10-14 17:39:39,74.92,80
2026-10-14 16:18:54,2026-10-14 17:34:49,2026-10-14 17:35:40,75.92,81
2026-10-14 16:20:16,2026-10-14 17:35:13,2026-10-14 17:35:23,74.94,82
2026-10-14 16:20:23,2026-10-14 17:35:23,2026-10-14 17:37:14,75.0,82
2026-10-14 16:20:49,2026-10-14 17:35:40,2026-10-14 17:44:12,74.84,82
2026-10-14 16:21:25,2026-10-14 17:37:14,2026-10-14 17:37:50,75.81,83
2026-10-14 16:22:25,2026-10-14 17:37:50,2026-10-14 17:38:52,75.43,83
2026-10-14 16:22:50,2026-10-14 17:38:52,2026-10-14 17:43:18,76.04,83
2026-10-14 16:24:36,2026-10-14 17:39:39,2026-10-14 17:42:12,75.04,82
2026-10-14 16:24:38,2026-10-14 17:42:12,2026-10-14 17:48:16,77.56,83
2026-10-14 16:25:20,2026-10-14 17:43:18,2026-10-14 17:45:32,77.98,84
2026-10-14 16:26:22,2026-10-14 17:44:12,2026-10-14 17:45:04,77.84,84
2026-10-14 16:26:36,2026-10-14 17:45:04,2026-10-14 17:49:59,78.47,85
2026-10-14 16:26:43,2026-10-14 17:45:32,2026-10-14 17:46:12,78.81,86
2026-10-14 16:27:00,2026-10-14 17:46:12,2026-10-14 17:46:21,79.19,85
2026-10-14 16:27:39,2026-10-14 17:46:21,2026-10-14 17:46:44,78.7,86
2026-10-14 16:27:54,2026-10-14 17:46:44,2026-10-14 17:51:58,78.83,86
2026-10-14 16:29:29,2026-10-14 17:48:16,2026-10-14 17:49:44,78.79,87
2026-10-14 16:29:35,2026-10-14 17:49:44,2026-10-14 17:50:25,80.16,88
2026-10-14 16:29:51,2026-10-14 17:49:59,2026-10-14 17:54:44,80.13,89
2026-10-14 16:30:44,2026-10-14 17:50:25,2026-10-14 17:54:34,79.69,90
2026-10-14 16:30:55,2026-10-14 17:51:58,2026-10-14 18:00:05,81.06,91
2026-10-14 16:31:04,2026-10-14 17:54:34,2026-10-14 17:56:10,83.5,92
2026-10-14 16:32:06,2026-10-14 17:54:44,2026-10-14 17:59:56,82.64,93
2026-10-14 16:32:24,2026-10-14 17:56:10,2026-10-14 17:56:47,83.78,94
2026-10-14 16:33:30,2026-10-14 17:56:47,2026-10-14 17:58:20,83.29,95
2026-10-14 16:35:20,2026-10-14 17:58:20,2026-10-14 17:59:55,83.01,94
2026-10-14 16:35:42,2026-10-14 17:59:55,2026-10-14 18:00:19,84.23,95
2026-10-14 16:35:52,2026-10-14 17:59:56,2026-10-14 18:00:13,84.07,96
2026-10-14 16:37:38,2026-10-14 18:00:05,2026-10-14 18:01:57,82.46,89
2026-10-14 16:39:16,2026-10-14 18:00:13,2026-10-14 18:01:45,80.94,89
2026-10-14 16:39:36,2026-10-14 18:00:19,2026-10-14 18:00:36,80.72,90
2026-10-14 16:39:44,2026-10-14 18:00:36,2026-10-14 18:02:53,80.87,91
2026-10-14 16:40:10,2026-10-14 18:01:45,2026-10-14 18:04:04,81.59,91
2026-10-14 16:41:25,2026-10-14 18:01:57,2026-10-14 18:04:24,80.53,90
2026-10-14 16:42:20,2026-10-14 18:02:53,2026-10-14 18:12:00,80.55,90
2026-10-14 16:42:58,2026-10-14 18:04:04,2026-10-14 18:09:19,81.1,90
2026-10-14 16:44:42,2026-10-14 18:04:24,2026-10-14 18:05:21,79.71,89
2026-10-14 16:44:57,2026-10-14 18:05:21,2026-10-14 18:12:56,80.39,89
2026-10-14 16:46:21,2026-10-14 18:09:19,2026-10-14 18:09:54,82.96,89
2026-10-14 16:46:58,2026-10-14 18:09:54,2026-10-14 18:10:39,82.92,87
2026-10-14 16:47:10,2026-10-14 18:10:39,2026-10-14 18:15:21,83.5,88
2026-10-14 16:49:29,2026-10-14 18:12:00,2026-10-14 18:12:16,82.51,86
2026-10-14 16:49:30,2026-10-14 18:12:16,2026-10-14 18:17:13,82.78,87
2026-10-14 16:50:22,2026-10-14 18:12:56,2026-10-14 18:12:58,82.57,88
2026-10-14 16:51:16,2026-10-14 18:12:58,2026-10-14 18:28:50,81.7,88
2026-10-14 16:51:18,2026-10-14 18:15:21,2026-10-14 18:26:56,84.04,89
2026-10-14 16:53:46,2026-10-14 18:17:13,2026-10-14 18:19:55,83.46,89
2026-10-14 16:53:50,2026-10-14 18:19:55,2026-10-14 18:28:19,86.08,90
2026-10-14 16:56:26,2026-10-14 18:26:56,2026-10-14 18:27:58,90.5,86
2026-10-14 16:56:28,2026-10-14 18:27:58,2026-10-14 18:28:35,91.5,87
2026-10-14 16:59:43,2026-10-14 18:28:19,2026-10-14 18:33:52,88.6,86
2026-10-14 16:59:45,2026-10-14 18:28:35,2026-10-14 18:33:45,88.83,87
2026-10-15 09:00:12,2026-10-15 09:00:12,2026-10-15 09:00:42,0.0,0
2026-10-15 09:00:38,2026-10-15 09:00:38,2026-10-15 09:01:09,0.0,0
2026-10-15 09:01:30,2026-10-15 09:01:30,2026-10-15 09:02:06,0.0,0
2026-10-15 09:01:39,2026-10-15 09:01:39,2026-10-15 09:04:50,0.0,0
2026-10-15 09:01:53,2026-10-15 09:01:53,2026-10-15 09:03:33,0.0,0
2026-10-15 09:01:58,2026-10-15 09:02:06,2026-10-15 09:03:16,0.13,0
2026-10-15 09:02:08,2026-10-15 09:03:16,2026-10-15 09:04:45,1.12,0
2026-10-15 09:03:13,2026-10-15 09:03:33,2026-10-15 09:04:55,0.34,1
2026-10-15 09:03:29,2026-10-15 09:04:45,2026-10-15 09:06:33,1.27,1
2026-10-15 09:03:42,2026-10-15 09:04:50,2026-10-15 09:05:37,1.14,1
2026-10-15 09:03:42,2026-10-15 09:04:55,2026-10-15 09:05:45,1.22,2
2026-10-15 09:05:37,2026-10-15 09:05:37,2026-10-15 09:06:45,0.0,0
2026-10-15 09:06:08,2026-10-15 09:06:08,2026-10-15 09:12:22,0.0,0
2026-10-15 09:06:48,2026-10-15 09:06:48,2026-10-15 09:12:00,0.0,0
2026-10-15 09:07:58,2026-10-15 09:07:58,2026-10-15 09:09:31,0.0,0
2026-10-15 09:08:09,2026-10-15 09:09:31,2026-10-15 09:12:20,1.36,0
2026-10-15 09:09:30,2026-10-15 09:12:00,2026-10-15 09:12:45,2.51,1
2026-10-15 09:09:33,2026-10-15 09:12:20,2026-10-15 09:13:59,2.78,1
2026-10-15 09:09:42,2026-10-15 09:12:22,2026-10-15 09:12:24,2.66,2
2026-10-15 09:10:30,2026-10-15 09:12:24,2026-10-15 09:13:46,1.91,3
2026-10-15 09:11:12,2026-10-15 09:12:45,2026-10-15 09:13:44,1.54,4
2026-10-15 09:11:15,2026-10-15 09:13:44,2026-10-15 09:15:03,2.47,5
2026-10-15 09:11:36,2026-10-15 09:13:46,2026-10-15 09:16:39,2.16,6
2026-10-15 09:11:37,2026-10-15 09:13:59,2026-10-15 09:16:25,2.36,7
2026-10-15 09:12:26,2026-10-15 09:15:03,2026-10-15 09:16:51,2.62,4
2026-10-15 09:12:46,2026-10-15 09:16:25,2026-10-15 09:20:07,3.65,4
2026-10-15 09:13:01,2026-10-15 09:16:39,2026-10-15 09:17:46,3.64,5
2026-10-15 09:13:06,2026-10-15 09:16:51,2026-10-15 09:18:05,3.75,6
2026-10-15 09:13:12,2026-10-15 09:17:46,2026-10-15 09:19:13,4.56,7
2026-10-15 09:14:16,2026-10-15 09:18:05,2026-10-15 09:21:36,3.81,5
2026-10-15 09:14:36,2026-10-15 09:19:13,2026-10-15 09:21:24,4.62,6
2026-10-15 09:14:40,2026-10-15 09:20:07,2026-10-15 09:22:13,5.45,7
2026-10-15 09:14:55,2026-10-15 09:21:24,2026-10-15 09:21:43,6.48,8
2026-10-15 09:16:02,2026-10-15 09:21:36,2026-10-15 09:22:08,5.57,8
2026-10-15 09:16:28,2026-10-15 09:21:43,2026-10-15 09:26:16,5.24,8
2026-10-15 09:16:52,2026-10-15 09:22:08,2026-10-15 09:23:19,5.27,7
2026-10-15 09:17:10,2026-10-15 09:22:13,2026-10-15 09:28:17,5.05,8
2026-10-15 09:17:23,2026-10-15 09:23:19,2026-10-15 09:24:11,5.92,9
2026-10-15 09:17:33,2026-10-15 09:24:11,2026-10-15 09:27:54,6.63,10
2026-10-15 09:17:35,2026-10-15 09:26:16,2026-10-15 09:26:21,8.69,11
2026-10-15 09:17:45,2026-10-15 09:26:21,2026-10-15 09:28:48,8.59,12
2026-10-15 09:18:44,2026-10-15 09:27:54,2026-10-15 09:28:12,9.17,11
2026-10-15 09:19:56,2026-10-15 09:28:12,2026-10-15 09:28:37,8.26,11
2026-10-15 09:20:14,2026-10-15 09:28:17,2026-10-15 09:28:21,8.04,11
2026-10-15 09:20:30,2026-10-15 09:28:21,2026-10-15 09:30:57,7.85,12
2026-10-15 09:20:47,2026-10-15 09:28:37,2026-10-15 09:30:09,7.84,13
2026-10-15 09:21:54,2026-10-15 09:28:48,2026-10-15 09:32:22,6.9,11
2026-10-15 09:22:14,2026-10-15 09:30:09,2026-10-15 09:32:38,7.92,10
2026-10-15 09:22:15,2026-10-15 09:30:57,2026-10-15 09:32:46,8.7,11
2026-10-15 09:22:23,2026-10-15 09:32:22,2026-10-15 09:35:12,9.98,12
2026-10-15 09:23:02,2026-10-15 09:32:38,2026-10-15 09:33:38,9.6,13
2026-10-15 09:23:38,2026-10-15 09:32:46,2026-10-15 09:36:20,9.12,13
2026-10-15 09:23:59,2026-10-15 09:33:38,2026-10-15 09:34:44,9.66,14
2026-10-15 09:24:05,2026-10-15 09:34:44,2026-10-15 09:36:59,10.65,15
2026-10-15 09:24:21,2026-10-15 09:35:12,2026-10-15 09:35:24,10.85,15
2026-10-15 09:24:34,2026-10-15 09:35:24,2026-10-15 09:36:45,10.83,16
2026-10-15 09:24:35,2026-10-15 09:36:20,2026-10-15 09:36:50,11.75,17
2026-10-15 09:25:25,2026-10-15 09:36:45,2026-10-15 09:39:25,11.33,18
2026-10-15 09:25:51,2026-10-15 09:36:50,2026-10-15 09:41:33,10.99,19
2026-10-15 09:27:12,2026-10-15 09:36:59,2026-10-15 09:37:33,9.78,18
2026-10-15 09:27:18,2026-10-15 09:37:33,2026-10-15 09:41:28,10.24,19
2026-10-15 09:28:02,2026-10-15 09:39:25,2026-10-15 09:42:26,11.38,19
2026-10-15 09:28:48,2026-10-15 09:41:28,2026-10-15 09:41:58,12.66,15
2026-10-15 09:29:39,2026-10-15 09:41:33,2026-10-15 09:42:22,11.9,16
2026-10-15 09:30:03,2026-10-15 09:41:58,2026-10-15 09:42:45,11.92,17
2026-10-15 09:30:11,2026-10-15 09:42:22,2026-10-15 09:47:05,12.18,17
2026-10-15 09:30:24,2026-10-15 09:42:26,2026-10-15 09:47:54,12.03,18
2026-10-15 09:30:25,2026-10-15 09:42:45,2026-10-15 09:43:52,12.33,19
2026-10-15 09:31:02,2026-10-15 09:43:52,2026-10-15 09:48:09,12.83,19
2026-10-15 09:31:27,2026-10-15 09:47:05,2026-10-15 09:48:41,15.62,20
2026-10-15 09:31:28,2026-10-15 09:47:54,2026-10-15 09:48:34,16.42,21
2026-10-15 09:31:55,2026-10-15 09:48:09,2026-10-15 09:51:45,16.24,22
2026-10-15 09:32:00,2026-10-15 09:48:34,2026-10-15 09:48:48,16.58,23
2026-10-15 09:32:02,2026-10-15 09:48:41,2026-10-15 09:48:58,16.65,24
2026-10-15 09:32:35,2026-10-15 09:48:48,2026-10-15 09:48:51,16.2,24
2026-10-15 09:32:38,2026-10-15 09:48:51,2026-10-15 09:51:42,16.22,24
2026-10-15 09:33:14,2026-10-15 09:48:58,2026-10-15 09:49:39,15.72,24
2026-10-15 09:33:18,2026-10-15 09:49:39,2026-10-15 09:50:51,16.35,25
2026-10-15 09:33:23,2026-10-15 09:50:51,2026-10-15 09:52:07,17.46,26
2026-10-15 09:33:42,2026-10-15 09:51:42,2026-10-15 09:53:20,18.01,26
2026-10-15 09:33:53,2026-10-15 09:51:45,2026-10-15 10:01:53,17.86,27
2026-10-15 09:34:10,2026-10-15 09:52:07,2026-10-15 09:53:21,17.94,28
2026-10-15 09:35:40,2026-10-15 09:53:20,2026-10-15 09:54:45,17.68,26
2026-10-15 09:35:49,2026-10-15 09:53:21,2026-10-15 09:57:24,17.54,27
2026-10-15 09:36:43,2026-10-15 09:54:45,2026-10-15 09:57:14,18.04,27
2026-10-15 09:37:10,2026-10-15 09:57:14,2026-10-15 09:58:23,20.06,25
2026-10-15 09:38:09,2026-10-15 09:57:24,2026-10-15 09:58:59,19.24,25
2026-10-15 09:38:19,2026-10-15 09:58:23,2026-10-15 09:58:57,20.06,26
2026-10-15 09:39:11,2026-10-15 09:58:57,2026-10-15 09:59:47,19.78,27
2026-10-15 09:39:15,2026-10-15 09:58:59,2026-10-15 10:00:45,19.74,28
2026-10-15 09:40:07,2026-10-15 09:59:47,2026-10-15 10:00:15,19.67,28
2026-10-15 09:40:59,2026-10-15 10:00:15,2026-10-15 10:00:37,19.27,29
2026-10-15 09:41:27,2026-10-15 10:00:37,2026-10-15 10:03:58,19.16,30
2026-10-15 09:41:57,2026-10-15 10:00:45,2026-10-15 10:01:06,18.8,29
2026-10-15 09:42:03,2026-10-15 10:01:06,2026-10-15 10:01:42,19.06,29
2026-10-15 09:42:38,2026-10-15 10:01:42,2026-10-15 10:01:55,19.07,28
2026-10-15 09:42:55,2026-10-15 10:01:53,2026-10-15 10:08:18,18.96,28
2026-10-15 09:44:36,2026-10-15 10:01:55,2026-10-15 10:03:00,17.32,28
2026-10-15 09:44:41,2026-10-15 10:03:00,2026-10-15 10:04:05,18.32,29
2026-10-15 09:44:42,2026-10-15 10:03:58,2026-10-15 10:06:03,19.26,30
2026-10-15 09:45:07,2026-10-15 10:04:05,2026-10-15 10:04:58,18.97,31
2026-10-15 09:45:15,2026-10-15 10:04:58,2026-10-15 10:08:29,19.7,32
2026-10-15 09:46:27,2026-10-15 10:06:03,2026-10-15 10:06:25,19.58,33
2026-10-15 09:46:37,2026-10-15 10:06:25,2026-10-15 10:08:27,19.79,34
2026-10-15 09:46:47,2026-10-15 10:08:18,2026-10-15 10:10:30,21.52,35
2026-10-15 09:47:13,2026-10-15 10:08:27,2026-10-15 10:12:20,21.22,35
2026-10-15 09:47:47,2026-10-15 10:08:29,2026-10-15 10:09:57,20.71,36
2026-10-15 09:47:48,2026-10-15 10:09:57,2026-10-15 10:10:01,22.15,37
2026-10-15 09:47:54,2026-10-15 10:10:01,2026-10-15 10:13:44,22.12,37
2026-10-15 09:48:25,2026-10-15 10:10:30,2026-10-15 10:10:37,22.08,37
2026-10-15 09:49:39,2026-10-15 10:10:37,2026-10-15 10:13:33,20.96,32
2026-10-15 09:49:54,2026-10-15 10:12:20,2026-10-15 10:14:04,22.44,33
2026-10-15 09:49:57,2026-10-15 10:13:33,2026-10-15 10:18:32,23.6,34
2026-10-15 09:51:23,2026-10-15 10:13:44,2026-10-15 10:14:15,22.36,34
2026-10-15 09:51:32,2026-10-15 10:14:04,2026-10-15 10:14:23,22.53,35
2026-10-15 09:51:38,2026-10-15 10:14:15,2026-10-15 10:18:23,22.62,36
2026-10-15 09:52:33,2026-10-15 10:14:23,2026-10-15 10:15:15,21.83,34
2026-10-15 09:54:27,2026-10-15 10:15:15,2026-10-15 10:15:30,20.8,33
2026-10-15 09:54:59,2026-10-15 10:15:30,2026-10-15 10:22:23,20.52,33
2026-10-15 09:55:27,2026-10-15 10:18:23,2026-10-15 10:21:08,22.93,34
2026-10-15 09:55:47,2026-10-15 10:18:32,2026-10-15 10:21:03,22.76,35
2026-10-15 09:56:46,2026-10-15 10:21:03,2026-10-15 10:22:16,24.28,36
2026-10-15 09:56:55,2026-10-15 10:21:08,2026-10-15 10:23:03,24.21,37
2026-10-15 09:57:24,2026-10-15 10:22:16,2026-10-15 10:23:49,24.86,36
2026-10-15 09:59:19,2026-10-15 10:22:23,2026-10-15 10:25:28,23.05,34
2026-10-15 09:59:24,2026-10-15 10:23:03,2026-10-15 10:25:24,23.65,35
2026-10-15 09:59:30,2026-10-15 10:23:49,2026-10-15 10:25:05,24.31,36
2026-10-15 10:02:29,2026-10-15 10:25:05,2026-10-15 10:26:15,22.6,29
2026-10-15 10:03:32,2026-10-15 10:25:24,2026-10-15 10:27:05,21.87,29
2026-10-15 10:03:45,2026-10-15 10:25:28,2026-10-15 10:27:18,21.72,30
2026-10-15 10:04:43,2026-10-15 10:26:15,2026-10-15 10:26:26,21.53,29
2026-10-15 10:04:56,2026-10-15 10:26:26,2026-10-15 10:26:42,21.5,30
2026-10-15 10:06:29,2026-10-15 10:26:42,2026-10-15 10:30:18,20.22,28
2026-10-15 10:06:35,2026-10-15 10:27:05,2026-10-15 10:27:17,20.49,29
2026-10-15 10:06:49,2026-10-15 10:27:17,2026-10-15 10:27:43,20.47,30
2026-10-15 10:07:46,2026-10-15 10:27:18,2026-10-15 10:29:51,19.53,31
2026-10-15 10:08:07,2026-10-15 10:27:43,2026-10-15 10:27:53,19.61,32
2026-10-15 10:09:09,2026-10-15 10:27:53,2026-10-15 10:30:15,18.73,30
2026-10-15 10:09:45,2026-10-15 10:29:51,2026-10-15 10:30:11,20.09,31
2026-10-15 10:10:13,2026-10-15 10:30:11,2026-10-15 10:30:14,19.96,30
2026-10-15 10:10:33,2026-10-15 10:30:14,2026-10-15 10:31:24,19.69,30
2026-10-15 10:10:57,2026-10-15 10:30:15,2026-10-15 10:30:31,19.31,30
2026-10-15 10:11:32,2026-10-15 10:30:18,2026-10-15 10:34:50,18.77,31
2026-10-15 10:12:17,2026-10-15 10:30:31,2026-10-15 10:33:13,18.24,32
2026-10-15 10:12:30,2026-10-15 10:31:24,2026-10-15 10:35:54,18.91,32
2026-10-15 10:12:43,2026-10-15 10:33:13,2026-10-15 10:34:38,20.5,33
2026-10-15 10:12:46,2026-10-15 10:34:38,2026-10-15 10:39:00,21.86,34
2026-10-15 10:13:02,2026-10-15 10:34:50,2026-10-15 10:36:47,21.81,35
2026-10-15 10:13:03,2026-10-15 10:35:54,2026-10-15 10:39:53,22.84,36
2026-10-15 10:13:09,2026-10-15 10:36:47,2026-10-15 10:38:16,23.64,37
2026-10-15 10:13:11,2026-10-15 10:38:16,2026-10-15 10:41:58,25.09,38
2026-10-15 10:13:26,2026-10-15 10:39:00,2026-10-15 10:39:23,25.56,39
2026-10-15 10:13:34,2026-10-15 10:39:23,2026-10-15 10:39:29,25.83,39
2026-10-15 10:14:37,2026-10-15 10:39:29,2026-10-15 10:40:18,24.87,36
2026-10-15 10:14:41,2026-10-15 10:39:53,2026-10-15 10:40:30,25.2,37
2026-10-15 10:14:49,2026-10-15 10:40:18,2026-10-15 10:42:32,25.48,38
2026-10-15 10:15:13,2026-10-15 10:40:30,2026-10-15 10:41:06,25.29,39
2026-10-15 10:15:28,2026-10-15 10:41:06,2026-10-15 10:44:22,25.63,39
2026-10-15 10:15:40,2026-10-15 10:41:58,2026-10-15 10:43:03,26.3,39
2026-10-15 10:15:57,2026-10-15 10:42:32,2026-10-15 10:45:54,26.59,40
2026-10-15 10:16:06,2026-10-15 10:43:03,2026-10-15 10:44:58,26.95,41
2026-10-15 10:16:26,2026-10-15 10:44:22,2026-10-15 10:45:03,27.93,42
2026-10-15 10:16:43,2026-10-15 10:44:58,2026-10-15 10:49:33,28.25,43
2026-10-15 10:16:53,2026-10-15 10:45:03,2026-10-15 10:47:57,28.17,44
2026-10-15 10:17:06,2026-10-15 10:45:54,2026-10-15 10:46:15,28.79,45
2026-10-15 10:17:56,2026-10-15 10:46:15,2026-10-15 10:47:30,28.31,46
2026-10-15 10:18:04,2026-10-15 10:47:30,2026-10-15 10:50:48,29.44,47
2026-10-15 10:19:02,2026-10-15 10:47:57,2026-10-15 10:51:22,28.92,46
2026-10-15 10:19:16,2026-10-15 10:49:33,2026-10-15 10:53:26,30.29,47
2026-10-15 10:19:28,2026-10-15 10:50:48,2026-10-15 10:53:14,31.33,48
2026-10-15 10:21:04,2026-10-15 10:51:22,2026-10-15 10:56:42,30.29,48
2026-10-15 10:21:30,2026-10-15 10:53:14,2026-10-15 10:53:24,31.74,48
2026-10-15 10:22:02,2026-10-15 10:53:24,2026-10-15 10:59:09,31.37,49
2026-10-15 10:22:17,2026-10-15 10:53:26,2026-10-15 10:54:59,31.15,49
2026-10-15 10:22:24,2026-10-15 10:54:59,2026-10-15 10:57:37,32.58,49
2026-10-15 10:23:07,2026-10-15 10:56:42,2026-10-15 10:57:53,33.58,49
2026-10-15 10:23:43,2026-10-15 10:57:37,2026-10-15 10:58:10,33.91,50
2026-10-15 10:23:46,2026-10-15 10:57:53,2026-10-15 10:59:54,34.1,51
2026-10-15 10:24:13,2026-10-15 10:58:10,2026-10-15 11:00:28,33.95,51
2026-10-15 10:24:15,2026-10-15 10:59:09,2026-10-15 11:00:14,34.91,52
2026-10-15 10:24:46,2026-10-15 10:59:54,2026-10-15 11:00:15,35.13,53
2026-10-15 10:25:06,2026-10-15 11:00:14,2026-10-15 11:04:59,35.14,53
2026-10-15 10:26:06,2026-10-15 11:00:15,2026-10-15 11:01:09,34.14,52
2026-10-15 10:26:12,2026-10-15 11:00:28,2026-10-15 11:02:00,34.27,53
2026-10-15 10:27:08,2026-10-15 11:01:09,2026-10-15 11:01:57,34.01,50
2026-10-15 10:28:32,2026-10-15 11:01:57,2026-10-15 11:03:04,33.41,47
2026-10-15 10:28:52,2026-10-15 11:02:00,2026-10-15 11:08:19,33.14,48
2026-10-15 10:28:56,2026-10-15 11:03:04,2026-10-15 11:04:04,34.13,49
2026-10-15 10:29:19,2026-10-15 11:04:04,2026-10-15 11:08:57,34.76,50
2026-10-15 10:30:35,2026-10-15 11:04:59,2026-10-15 11:08:35,34.41,45
2026-10-15 10:30:44,2026-10-15 11:08:19,2026-10-15 11:15:40,37.58,46
2026-10-15 10:31:33,2026-10-15 11:08:35,2026-10-15 11:10:52,37.02,46
2026-10-15 10:31:48,2026-10-15 11:08:57,2026-10-15 11:12:25,37.15,47
2026-10-15 10:32:06,2026-10-15 11:10:52,2026-10-15 11:11:40,38.77,48
2026-10-15 10:33:05,2026-10-15 11:11:40,2026-10-15 11:11:54,38.58,49
2026-10-15 10:33:25,2026-10-15 11:11:54,2026-10-15 11:16:33,38.49,49
2026-10-15 10:33:31,2026-10-15 11:12:25,2026-10-15 11:13:13,38.91,50
2026-10-15 10:34:28,2026-10-15 11:13:13,2026-10-15 11:21:00,38.76,51
2026-10-15 10:34:41,2026-10-15 11:15:40,2026-10-15 11:15:49,40.98,51
2026-10-15 10:35:03,2026-10-15 11:15:49,2026-10-15 11:18:52,40.77,51
2026-10-15 10:35:08,2026-10-15 11:16:33,2026-10-15 11:17:23,41.41,52
2026-10-15 10:35:24,2026-10-15 11:17:23,2026-10-15 11:20:30,41.99,53
2026-10-15 10:35:25,2026-10-15 11:18:52,2026-10-15 11:20:21,43.45,54
2026-10-15 10:35:32,2026-10-15 11:20:21,2026-10-15 11:22:09,44.82,55
2026-10-15 10:35:42,2026-10-15 11:20:30,2026-10-15 11:23:32,44.81,56
2026-10-15 10:36:00,2026-10-15 11:21:00,2026-10-15 11:22:16,45.0,56
2026-10-15 10:36:49,2026-10-15 11:22:09,2026-10-15 11:22:23,45.33,56
2026-10-15 10:38:05,2026-10-15 11:22:16,2026-10-15 11:22:54,44.19,57
2026-10-15 10:38:06,2026-10-15 11:22:23,2026-10-15 11:23:33,44.29,58
2026-10-15 10:40:36,2026-10-15 11:22:54,2026-10-15 11:22:57,42.31,52
2026-10-15 10:41:03,2026-10-15 11:22:57,2026-10-15 11:26:20,41.9,53
2026-10-15 10:41:36,2026-10-15 11:23:32,2026-10-15 11:25:18,41.94,53
2026-10-15 10:41:37,2026-10-15 11:23:33,2026-10-15 11:23:47,41.94,54
2026-10-15 10:42:04,2026-10-15 11:23:47,2026-10-15 11:24:00,41.71,54
2026-10-15 10:42:13,2026-10-15 11:24:00,2026-10-15 11:24:52,41.78,55
2026-10-15 10:42:34,2026-10-15 11:24:52,2026-10-15 11:28:01,42.29,55
2026-10-15 10:42:48,2026-10-15 11:25:18,2026-10-15 11:28:37,42.5,56
2026-10-15 10:42:51,2026-10-15 11:26:20,2026-10-15 11:27:51,43.49,57
2026-10-15 10:43:03,2026-10-15 11:27:51,2026-10-15 11:29:11,44.8,57
2026-10-15 10:43:04,2026-10-15 11:28:01,2026-10-15 11:32:47,44.96,58
2026-10-15 10:43:15,2026-10-15 11:28:37,2026-10-15 11:29:23,45.36,59
2026-10-15 10:43:35,2026-10-15 11:29:11,2026-10-15 11:30:18,45.6,60
2026-10-15 10:43:39,2026-10-15 11:29:23,2026-10-15 11:30:34,45.73,61
2026-10-15 10:45:02,2026-10-15 11:30:18,2026-10-15 11:30:41,45.26,60
2026-10-15 10:45:33,2026-10-15 11:30:34,2026-10-15 11:30:51,45.01,60
2026-10-15 10:45:59,2026-10-15 11:30:41,2026-10-15 11:31:48,44.71,60
2026-10-15 10:47:33,2026-10-15 11:30:51,2026-10-15 11:35:53,43.29,59
2026-10-15 10:47:34,2026-10-15 11:31:48,2026-10-15 11:33:34,44.24,60
2026-10-15 10:48:04,2026-10-15 11:32:47,2026-10-15 11:36:26,44.72,60
2026-10-15 10:48:24,2026-10-15 11:33:34,2026-10-15 11:34:54,45.17,61
2026-10-15 10:49:29,2026-10-15 11:34:54,2026-10-15 11:37:06,45.42,62
2026-10-15 10:49:54,2026-10-15 11:35:53,2026-10-15 11:36:17,45.98,62
2026-10-15 10:49:54,2026-10-15 11:36:17,2026-10-15 11:37:54,46.38,63
2026-10-15 10:50:10,2026-10-15 11:36:26,2026-10-15 11:36:40,46.25,64
2026-10-15 10:50:40,2026-10-15 11:36:40,2026-10-15 11:40:14,45.99,65
2026-10-15 10:51:32,2026-10-15 11:37:06,2026-10-15 11:37:30,45.57,64
2026-10-15 10:52:07,2026-10-15 11:37:30,2026-10-15 11:38:58,45.39,65
2026-10-15 10:52:58,2026-10-15 11:37:54,2026-10-15 11:40:07,44.94,66
2026-10-15 10:53:10,2026-10-15 11:38:58,2026-10-15 11:39:20,45.81,67
2026-10-15 10:53:14,2026-10-15 11:39:20,2026-10-15 11:40:49,46.09,67
2026-10-15 10:53:17,2026-10-15 11:40:07,2026-10-15 11:40:08,46.83,68
2026-10-15 10:53:38,2026-10-15 11:40:08,2026-10-15 11:40:11,46.5,67
2026-10-15 10:54:05,2026-10-15 11:40:11,2026-10-15 11:40:11,46.1,68
2026-10-15 10:56:20,2026-10-15 11:40:11,2026-10-15 11:41:47,43.84,68
2026-10-15 10:56:25,2026-10-15 11:40:14,2026-10-15 11:40:36,43.82,69
2026-10-15 10:56:45,2026-10-15 11:40:36,2026-10-15 11:40:43,43.85,69
2026-10-15 10:57:13,2026-10-15 11:40:43,2026-10-15 11:42:53,43.5,70
2026-10-15 10:57:27,2026-10-15 11:40:49,2026-10-15 11:41:02,43.36,71
2026-10-15 10:57:53,2026-10-15 11:41:02,2026-10-15 11:45:07,43.15,70
2026-10-15 10:58:24,2026-10-15 11:41:47,2026-10-15 11:42:25,43.37,70
2026-10-15 10:59:04,2026-10-15 11:42:25,2026-10-15 11:42:26,43.36,71
2026-10-15 10:59:12,2026-10-15 11:42:26,2026-10-15 11:43:22,43.24,71
2026-10-15 10:59:54,2026-10-15 11:42:53,2026-10-15 11:44:11,43.0,72
2026-10-15 11:00:27,2026-10-15 11:43:22,2026-10-15 11:44:22,42.92,70
2026-10-15 11:00:29,2026-10-15 11:44:11,2026-10-15 11:44:54,43.7,70
2026-10-15 11:00:56,2026-10-15 11:44:22,2026-10-15 11:44:46,43.43,71
2026-10-15 11:00:58,2026-10-15 11:44:46,2026-10-15 11:46:15,43.79,72
2026-10-15 11:01:29,2026-10-15 11:44:54,2026-10-15 11:50:54,43.42,72
2026-10-15 11:01:47,2026-10-15 11:45:07,2026-10-15 11:45:55,43.34,73
2026-10-15 11:03:20,2026-10-15 11:45:55,2026-10-15 11:50:57,42.59,71
2026-10-15 11:04:04,2026-10-15 11:46:15,2026-10-15 11:46:59,42.19,72
2026-10-15 11:04:30,2026-10-15 11:46:59,2026-10-15 11:47:44,42.49,72
2026-10-15 11:04:30,2026-10-15 11:47:44,2026-10-15 11:47:52,43.23,73
2026-10-15 11:04:51,2026-10-15 11:47:52,2026-10-15 11:52:15,43.01,74
2026-10-15 11:05:19,2026-10-15 11:50:54,2026-10-15 11:51:37,45.59,74
2026-10-15 11:05:53,2026-10-15 11:50:57,2026-10-15 11:51:58,45.05,75
2026-10-15 11:06:53,2026-10-15 11:51:37,2026-10-15 11:53:11,44.73,76
2026-10-15 11:07:08,2026-10-15 11:51:58,2026-10-15 11:52:31,44.84,77
2026-10-15 11:07:20,2026-10-15 11:52:15,2026-10-15 11:52:50,44.93,78
2026-10-15 11:07:58,2026-10-15 11:52:31,2026-10-15 11:54:21,44.56,79
2026-10-15 11:07:59,2026-10-15 11:52:50,2026-10-15 11:53:25,44.85,80
2026-10-15 11:08:02,2026-10-15 11:53:11,2026-10-15 11:55:44,45.15,81
2026-10-15 11:09:34,2026-10-15 11:53:25,2026-10-15 11:53:38,43.86,79
2026-10-15 11:11:27,2026-10-15 11:53:38,2026-10-15 11:55:23,42.2,79
2026-10-15 11:11:34,2026-10-15 11:54:21,2026-10-15 11:55:18,42.78,80
2026-10-15 11:11:45,2026-10-15 11:55:18,2026-10-15 11:57:33,43.55,80
2026-10-15 11:11:57,2026-10-15 11:55:23,2026-10-15 11:56:05,43.43,80
2026-10-15 11:12:16,2026-10-15 11:55:44,2026-10-15 11:57:04,43.47,81
2026-10-15 11:12:27,2026-10-15 11:56:05,2026-10-15 11:56:07,43.62,81
2026-10-15 11:12:28,2026-10-15 11:56:07,2026-10-15 11:57:32,43.64,82
2026-10-15 11:13:30,2026-10-15 11:57:04,2026-10-15 11:59:33,43.55,82
2026-10-15 11:13:31,2026-10-15 11:57:32,2026-10-15 12:01:00,44.01,83
2026-10-15 11:14:19,2026-10-15 11:57:33,2026-10-15 11:57:48,43.24,84
2026-10-15 11:14:33,2026-10-15 11:57:48,2026-10-15 11:59:11,43.25,85
2026-10-15 11:14:49,2026-10-15 11:59:11,2026-10-15 12:02:14,44.37,86
2026-10-15 11:15:55,2026-10-15 11:59:33,2026-10-15 12:01:09,43.64,85
2026-10-15 11:16:09,2026-10-15 12:01:00,2026-10-15 12:01:48,44.85,86
2026-10-15 11:16:31,2026-10-15 12:01:09,2026-10-15 12:01:43,44.63,87
2026-10-15 11:16:51,2026-10-15 12:01:43,2026-10-15 12:01:50,44.87,87
2026-10-15 11:18:17,2026-10-15 12:01:48,2026-10-15 12:02:05,43.53,87
2026-10-15 11:18:28,2026-10-15 12:01:50,2026-10-15 12:03:47,43.38,88
2026-10-15 11:18:47,2026-10-15 12:02:05,2026-10-15 12:10:57,43.3,89
2026-10-15 11:19:34,2026-10-15 12:02:14,2026-10-15 12:03:30,42.66,89
2026-10-15 11:20:12,2026-10-15 12:03:30,2026-10-15 12:07:32,43.31,90
2026-10-15 11:20:39,2026-10-15 12:03:47,2026-10-15 12:04:06,43.14,89
2026-10-15 11:21:57,2026-10-15 12:04:06,2026-10-15 12:04:09,42.14,89
2026-10-15 11:22:24,2026-10-15 12:04:09,2026-10-15 12:04:10,41.75,87
2026-10-15 11:22:30,2026-10-15 12:04:10,2026-10-15 12:06:57,41.67,88
2026-10-15 11:22:52,2026-10-15 12:06:57,2026-10-15 12:11:50,44.07,89
2026-10-15 11:22:54,2026-10-15 12:07:32,2026-10-15 12:12:41,44.64,90
2026-10-15 11:23:05,2026-10-15 12:10:57,2026-10-15 12:11:54,47.87,89
2026-10-15 11:23:24,2026-10-15 12:11:50,2026-10-15 12:13:03,48.42,90
2026-10-15 11:23:33,2026-10-15 12:11:54,2026-10-15 12:11:57,48.34,89
2026-10-15 11:23:42,2026-10-15 12:11:57,2026-10-15 12:12:32,48.25,90
2026-10-15 11:24:02,2026-10-15 12:12:32,2026-10-15 12:18:00,48.5,89
2026-10-15 11:24:03,2026-10-15 12:12:41,2026-10-15 12:13:35,48.63,90
2026-10-15 11:24:55,2026-10-15 12:13:03,2026-10-15 12:15:18,48.12,90
2026-10-15 11:24:58,2026-10-15 12:13:35,2026-10-15 12:14:02,48.62,91
2026-10-15 11:26:06,2026-10-15 12:14:02,2026-10-15 12:14:52,47.93,91
2026-10-15 11:28:54,2026-10-15 12:14:52,2026-10-15 12:16:25,45.96,88
2026-10-15 11:28:58,2026-10-15 12:15:18,2026-10-15 12:20:50,46.32,89
2026-10-15 11:29:10,2026-10-15 12:16:25,2026-10-15 12:17:35,47.25,90
2026-10-15 11:29:24,2026-10-15 12:17:35,2026-10-15 12:23:01,48.18,89
2026-10-15 11:29:37,2026-10-15 12:18:00,2026-10-15 12:19:37,48.38,90
2026-10-15 11:29:40,2026-10-15 12:19:37,2026-10-15 12:20:02,49.95,91
2026-10-15 11:30:04,2026-10-15 12:20:02,2026-10-15 12:21:01,49.96,92
2026-10-15 11:31:42,2026-10-15 12:20:50,2026-10-15 12:20:54,49.13,89
2026-10-15 11:32:03,2026-10-15 12:20:54,2026-10-15 12:21:22,48.86,89
2026-10-15 11:32:35,2026-10-15 12:21:01,2026-10-15 12:21:04,48.42,90
2026-10-15 11:32:37,2026-10-15 12:21:04,2026-10-15 12:21:46,48.45,91
2026-10-15 11:32:53,2026-10-15 12:21:22,2026-10-15 12:27:31,48.47,91
2026-10-15 11:33:36,2026-10-15 12:21:46,2026-10-15 12:24:34,48.17,91
2026-10-15 11:33:59,2026-10-15 12:23:01,2026-10-15 12:23:21,49.03,92
2026-10-15 11:34:18,2026-10-15 12:23:21,2026-10-15 12:24:12,49.05,93
2026-10-15 11:34:24,2026-10-15 12:24:12,2026-10-15 12:26:16,49.79,94
2026-10-15 11:34:26,2026-10-15 12:24:34,2026-10-15 12:27:12,50.14,95
2026-10-15 11:34:37,2026-10-15 12:26:16,2026-10-15 12:26:56,51.65,96
2026-10-15 11:34:40,2026-10-15 12:26:56,2026-10-15 12:31:17,52.27,97
2026-10-15 11:34:45,2026-10-15 12:27:12,2026-10-15 12:29:14,52.44,98
2026-10-15 11:35:15,2026-10-15 12:27:31,2026-10-15 12:28:19,52.27,98
2026-10-15 11:35:27,2026-10-15 12:28:19,2026-10-15 12:35:58,52.86,99
2026-10-15 11:35:47,2026-10-15 12:29:14,2026-10-15 12:32:23,53.46,100
2026-10-15 11:35:50,2026-10-15 12:31:17,2026-10-15 12:32:05,55.45,101
2026-10-15 11:35:52,2026-10-15 12:32:05,2026-10-15 12:32:39,56.2,102
2026-10-15 11:35:56,2026-10-15 12:32:23,2026-10-15 12:35:42,56.46,102
2026-10-15 11:36:20,2026-10-15 12:32:39,2026-10-15 12:34:51,56.32,102
2026-10-15 11:36:38,2026-10-15 12:34:51,2026-10-15 12:35:57,58.2,102
2026-10-15 11:36:50,2026-10-15 12:35:42,2026-10-15 12:39:51,58.87,102
2026-10-15 11:37:11,2026-10-15 12:35:57,2026-10-15 12:37:51,58.77,102
2026-10-15 11:37:14,2026-10-15 12:35:58,2026-10-15 12:36:09,58.73,103
2026-10-15 11:38:38,2026-10-15 12:36:09,2026-10-15 12:37:02,57.5,102
2026-10-15 11:38:51,2026-10-15 12:37:02,2026-10-15 12:39:15,58.18,103
2026-10-15 11:39:19,2026-10-15 12:37:51,2026-10-15 12:40:29,58.53,103
2026-10-15 11:40:04,2026-10-15 12:39:15,2026-10-15 12:39:40,59.19,103
2026-10-15 11:40:41,2026-10-15 12:39:40,2026-10-15 12:48:57,58.98,98
2026-10-15 11:40:57,2026-10-15 12:39:51,2026-10-15 12:41:39,58.9,97
2026-10-15 11:41:24,2026-10-15 12:40:29,2026-10-15 12:41:44,59.09,97
2026-10-15 11:42:01,2026-10-15 12:41:39,2026-10-15 12:41:53,59.63,97
2026-10-15 11:42:42,2026-10-15 12:41:44,2026-10-15 12:44:25,59.03,96
2026-10-15 11:42:43,2026-10-15 12:41:53,2026-10-15 12:47:26,59.17,97
2026-10-15 11:42:48,2026-10-15 12:44:25,2026-10-15 12:44:37,61.61,98
2026-10-15 11:42:54,2026-10-15 12:44:37,2026-10-15 12:45:21,61.73,98
2026-10-15 11:42:57,2026-10-15 12:45:21,2026-10-15 12:45:52,62.4,99
2026-10-15 11:42:58,2026-10-15 12:45:52,2026-10-15 12:48:40,62.89,100
2026-10-15 11:43:46,2026-10-15 12:47:26,2026-10-15 12:51:25,63.67,100
2026-10-15 11:43:57,2026-10-15 12:48:40,2026-10-15 12:54:22,64.72,101
2026-10-15 11:44:00,2026-10-15 12:48:57,2026-10-15 12:52:37,64.96,102
2026-10-15 11:44:04,2026-10-15 12:51:25,2026-10-15 12:59:00,67.35,103
2026-10-15 11:44:08,2026-10-15 12:52:37,2026-10-15 12:53:55,68.49,104
2026-10-15 11:44:09,2026-10-15 12:53:55,2026-10-15 12:54:48,69.77,105
2026-10-15 11:44:32,2026-10-15 12:54:22,2026-10-15 12:55:29,69.82,104
2026-10-15 11:45:14,2026-10-15 12:54:48,2026-10-15 12:54:53,69.57,102
2026-10-15 11:45:39,2026-10-15 12:54:53,2026-10-15 12:54:57,69.23,103
2026-10-15 11:45:42,2026-10-15 12:54:57,2026-10-15 12:55:24,69.25,104
2026-10-15 11:46:24,2026-10-15 12:55:24,2026-10-15 12:56:14,69.01,103
2026-10-15 11:46:48,2026-10-15 12:55:29,2026-10-15 12:56:18,68.67,104
2026-10-15 11:47:05,2026-10-15 12:56:14,2026-10-15 12:59:02,69.16,104
2026-10-15 11:47:27,2026-10-15 12:56:18,2026-10-15 12:57:28,68.85,105
2026-10-15 11:48:15,2026-10-15 12:57:28,2026-10-15 13:06:49,69.23,104
2026-10-15 11:48:47,2026-10-15 12:59:00,2026-10-15 13:01:37,70.22,105
2026-10-15 11:49:58,2026-10-15 12:59:02,2026-10-15 13:03:48,69.06,106
2026-10-15 11:51:23,2026-10-15 13:01:37,2026-10-15 13:03:50,70.23,105
2026-10-15 11:52:26,2026-10-15 13:03:48,2026-10-15 13:04:08,71.36,103
2026-10-15 11:52:52,2026-10-15 13:03:50,2026-10-15 13:06:21,70.96,102
2026-10-15 11:53:23,2026-10-15 13:04:08,2026-10-15 13:12:48,70.76,102
2026-10-15 11:54:42,2026-10-15 13:06:21,2026-10-15 13:10:39,71.65,100
2026-10-15 11:56:19,2026-10-15 13:06:49,2026-10-15 13:11:31,70.5,96
2026-10-15 11:56:25,2026-10-15 13:10:39,2026-10-15 13:12:21,74.23,97
2026-10-15 11:56:30,2026-10-15 13:11:31,2026-10-15 13:12:57,75.0,98
2026-10-15 11:56:37,2026-10-15 13:12:21,2026-10-15 13:12:49,75.74,99
2026-10-15 11:57:06,2026-10-15 13:12:48,2026-10-15 13:12:51,75.7,99
2026-10-15 11:57:22,2026-10-15 13:12:49,2026-10-15 13:12:57,75.45,100
2026-10-15 11:57:45,2026-10-15 13:12:51,2026-10-15 13:14:40,75.11,99
2026-10-15 11:59:29,2026-10-15 13:12:57,2026-10-15 13:14:10,73.46,98
2026-10-15 11:59:50,2026-10-15 13:12:57,2026-10-15 13:16:06,73.13,98
2026-10-15 12:00:17,2026-10-15 13:14:10,2026-10-15 13:17:14,73.88,99
2026-10-15 12:00:25,2026-10-15 13:14:40,2026-10-15 13:15:21,74.26,100
2026-10-15 12:02:23,2026-10-15 13:15:21,2026-10-15 13:16:12,72.96,94
2026-10-15 12:02:40,2026-10-15 13:16:06,2026-10-15 13:16:19,73.44,95
2026-10-15 12:03:49,2026-10-15 13:16:12,2026-10-15 13:19:30,72.4,94
2026-10-15 12:04:15,2026-10-15 13:16:19,2026-10-15 13:16:43,72.06,92
2026-10-15 12:04:48,2026-10-15 13:16:43,2026-10-15 13:18:16,71.93,93
2026-10-15 12:05:47,2026-10-15 13:17:14,2026-10-15 13:17:25,71.45,94
2026-10-15 12:06:24,2026-10-15 13:17:25,2026-10-15 13:18:51,71.02,95
2026-10-15 12:06:50,2026-10-15 13:18:16,2026-10-15 13:22:10,71.43,96
2026-10-15 12:07:11,2026-10-15 13:18:51,2026-10-15 13:19:38,71.66,96
2026-10-15 12:08:17,2026-10-15 13:19:30,2026-10-15 13:20:13,71.22,96
2026-10-15 12:08:48,2026-10-15 13:19:38,2026-10-15 13:20:09,70.83,97
2026-10-15 12:09:08,2026-10-15 13:20:09,2026-10-15 13:23:56,71.03,98
2026-10-15 12:11:02,2026-10-15 13:20:13,2026-10-15 13:23:35,69.18,98
2026-10-15 12:11:03,2026-10-15 13:22:10,2026-10-15 13:26:49,71.13,99
2026-10-15 12:11:24,2026-10-15 13:23:35,2026-10-15 13:24:34,72.2,100
2026-10-15 12:11:52,2026-10-15 13:23:56,2026-10-15 13:24:17,72.08,100
2026-10-15 12:12:18,2026-10-15 13:24:17,2026-10-15 13:33:16,71.98,99
2026-10-15 12:12:21,2026-10-15 13:24:34,2026-10-15 13:26:14,72.21,100
2026-10-15 12:12:23,2026-10-15 13:26:14,2026-10-15 13:29:02,73.85,101
2026-10-15 12:12:28,2026-10-15 13:26:49,2026-10-15 13:27:36,74.36,102
2026-10-15 12:13:09,2026-10-15 13:27:36,2026-10-15 13:30:26,74.44,100
2026-10-15 12:13:31,2026-10-15 13:29:02,2026-10-15 13:31:06,75.5,101
2026-10-15 12:13:41,2026-10-15 13:30:26,2026-10-15 13:31:29,76.75,101
2026-10-15 12:14:13,2026-10-15 13:31:06,2026-10-15 13:33:21,76.89,101
2026-10-15 12:14:15,2026-10-15 13:31:29,2026-10-15 13:33:49,77.24,102
2026-10-15 12:14:28,2026-10-15 13:33:16,2026-10-15 13:36:48,78.8,103
2026-10-15 12:15:06,2026-10-15 13:33:21,2026-10-15 13:38:24,78.24,103
2026-10-15 12:15:47,2026-10-15 13:33:49,2026-10-15 13:40:39,78.04,103
2026-10-15 12:15:48,2026-10-15 13:36:48,2026-10-15 13:39:22,81.01,104
2026-10-15 12:16:31,2026-10-15 13:38:24,2026-10-15 13:41:30,81.88,104
2026-10-15 12:16:36,2026-10-15 13:39:22,2026-10-15 13:44:07,82.78,105
2026-10-15 12:16:41,2026-10-15 13:40:39,2026-10-15 13:41:57,83.97,106
2026-10-15 12:16:49,2026-10-15 13:41:30,2026-10-15 13:42:03,84.69,107
2026-10-15 12:17:32,2026-10-15 13:41:57,2026-10-15 13:43:23,84.41,108
2026-10-15 12:18:12,2026-10-15 13:42:03,2026-10-15 13:43:28,83.84,107
2026-10-15 12:18:34,2026-10-15 13:43:23,2026-10-15 13:43:23,84.82,108
2026-10-15 12:19:12,2026-10-15 13:43:23,2026-10-15 13:44:51,84.2,109
2026-10-15 12:19:20,2026-10-15 13:43:28,2026-10-15 13:43:29,84.12,110
2026-10-15 12:19:38,2026-10-15 13:43:29,2026-10-15 13:45:58,83.86,110
2026-10-15 12:19:44,2026-10-15 13:44:07,2026-10-15 13:45:20,84.38,111
2026-10-15 12:19:46,2026-10-15 13:44:51,2026-10-15 13:45:38,85.09,112
2026-10-15 12:20:15,2026-10-15 13:45:20,2026-10-15 13:46:39,85.09,112
2026-10-15 12:20:29,2026-10-15 13:45:38,2026-10-15 13:46:52,85.15,113
2026-10-15 12:20:32,2026-10-15 13:45:58,2026-10-15 13:53:26,85.42,114
2026-10-15 12:20:40,2026-10-15 13:46:39,2026-10-15 13:47:36,85.98,115
2026-10-15 12:20:41,2026-10-15 13:46:52,2026-10-15 13:47:03,86.18,116
2026-10-15 12:20:45,2026-10-15 13:47:03,2026-10-15 13:47:12,86.31,117
2026-10-15 12:21:43,2026-10-15 13:47:12,2026-10-15 13:47:51,85.48,113
2026-10-15 12:21:51,2026-10-15 13:47:36,2026-10-15 13:49:27,85.75,113
2026-10-15 12:23:08,2026-10-15 13:47:51,2026-10-15 13:52:27,84.72,113
2026-10-15 12:23:17,2026-10-15 13:49:27,2026-10-15 13:49:34,86.16,114
2026-10-15 12:24:04,2026-10-15 13:49:34,2026-10-15 13:49:39,85.51,114
2026-10-15 12:24:51,2026-10-15 13:49:39,2026-10-15 13:50:39,84.8,113
2026-10-15 12:25:32,2026-10-15 13:50:39,2026-10-15 13:51:14,85.12,114
2026-10-15 12:25:42,2026-10-15 13:51:14,2026-10-15 13:52:00,85.53,115
2026-10-15 12:25:56,2026-10-15 13:52:00,2026-10-15 13:54:17,86.07,116
2026-10-15 12:26:14,2026-10-15 13:52:27,2026-10-15 13:55:19,86.2,117
2026-10-15 12:26:58,2026-10-15 13:53:26,2026-10-15 13:53:58,86.47,116
2026-10-15 12:27:19,2026-10-15 13:53:58,2026-10-15 14:00:09,86.64,116
2026-10-15 12:27:42,2026-10-15 13:54:17,2026-10-15 13:56:04,86.58,116
2026-10-15 12:27:48,2026-10-15 13:55:19,2026-10-15 14:01:31,87.52,117
2026-10-15 12:29:05,2026-10-15 13:56:04,2026-10-15 13:58:10,86.98,117
2026-10-15 12:29:19,2026-10-15 13:58:10,2026-10-15 13:58:14,88.85,117
2026-10-15 12:29:32,2026-10-15 13:58:14,2026-10-15 13:59:12,88.7,118
2026-10-15 12:29:37,2026-10-15 13:59:12,2026-10-15 14:00:31,89.58,119
2026-10-15 12:29:57,2026-10-15 14:00:09,2026-10-15 14:00:49,90.2,120
2026-10-15 12:30:11,2026-10-15 14:00:31,2026-10-15 14:04:28,90.33,121
2026-10-15 12:30:21,2026-10-15 14:00:49,2026-10-15 14:01:14,90.47,122
2026-10-15 12:30:46,2026-10-15 14:01:14,2026-10-15 14:02:17,90.47,123
2026-10-15 12:31:17,2026-10-15 14:01:31,2026-10-15 14:03:10,90.23,123
2026-10-15 12:31:58,2026-10-15 14:02:17,2026-10-15 14:03:56,90.33,124
2026-10-15 12:32:00,2026-10-15 14:03:10,2026-10-15 14:06:56,91.17,125
2026-10-15 12:32:29,2026-10-15 14:03:56,2026-10-15 14:09:09,91.45,124
2026-10-15 12:33:04,2026-10-15 14:04:28,2026-10-15 14:05:25,91.41,124
2026-10-15 12:33:05,2026-10-15 14:05:25,2026-10-15 14:13:12,92.33,125
2026-10-15 12:33:37,2026-10-15 14:06:56,2026-10-15 14:08:18,93.31,126
2026-10-15 12:33:54,2026-10-15 14:08:18,2026-10-15 14:08:23,94.41,127
2026-10-15 12:33:56,2026-10-15 14:08:23,2026-10-15 14:12:20,94.44,128
2026-10-15 12:34:07,2026-10-15 14:09:09,2026-10-15 14:09:38,95.03,129
2026-10-15 12:34:30,2026-10-15 14:09:38,2026-10-15 14:14:29,95.14,130
2026-10-15 12:34:31,2026-10-15 14:12:20,2026-10-15 14:19:11,97.81,131
2026-10-15 12:34:38,2026-10-15 14:13:12,2026-10-15 14:14:04,98.56,132
2026-10-15 12:34:40,2026-10-15 14:14:04,2026-10-15 14:14:12,99.4,133
2026-10-15 12:35:18,2026-10-15 14:14:12,2026-10-15 14:16:28,98.9,133
2026-10-15 12:35:24,2026-10-15 14:14:29,2026-10-15 14:18:16,99.09,134
2026-10-15 12:35:32,2026-10-15 14:16:28,2026-10-15 14:16:33,100.93,135
2026-10-15 12:35:39,2026-10-15 14:16:33,2026-10-15 14:20:33,100.9,136
2026-10-15 12:35:47,2026-10-15 14:18:16,2026-10-15 14:22:35,102.5,136
2026-10-15 12:35:57,2026-10-15 14:19:11,2026-10-15 14:19:14,103.24,137
2026-10-15 12:36:50,2026-10-15 14:19:14,2026-10-15 14:22:23,102.39,135
2026-10-15 12:37:35,2026-10-15 14:20:33,2026-10-15 14:22:39,102.97,135
2026-10-15 12:38:22,2026-10-15 14:22:23,2026-10-15 14:26:00,104.01,135
2026-10-15 12:38:40,2026-10-15 14:22:35,2026-10-15 14:23:15,103.92,136
2026-10-15 12:38:50,2026-10-15 14:22:39,2026-10-15 14:24:26,103.82,137
2026-10-15 12:39:44,2026-10-15 14:23:15,2026-10-15 14:24:08,103.52,136
2026-10-15 12:40:15,2026-10-15 14:24:08,2026-10-15 14:24:15,103.89,136
2026-10-15 12:40:34,2026-10-15 14:24:15,2026-10-15 14:24:21,103.68,136
2026-10-15 12:40:41,2026-10-15 14:24:21,2026-10-15 14:25:00,103.67,137
2026-10-15 12:42:34,2026-10-15 14:24:26,2026-10-15 14:25:03,101.86,135
2026-10-15 12:42:38,2026-10-15 14:25:00,2026-10-15 14:26:27,102.35,136
2026-10-15 12:42:42,2026-10-15 14:25:03,2026-10-15 14:25:42,102.35,137
2026-10-15 12:42:50,2026-10-15 14:25:42,2026-10-15 14:29:54,102.87,138
2026-10-15 12:43:02,2026-10-15 14:26:00,2026-10-15 14:27:18,102.97,139
2026-10-15 12:43:11,2026-10-15 14:26:27,2026-10-15 14:27:37,103.26,140
2026-10-15 12:43:14,2026-10-15 14:27:18,2026-10-15 14:27:21,104.08,141
2026-10-15 12:44:21,2026-10-15 14:27:21,2026-10-15 14:28:17,103.0,142
2026-10-15 12:44:57,2026-10-15 14:27:37,2026-10-15 14:30:01,102.67,141
2026-10-15 12:45:20,2026-10-15 14:28:17,2026-10-15 14:30:13,102.94,142
2026-10-15 12:45:41,2026-10-15 14:29:54,2026-10-15 14:30:29,104.21,142
2026-10-15 12:45:51,2026-10-15 14:30:01,2026-10-15 14:30:17,104.15,143
2026-10-15 12:45:54,2026-10-15 14:30:13,2026-10-15 14:30:50,104.32,143
2026-10-15 12:46:01,2026-10-15 14:30:17,2026-10-15 14:39:18,104.26,144
2026-10-15 12:46:23,2026-10-15 14:30:29,2026-10-15 14:31:41,104.1,145
2026-10-15 12:46:26,2026-10-15 14:30:50,2026-10-15 14:35:29,104.4,146
2026-10-15 12:46:51,2026-10-15 14:31:41,2026-10-15 14:33:31,104.82,147
2026-10-15 12:46:54,2026-10-15 14:33:31,2026-10-15 14:36:46,106.61,148
2026-10-15 12:47:51,2026-10-15 14:35:29,2026-10-15 14:38:21,107.62,148
2026-10-15 12:47:56,2026-10-15 14:36:46,2026-10-15 14:46:30,108.83,149
2026-10-15 12:49:05,2026-10-15 14:38:21,2026-10-15 14:39:06,109.27,148
2026-10-15 12:49:24,2026-10-15 14:39:06,2026-10-15 14:41:47,109.7,149
2026-10-15 12:49:31,2026-10-15 14:39:18,2026-10-15 14:39:21,109.79,150
2026-10-15 12:49:32,2026-10-15 14:39:21,2026-10-15 14:43:14,109.82,151
2026-10-15 12:49:52,2026-10-15 14:41:47,2026-10-15 14:44:11,111.91,152
2026-10-15 12:50:21,2026-10-15 14:43:14,2026-10-15 14:43:24,112.89,153
2026-10-15 12:50:21,2026-10-15 14:43:24,2026-10-15 14:43:59,113.05,154
2026-10-15 12:50:43,2026-10-15 14:43:59,2026-10-15 14:44:03,113.28,155
2026-10-15 12:50:57,2026-10-15 14:44:03,2026-10-15 14:47:12,113.11,156
2026-10-15 12:51:36,2026-10-15 14:44:11,2026-10-15 14:46:26,112.59,156
2026-10-15 12:52:07,2026-10-15 14:46:26,2026-10-15 14:47:20,114.32,157
2026-10-15 12:53:01,2026-10-15 14:46:30,2026-10-15 14:47:09,113.49,157
2026-10-15 12:53:08,2026-10-15 14:47:09,2026-10-15 14:47:36,114.02,158
2026-10-15 12:53:19,2026-10-15 14:47:12,2026-10-15 14:47:20,113.89,159
2026-10-15 12:53:40,2026-10-15 14:47:20,2026-10-15 14:47:53,113.66,160
2026-10-15 12:53:56,2026-10-15 14:47:20,2026-10-15 14:48:02,113.41,160
2026-10-15 12:54:17,2026-10-15 14:47:36,2026-10-15 14:48:37,113.32,161
2026-10-15 12:54:58,2026-10-15 14:47:53,2026-10-15 14:53:31,112.92,158
2026-10-15 12:55:29,2026-10-15 14:48:02,2026-10-15 14:48:36,112.55,158
2026-10-15 12:55:35,2026-10-15 14:48:36,2026-10-15 14:49:14,113.01,158
2026-10-15 12:55:58,2026-10-15 14:48:37,2026-10-15 14:51:10,112.65,159
2026-10-15 12:55:58,2026-10-15 14:49:14,2026-10-15 14:53:25,113.27,160
2026-10-15 12:56:00,2026-10-15 14:51:10,2026-10-15 14:54:00,115.16,161
2026-10-15 12:56:09,2026-10-15 14:53:25,2026-10-15 14:53:32,117.27,162
2026-10-15 12:56:13,2026-10-15 14:53:31,2026-10-15 14:54:54,117.3,163
2026-10-15 12:56:56,2026-10-15 14:53:32,2026-10-15 14:54:54,116.6,162
2026-10-15 12:57:43,2026-10-15 14:54:00,2026-10-15 14:56:52,116.29,162
2026-10-15 12:58:02,2026-10-15 14:54:54,2026-10-15 14:55:53,116.85,163
2026-10-15 12:58:18,2026-10-15 14:54:54,2026-10-15 14:57:33,116.61,164
2026-10-15 12:58:49,2026-10-15 14:55:53,2026-10-15 14:59:43,117.07,165
2026-10-15 12:58:54,2026-10-15 14:56:52,2026-10-15 14:58:38,117.96,166
2026-10-15 12:59:11,2026-10-15 14:57:33,2026-10-15 14:57:59,118.37,165
2026-10-15 12:59:20,2026-10-15 14:57:59,2026-10-15 14:58:08,118.64,166
2026-10-15 12:59:28,2026-10-15 14:58:08,2026-10-15 14:58:24,118.66,167
2026-10-15 12:59:47,2026-10-15 14:58:24,2026-10-15 14:59:53,118.62,168
2026-10-15 12:59:53,2026-10-15 14:58:38,2026-10-15 15:00:05,118.75,169
2026-10-15 13:00:53,2026-10-15 14:59:43,2026-10-15 15:02:34,118.82,170
2026-10-15 13:01:21,2026-10-15 14:59:53,2026-10-15 15:00:25,118.53,171
2026-10-15 13:01:25,2026-10-15 15:00:05,2026-10-15 15:00:20,118.67,172
2026-10-15 13:01:25,2026-10-15 15:00:20,2026-10-15 15:00:38,118.92,173
2026-10-15 13:01:28,2026-10-15 15:00:25,2026-10-15 15:01:07,118.95,174
2026-10-15 13:02:28,2026-10-15 15:00:38,2026-10-15 15:03:30,118.16,174
2026-10-15 13:02:31,2026-10-15 15:01:07,2026-10-15 15:03:30,118.61,175
2026-10-15 13:02:56,2026-10-15 15:02:34,2026-10-15 15:02:47,119.63,176
2026-10-15 13:03:06,2026-10-15 15:02:47,2026-10-15 15:05:29,119.68,177
2026-10-15 13:03:17,2026-10-15 15:03:30,2026-10-15 15:04:17,120.22,178
2026-10-15 13:03:29,2026-10-15 15:03:30,2026-10-15 15:05:39,120.01,179
2026-10-15 13:03:42,2026-10-15 15:04:17,2026-10-15 15:07:30,120.58,180
2026-10-15 13:05:42,2026-10-15 15:05:29,2026-10-15 15:07:08,119.79,178
2026-10-15 13:05:48,2026-10-15 15:05:39,2026-10-15 15:07:27,119.85,179
2026-10-15 13:05:50,2026-10-15 15:07:08,2026-10-15 15:07:38,121.31,180
2026-10-15 13:07:06,2026-10-15 15:07:27,2026-10-15 15:08:21,120.36,179
2026-10-15 13:07:50,2026-10-15 15:07:30,2026-10-15 15:09:08,119.66,180
2026-10-15 13:08:13,2026-10-15 15:07:38,2026-10-15 15:08:40,119.42,181
2026-10-15 13:09:22,2026-10-15 15:08:21,2026-10-15 15:11:00,118.98,182
2026-10-15 13:09:35,2026-10-15 15:08:40,2026-10-15 15:09:37,119.09,183
2026-10-15 13:10:31,2026-10-15 15:09:08,2026-10-15 15:09:37,118.63,184
2026-10-15 13:11:15,2026-10-15 15:09:37,2026-10-15 15:11:25,118.35,184
2026-10-15 13:11:34,2026-10-15 15:09:37,2026-10-15 15:15:32,118.05,184
2026-10-15 13:11:37,2026-10-15 15:11:00,2026-10-15 15:12:25,119.38,185
2026-10-15 13:12:20,2026-10-15 15:11:25,2026-10-15 15:18:42,119.08,186
2026-10-15 13:12:36,2026-10-15 15:12:25,2026-10-15 15:12:50,119.82,186
2026-10-15 13:13:16,2026-10-15 15:12:50,2026-10-15 15:13:07,119.57,182
2026-10-15 13:13:37,2026-10-15 15:13:07,2026-10-15 15:14:39,119.5,183
2026-10-15 13:13:39,2026-10-15 15:14:39,2026-10-15 15:16:41,121.0,184
2026-10-15 13:14:38,2026-10-15 15:15:32,2026-10-15 15:15:39,120.89,184
2026-10-15 13:15:29,2026-10-15 15:15:39,2026-10-15 15:20:20,120.15,183
2026-10-15 13:16:24,2026-10-15 15:16:41,2026-10-15 15:17:40,120.28,181
2026-10-15 13:16:28,2026-10-15 15:17:40,2026-10-15 15:17:42,121.2,182
2026-10-15 13:16:38,2026-10-15 15:17:42,2026-10-15 15:18:43,121.07,183
2026-10-15 13:16:38,2026-10-15 15:18:42,2026-10-15 15:19:21,122.06,184
2026-10-15 13:16:41,2026-10-15 15:18:43,2026-10-15 15:19:40,122.04,185
2026-10-15 13:17:47,2026-10-15 15:19:21,2026-10-15 15:22:15,121.57,183
2026-10-15 13:17:53,2026-10-15 15:19:40,2026-10-15 15:20:45,121.78,184
2026-10-15 13:18:07,2026-10-15 15:20:20,2026-10-15 15:25:08,122.22,185
2026-10-15 13:19:07,2026-10-15 15:20:45,2026-10-15 15:21:55,121.63,184
2026-10-15 13:19:15,2026-10-15 15:21:55,2026-10-15 15:28:17,122.67,185
2026-10-15 13:19:24,2026-10-15 15:22:15,2026-10-15 15:22:22,122.84,186
2026-10-15 13:19:32,2026-10-15 15:22:22,2026-10-15 15:24:30,122.82,186
2026-10-15 13:21:01,2026-10-15 15:24:30,2026-10-15 15:26:12,123.49,184
2026-10-15 13:21:29,2026-10-15 15:25:08,2026-10-15 15:25:47,123.65,185
2026-10-15 13:21:45,2026-10-15 15:25:47,2026-10-15 15:28:33,124.04,186
2026-10-15 13:22:56,2026-10-15 15:26:12,2026-10-15 15:29:50,123.26,186
2026-10-15 13:23:10,2026-10-15 15:28:17,2026-10-15 15:29:08,125.12,187
2026-10-15 13:24:31,2026-10-15 15:28:33,2026-10-15 15:29:31,124.02,185
2026-10-15 13:24:52,2026-10-15 15:29:08,2026-10-15 15:29:36,124.26,185
2026-10-15 13:25:02,2026-10-15 15:29:31,2026-10-15 15:29:36,124.49,186
2026-10-15 13:25:37,2026-10-15 15:29:36,2026-10-15 15:32:05,123.97,187
2026-10-15 13:26:00,2026-10-15 15:29:36,2026-10-15 15:29:58,123.6,188
2026-10-15 13:26:09,2026-10-15 15:29:50,2026-10-15 15:35:59,123.67,189
2026-10-15 13:27:06,2026-10-15 15:29:58,2026-10-15 15:31:53,122.86,188
2026-10-15 13:27:26,2026-10-15 15:31:53,2026-10-15 15:34:15,124.45,189
2026-10-15 13:27:57,2026-10-15 15:32:05,2026-10-15 15:33:13,124.14,189
2026-10-15 13:27:57,2026-10-15 15:33:13,2026-10-15 15:36:35,125.27,190
2026-10-15 13:28:29,2026-10-15 15:34:15,2026-10-15 15:35:35,125.77,191
2026-10-15 13:28:32,2026-10-15 15:35:35,2026-10-15 15:37:03,127.05,192
2026-10-15 13:28:38,2026-10-15 15:35:59,2026-10-15 15:36:15,127.34,193
2026-10-15 13:29:08,2026-10-15 15:36:15,2026-10-15 15:36:56,127.11,193
2026-10-15 13:29:33,2026-10-15 15:36:35,2026-10-15 15:38:41,127.03,194
2026-10-15 13:29:42,2026-10-15 15:36:56,2026-10-15 15:37:35,127.23,195
2026-10-15 13:29:44,2026-10-15 15:37:03,2026-10-15 15:39:37,127.32,196
2026-10-15 13:29:52,2026-10-15 15:37:35,2026-10-15 15:40:31,127.71,197
2026-10-15 13:30:15,2026-10-15 15:38:41,2026-10-15 15:43:11,128.44,198
2026-10-15 13:30:20,2026-10-15 15:39:37,2026-10-15 15:40:39,129.28,199
2026-10-15 13:30:22,2026-10-15 15:40:31,2026-10-15 15:41:07,130.14,200
2026-10-15 13:34:07,2026-10-15 15:40:39,2026-10-15 15:44:19,126.53,195
2026-10-15 13:34:12,2026-10-15 15:41:07,2026-10-15 15:45:05,126.91,196
2026-10-15 13:34:18,2026-10-15 15:43:11,2026-10-15 15:44:48,128.89,197
2026-10-15 13:34:55,2026-10-15 15:44:19,2026-10-15 15:46:14,129.4,198
2026-10-15 13:35:19,2026-10-15 15:44:48,2026-10-15 15:49:00,129.49,199
2026-10-15 13:38:00,2026-10-15 15:45:05,2026-10-15 15:46:37,127.09,199
2026-10-15 13:38:42,2026-10-15 15:46:14,2026-10-15 15:51:03,127.54,199
2026-10-15 13:39:23,2026-10-15 15:46:37,2026-10-15 15:47:52,127.24,199
2026-10-15 13:39:43,2026-10-15 15:47:52,2026-10-15 15:49:04,128.16,200
2026-10-15 13:39:56,2026-10-15 15:49:00,2026-10-15 15:51:46,129.07,201
2026-10-15 13:40:21,2026-10-15 15:49:04,2026-10-15 15:50:17,128.73,202
2026-10-15 13:40:51,2026-10-15 15:50:17,2026-10-15 15:54:25,129.43,202
2026-10-15 13:40:59,2026-10-15 15:51:03,2026-10-15 15:53:43,130.07,203
2026-10-15 13:42:01,2026-10-15 15:51:46,2026-10-15 15:55:14,129.74,202
2026-10-15 13:42:10,2026-10-15 15:53:43,2026-10-15 15:54:10,131.54,202
2026-10-15 13:42:14,2026-10-15 15:54:10,2026-10-15 15:58:11,131.93,203
2026-10-15 13:42:45,2026-10-15 15:54:25,2026-10-15 15:54:28,131.66,204
2026-10-15 13:43:35,2026-10-15 15:54:28,2026-10-15 15:54:56,130.89,201
2026-10-15 13:43:43,2026-10-15 15:54:56,2026-10-15 16:03:46,131.22,202
2026-10-15 13:44:07,2026-10-15 15:55:14,2026-10-15 16:01:47,131.11,202
2026-10-15 13:44:29,2026-10-15 15:58:11,2026-10-15 16:01:00,133.7,203
2026-10-15 13:44:40,2026-10-15 16:01:00,2026-10-15 16:01:50,136.33,204
2026-10-15 13:44:47,2026-10-15 16:01:47,2026-10-15 16:03:20,136.99,205
2026-10-15 13:45:06,2026-10-15 16:01:50,2026-10-15 16:03:08,136.74,205
2026-10-15 13:45:35,2026-10-15 16:03:08,2026-10-15 16:03:29,137.54,205
2026-10-15 13:46:51,2026-10-15 16:03:20,2026-10-15 16:03:32,136.48,203
2026-10-15 13:47:02,2026-10-15 16:03:29,2026-10-15 16:06:16,136.45,203
2026-10-15 13:48:09,2026-10-15 16:03:32,2026-10-15 16:03:46,135.37,200
2026-10-15 13:48:21,2026-10-15 16:03:46,2026-10-15 16:03:59,135.42,201
2026-10-15 13:51:34,2026-10-15 16:03:46,2026-10-15 16:04:19,132.2,197
2026-10-15 13:51:38,2026-10-15 16:03:59,2026-10-15 16:06:20,132.35,198
2026-10-15 13:51:52,2026-10-15 16:04:19,2026-10-15 16:05:39,132.45,199
2026-10-15 13:51:53,2026-10-15 16:05:39,2026-10-15 16:06:47,133.78,200
2026-10-15 13:52:24,2026-10-15 16:06:16,2026-10-15 16:11:06,133.87,200
2026-10-15 13:52:49,2026-10-15 16:06:20,2026-10-15 16:07:04,133.5,200
2026-10-15 13:53:51,2026-10-15 16:06:47,2026-10-15 16:06:50,132.92,200
2026-10-15 13:53:54,2026-10-15 16:06:50,2026-10-15 16:09:34,132.93,201
2026-10-15 13:54:14,2026-10-15 16:07:04,2026-10-15 16:09:05,132.82,201
2026-10-15 13:54:17,2026-10-15 16:09:05,2026-10-15 16:09:36,134.81,201
2026-10-15 13:54:23,2026-10-15 16:09:34,2026-10-15 16:10:27,135.18,202
2026-10-15 13:54:40,2026-10-15 16:09:36,2026-10-15 16:09:43,134.94,203
2026-10-15 13:55:05,2026-10-15 16:09:43,2026-10-15 16:11:16,134.63,204
2026-10-15 13:55:32,2026-10-15 16:10:27,2026-10-15 16:12:17,134.92,204
2026-10-15 13:56:37,2026-10-15 16:11:06,2026-10-15 16:11:24,134.47,204
2026-10-15 13:56:55,2026-10-15 16:11:16,2026-10-15 16:13:06,134.36,205
2026-10-15 13:57:21,2026-10-15 16:11:24,2026-10-15 16:12:17,134.05,206
2026-10-15 13:58:25,2026-10-15 16:12:17,2026-10-15 16:12:17,133.87,205
2026-10-15 13:58:39,2026-10-15 16:12:17,2026-10-15 16:16:00,133.64,206
2026-10-15 13:58:56,2026-10-15 16:12:17,2026-10-15 16:14:04,133.35,207
2026-10-15 13:59:08,2026-10-15 16:13:06,2026-10-15 16:15:33,133.96,208
2026-10-15 13:59:26,2026-10-15 16:14:04,2026-10-15 16:14:08,134.64,208
2026-10-15 13:59:52,2026-10-15 16:14:08,2026-10-15 16:14:51,134.27,209
2026-10-15 14:00:34,2026-10-15 16:14:51,2026-10-15 16:15:54,134.28,208
2026-10-15 14:01:10,2026-10-15 16:15:33,2026-10-15 16:19:39,134.38,208
2026-10-15 14:01:20,2026-10-15 16:15:54,2026-10-15 16:16:58,134.57,208
2026-10-15 14:02:01,2026-10-15 16:16:00,2026-10-15 16:16:08,133.99,208
2026-10-15 14:02:47,2026-10-15 16:16:08,2026-10-15 16:18:14,133.34,208
2026-10-15 14:03:10,2026-10-15 16:16:58,2026-10-15 16:17:16,133.8,208
2026-10-15 14:03:25,2026-10-15 16:17:16,2026-10-15 16:17:33,133.85,209
2026-10-15 14:04:46,2026-10-15 16:17:33,2026-10-15 16:19:16,132.79,208
2026-10-15 14:05:29,2026-10-15 16:18:14,2026-10-15 16:21:50,132.76,208
2026-10-15 14:05:40,2026-10-15 16:19:16,2026-10-15 16:21:01,133.6,209
2026-10-15 14:05:55,2026-10-15 16:19:39,2026-10-15 16:20:45,133.73,210
2026-10-15 14:06:32,2026-10-15 16:20:45,2026-10-15 16:20:54,134.22,211
2026-10-15 14:07:08,2026-10-15 16:20:54,2026-10-15 16:23:39,133.78,211
2026-10-15 14:07:15,2026-10-15 16:21:01,2026-10-15 16:24:56,133.77,212
2026-10-15 14:07:19,2026-10-15 16:21:50,2026-10-15 16:21:53,134.52,213
2026-10-15 14:07:48,2026-10-15 16:21:53,2026-10-15 16:26:59,134.08,214
2026-10-15 14:07:53,2026-10-15 16:23:39,2026-10-15 16:25:41,135.76,215
2026-10-15 14:08:49,2026-10-15 16:24:56,2026-10-15 16:27:00,136.11,214
2026-10-15 14:09:04,2026-10-15 16:25:41,2026-10-15 16:27:36,136.61,215
2026-10-15 14:09:35,2026-10-15 16:26:59,2026-10-15 16:27:50,137.4,215
2026-10-15 14:10:30,2026-10-15 16:27:00,2026-10-15 16:27:06,136.5,215
2026-10-15 14:10:56,2026-10-15 16:27:06,2026-10-15 16:28:39,136.18,216
2026-10-15 14:11:05,2026-10-15 16:27:36,2026-10-15 16:28:49,136.51,217
2026-10-15 14:11:26,2026-10-15 16:27:50,2026-10-15 16:29:13,136.39,218
2026-10-15 14:11:58,2026-10-15 16:28:39,2026-10-15 16:28:40,136.68,219
2026-10-15 14:12:16,2026-10-15 16:28:40,2026-10-15 16:29:17,136.4,220
2026-10-15 14:12:40,2026-10-15 16:28:49,2026-10-15 16:29:26,136.14,220
2026-10-15 14:12:43,2026-10-15 16:29:13,2026-10-15 16:30:31,136.5,221
2026-10-15 14:13:06,2026-10-15 16:29:17,2026-10-15 16:30:39,136.18,222
2026-10-15 14:14:09,2026-10-15 16:29:26,2026-10-15 16:33:53,135.28,221
2026-10-15 14:14:24,2026-10-15 16:30:31,2026-10-15 16:38:27,136.12,221
2026-10-15 14:14:48,2026-10-15 16:30:39,2026-10-15 16:30:40,135.84,221
2026-10-15 14:15:13,2026-10-15 16:30:40,2026-10-15 16:36:38,135.45,222
2026-10-15 14:15:21,2026-10-15 16:33:53,2026-10-15 16:35:08,138.54,223
2026-10-15 14:15:23,2026-10-15 16:35:08,2026-10-15 16:38:44,139.75,224
2026-10-15 14:16:22,2026-10-15 16:36:38,2026-10-15 16:37:09,140.27,225
2026-10-15 14:16:25,2026-10-15 16:37:09,2026-10-15 16:37:13,140.73,226
2026-10-15 14:16:38,2026-10-15 16:37:13,2026-10-15 16:38:29,140.59,225
2026-10-15 14:16:49,2026-10-15 16:38:27,2026-10-15 16:40:19,141.63,226
2026-10-15 14:17:26,2026-10-15 16:38:29,2026-10-15 16:39:00,141.05,227
2026-10-15 14:18:11,2026-10-15 16:38:44,2026-10-15 16:39:41,140.55,228
2026-10-15 14:18:45,2026-10-15 16:39:00,2026-10-15 16:40:12,140.26,228
2026-10-15 14:18:55,2026-10-15 16:39:41,2026-10-15 16:40:20,140.76,229
2026-10-15 14:19:13,2026-10-15 16:40:12,2026-10-15 16:40:43,140.99,229
2026-10-15 14:20:15,2026-10-15 16:40:19,2026-10-15 16:41:27,140.07,229
2026-10-15 14:21:44,2026-10-15 16:40:20,2026-10-15 16:40:51,138.61,229
2026-10-15 14:22:20,2026-10-15 16:40:43,2026-10-15 16:41:18,138.39,230
2026-10-15 14:23:09,2026-10-15 16:40:51,2026-10-15 16:41:45,137.7,228
2026-10-15 14:23:23,2026-10-15 16:41:18,2026-10-15 16:42:49,137.91,228
2026-10-15 14:23:35,2026-10-15 16:41:27,2026-10-15 16:41:41,137.86,229
2026-10-15 14:23:36,2026-10-15 16:41:41,2026-10-15 16:48:07,138.07,230
2026-10-15 14:24:15,2026-10-15 16:41:45,2026-10-15 16:42:52,137.49,230
2026-10-15 14:24:43,2026-10-15 16:42:49,2026-10-15 16:45:46,138.11,228
2026-10-15 14:25:30,2026-10-15 16:42:52,2026-10-15 16:47:51,137.37,227
2026-10-15 14:25:37,2026-10-15 16:45:46,2026-10-15 16:46:22,140.16,228
2026-10-15 14:25:52,2026-10-15 16:46:22,2026-10-15 16:46:37,140.5,228
2026-10-15 14:26:20,2026-10-15 16:46:37,2026-10-15 16:48:04,140.27,228
2026-10-15 14:27:09,2026-10-15 16:47:51,2026-10-15 16:56:46,140.7,228
2026-10-15 14:28:02,2026-10-15 16:48:04,2026-10-15 16:48:35,140.03,226
2026-10-15 14:29:06,2026-10-15 16:48:07,2026-10-15 16:48:36,139.02,226
2026-10-15 14:29:15,2026-10-15 16:48:35,2026-10-15 16:49:21,139.33,227
2026-10-15 14:29:41,2026-10-15 16:48:36,2026-10-15 16:52:11,138.93,228
2026-10-15 14:30:39,2026-10-15 16:49:21,2026-10-15 16:51:29,138.7,224
2026-10-15 14:32:52,2026-10-15 16:51:29,2026-10-15 16:52:24,138.62,223
2026-10-15 14:33:08,2026-10-15 16:52:11,2026-10-15 16:53:16,139.06,224
2026-10-15 14:33:49,2026-10-15 16:52:24,2026-10-15 16:52:46,138.58,224
2026-10-15 14:33:54,2026-10-15 16:52:46,2026-10-15 16:53:21,138.87,225
2026-10-15 14:33:54,2026-10-15 16:53:16,2026-10-15 16:53:41,139.36,226
2026-10-15 14:34:23,2026-10-15 16:53:21,2026-10-15 16:56:34,138.97,227
2026-10-15 14:35:47,2026-10-15 16:53:41,2026-10-15 16:54:04,137.89,227
2026-10-15 14:35:53,2026-10-15 16:54:04,2026-10-15 16:58:02,138.19,228
2026-10-15 14:36:06,2026-10-15 16:56:34,2026-10-15 16:57:59,140.46,229
2026-10-15 14:37:53,2026-10-15 16:56:46,2026-10-15 16:58:09,138.88,229
2026-10-15 14:38:02,2026-10-15 16:57:59,2026-10-15 17:01:57,139.94,230
2026-10-15 14:38:40,2026-10-15 16:58:02,2026-10-15 16:59:35,139.37,230
2026-10-15 14:39:30,2026-10-15 16:58:09,2026-10-15 16:59:20,138.65,228
2026-10-15 14:39:35,2026-10-15 16:59:20,2026-10-15 17:03:37,139.74,229
2026-10-15 14:39:42,2026-10-15 16:59:35,2026-10-15 17:03:12,139.9,230
2026-10-15 14:39:50,2026-10-15 17:01:57,2026-10-15 17:08:03,142.11,231
2026-10-15 14:40:01,2026-10-15 17:03:12,2026-10-15 17:04:37,143.19,232
2026-10-15 14:40:47,2026-10-15 17:03:37,2026-10-15 17:05:43,142.83,233
2026-10-15 14:42:30,2026-10-15 17:04:37,2026-10-15 17:06:26,142.11,233
2026-10-15 14:43:05,2026-10-15 17:05:43,2026-10-15 17:07:06,142.64,234
2026-10-15 14:43:29,2026-10-15 17:06:26,2026-10-15 17:06:38,142.96,233
2026-10-15 14:43:48,2026-10-15 17:06:38,2026-10-15 17:08:56,142.82,234
2026-10-15 14:43:51,2026-10-15 17:07:06,2026-10-15 17:09:23,143.25,235
2026-10-15 14:44:04,2026-10-15 17:08:03,2026-10-15 17:08:13,143.98,234
2026-10-15 14:44:09,2026-10-15 17:08:13,2026-10-15 17:09:44,144.06,235
2026-10-15 14:44:11,2026-10-15 17:08:56,2026-10-15 17:09:12,144.77,236
2026-10-15 14:44:18,2026-10-15 17:09:12,2026-10-15 17:09:43,144.9,236
2026-10-15 14:44:23,2026-10-15 17:09:23,2026-10-15 17:09:34,145.0,237
2026-10-15 14:44:46,2026-10-15 17:09:34,2026-10-15 17:11:07,144.8,238
2026-10-15 14:44:49,2026-10-15 17:09:43,2026-10-15 17:12:34,144.89,239
2026-10-15 14:45:28,2026-10-15 17:09:44,2026-10-15 17:12:31,144.25,240
2026-10-15 14:45:36,2026-10-15 17:11:07,2026-10-15 17:11:10,145.53,241
2026-10-15 14:46:51,2026-10-15 17:11:10,2026-10-15 17:20:33,144.33,240
2026-10-15 14:47:16,2026-10-15 17:12:31,2026-10-15 17:13:53,145.25,239
2026-10-15 14:47:18,2026-10-15 17:12:34,2026-10-15 17:16:51,145.26,240
2026-10-15 14:47:29,2026-10-15 17:13:53,2026-10-15 17:14:14,146.41,239
2026-10-15 14:47:50,2026-10-15 17:14:14,2026-10-15 17:16:48,146.4,239
2026-10-15 14:48:09,2026-10-15 17:16:48,2026-10-15 17:19:07,148.65,238
2026-10-15 14:49:04,2026-10-15 17:16:51,2026-10-15 17:19:23,147.78,237
2026-10-15 14:49:17,2026-10-15 17:19:07,2026-10-15 17:27:54,149.82,237
2026-10-15 14:49:27,2026-10-15 17:19:23,2026-10-15 17:23:44,149.93,238
2026-10-15 14:49:32,2026-10-15 17:20:33,2026-10-15 17:29:43,151.02,239
2026-10-15 14:49:54,2026-10-15 17:23:44,2026-10-15 17:24:36,153.83,240
2026-10-15 14:50:57,2026-10-15 17:24:36,2026-10-15 17:26:19,153.65,241
2026-10-15 14:52:03,2026-10-15 17:26:19,2026-10-15 17:32:03,154.26,241
2026-10-15 14:52:28,2026-10-15 17:27:54,2026-10-15 17:31:09,155.44,242
2026-10-15 14:52:44,2026-10-15 17:29:43,2026-10-15 17:31:03,156.97,243
2026-10-15 14:53:02,2026-10-15 17:31:03,2026-10-15 17:32:24,158.03,244
2026-10-15 14:53:14,2026-10-15 17:31:09,2026-10-15 17:31:50,157.92,245
2026-10-15 14:53:19,2026-10-15 17:31:50,2026-10-15 17:34:04,158.53,246
2026-10-15 14:53:19,2026-10-15 17:32:03,2026-10-15 17:33:22,158.73,247
2026-10-15 14:53:55,2026-10-15 17:32:24,2026-10-15 17:35:19,158.47,245
2026-10-15 14:54:22,2026-10-15 17:33:22,2026-10-15 17:33:31,159.0,245
2026-10-15 14:54:27,2026-10-15 17:33:31,2026-10-15 17:34:40,159.08,246
2026-10-15 14:54:33,2026-10-15 17:34:04,2026-10-15 17:34:39,159.52,247
2026-10-15 14:54:34,2026-10-15 17:34:39,2026-10-15 17:34:47,160.08,248
2026-10-15 14:54:45,2026-10-15 17:34:40,2026-10-15 17:35:51,159.92,249
2026-10-15 14:55:24,2026-10-15 17:34:47,2026-10-15 17:35:17,159.38,248
2026-10-15 14:55:30,2026-10-15 17:35:17,2026-10-15 17:35:32,159.79,249
2026-10-15 14:56:27,2026-10-15 17:35:19,2026-10-15 17:35:28,158.86,249
2026-10-15 14:56:57,2026-10-15 17:35:28,2026-10-15 17:35:32,158.52,249
2026-10-15 14:57:04,2026-10-15 17:35:32,2026-10-15 17:36:54,158.46,250
2026-10-15 14:57:08,2026-10-15 17:35:32,2026-10-15 17:38:47,158.4,251
2026-10-15 14:57:12,2026-10-15 17:35:51,2026-10-15 17:35:59,158.64,252
2026-10-15 14:58:10,2026-10-15 17:35:59,2026-10-15 17:36:58,157.82,250
2026-10-15 14:58:14,2026-10-15 17:36:54,2026-10-15 17:42:56,158.65,251
2026-10-15 14:59:13,2026-10-15 17:36:58,2026-10-15 17:38:39,157.76,250
2026-10-15 15:00:19,2026-10-15 17:38:39,2026-10-15 17:44:01,158.33,248
2026-10-15 15:00:29,2026-10-15 17:38:47,2026-10-15 17:45:30,158.3,247
2026-10-15 15:01:09,2026-10-15 17:42:56,2026-10-15 17:45:12,161.78,246
2026-10-15 15:01:22,2026-10-15 17:44:01,2026-10-15 17:45:08,162.65,247
2026-10-15 15:01:26,2026-10-15 17:45:08,2026-10-15 17:46:15,163.7,248
2026-10-15 15:03:05,2026-10-15 17:45:12,2026-10-15 17:46:00,162.12,247
2026-10-15 15:03:18,2026-10-15 17:45:30,2026-10-15 17:59:22,162.2,248
2026-10-15 15:03:21,2026-10-15 17:46:00,2026-10-15 17:53:29,162.65,249
2026-10-15 15:03:51,2026-10-15 17:46:15,2026-10-15 17:55:14,162.39,248
2026-10-15 15:04:29,2026-10-15 17:53:29,2026-10-15 17:54:42,169.0,248
2026-10-15 15:04:38,2026-10-15 17:54:42,2026-10-15 17:55:21,170.07,249
2026-10-15 15:05:33,2026-10-15 17:55:14,2026-10-15 17:57:42,169.68,249
2026-10-15 15:06:29,2026-10-15 17:55:21,2026-10-15 17:55:43,168.86,249
2026-10-15 15:06:51,2026-10-15 17:55:43,2026-10-15 18:03:03,168.87,250
2026-10-15 15:07:12,2026-10-15 17:57:42,2026-10-15 18:02:10,170.49,250
2026-10-15 15:07:13,2026-10-15 17:59:22,2026-10-15 18:00:12,172.14,251
2026-10-15 15:07:34,2026-10-15 18:00:12,2026-10-15 18:04:16,172.62,250
2026-10-15 15:07:43,2026-10-15 18:02:10,2026-10-15 18:02:58,174.45,250
2026-10-15 15:08:12,2026-10-15 18:02:58,2026-10-15 18:07:29,174.76,251
2026-10-15 15:08:23,2026-10-15 18:03:03,2026-10-15 18:05:12,174.66,251
2026-10-15 15:09:31,2026-10-15 18:04:16,2026-10-15 18:07:39,174.75,250
2026-10-15 15:10:18,2026-10-15 18:05:12,2026-10-15 18:06:50,174.9,249
2026-10-15 15:10:21,2026-10-15 18:06:50,2026-10-15 18:07:57,176.48,250
2026-10-15 15:10:23,2026-10-15 18:07:29,2026-10-15 18:08:58,177.11,251
2026-10-15 15:10:28,2026-10-15 18:07:39,2026-10-15 18:12:25,177.2,252
2026-10-15 15:10:33,2026-10-15 18:07:57,2026-10-15 18:17:41,177.4,253
2026-10-15 15:10:44,2026-10-15 18:08:58,2026-10-15 18:09:39,178.25,254
2026-10-15 15:10:46,2026-10-15 18:09:39,2026-10-15 18:09:41,178.88,255
2026-10-15 15:10:47,2026-10-15 18:09:41,2026-10-15 18:13:21,178.89,256
2026-10-15 15:11:30,2026-10-15 18:12:25,2026-10-15 18:13:16,180.92,255
2026-10-15 15:11:55,2026-10-15 18:13:16,2026-10-15 18:15:57,181.35,256
2026-10-15 15:12:28,2026-10-15 18:13:21,2026-10-15 18:18:42,180.89,256
2026-10-15 15:12:31,2026-10-15 18:15:57,2026-10-15 18:18:47,183.43,257
2026-10-15 15:12:33,2026-10-15 18:17:41,2026-10-15 18:20:38,185.14,258
2026-10-15 15:13:00,2026-10-15 18:18:42,2026-10-15 18:20:53,185.7,258
2026-10-15 15:13:12,2026-10-15 18:18:47,2026-10-15 18:22:44,185.59,258
2026-10-15 15:13:22,2026-10-15 18:20:38,2026-10-15 18:22:20,187.27,259
2026-10-15 15:13:56,2026-10-15 18:20:53,2026-10-15 18:22:43,186.95,260
2026-10-15 15:14:17,2026-10-15 18:22:20,2026-10-15 18:23:56,188.04,261
2026-10-15 15:14:44,2026-10-15 18:22:43,2026-10-15 18:23:11,187.98,261
2026-10-15 15:16:56,2026-10-15 18:22:44,2026-10-15 18:30:02,185.79,259
2026-10-15 15:17:46,2026-10-15 18:23:11,2026-10-15 18:25:05,185.41,258
2026-10-15 15:18:02,2026-10-15 18:23:56,2026-10-15 18:25:45,185.89,259
2026-10-15 15:18:22,2026-10-15 18:25:05,2026-10-15 18:25:08,186.71,260
2026-10-15 15:18:29,2026-10-15 18:25:08,2026-10-15 18:27:35,186.66,261
2026-10-15 15:18:40,2026-10-15 18:25:45,2026-10-15 18:31:35,187.1,262
2026-10-15 15:18:42,2026-10-15 18:27:35,2026-10-15 18:28:41,188.88,262
2026-10-15 15:19:15,2026-10-15 18:28:41,2026-10-15 18:32:50,189.44,262
2026-10-15 15:19:32,2026-10-15 18:30:02,2026-10-15 18:31:02,190.5,262
2026-10-15 15:19:39,2026-10-15 18:31:02,2026-10-15 18:31:47,191.39,263
2026-10-15 15:19:57,2026-10-15 18:31:35,2026-10-15 18:34:16,191.63,263
2026-10-15 15:20:38,2026-10-15 18:31:47,2026-10-15 18:32:11,191.15,263
2026-10-15 15:21:04,2026-10-15 18:32:11,2026-10-15 18:33:34,191.11,263
2026-10-15 15:22:23,2026-10-15 18:32:50,2026-10-15 18:32:57,190.46,261
2026-10-15 15:22:30,2026-10-15 18:32:57,2026-10-15 18:34:40,190.46,262
2026-10-15 15:23:12,2026-10-15 18:33:34,2026-10-15 18:34:29,190.37,263
2026-10-15 15:23:25,2026-10-15 18:34:16,2026-10-15 18:36:37,190.84,264
2026-10-15 15:24:45,2026-10-15 18:34:29,2026-10-15 18:40:18,189.74,264
2026-10-15 15:25:44,2026-10-15 18:34:40,2026-10-15 18:37:48,188.93,264
2026-10-15 15:26:15,2026-10-15 18:36:37,2026-10-15 18:38:14,190.37,263
2026-10-15 15:27:05,2026-10-15 18:37:48,2026-10-15 18:38:25,190.71,264
2026-10-15 15:27:06,2026-10-15 18:38:14,2026-10-15 18:38:29,191.13,265
2026-10-15 15:27:55,2026-10-15 18:38:25,2026-10-15 18:39:18,190.51,266
2026-10-15 15:27:56,2026-10-15 18:38:29,2026-10-15 18:39:52,190.54,267
2026-10-15 15:28:44,2026-10-15 18:39:18,2026-10-15 18:39:25,190.57,266
2026-10-15 15:28:45,2026-10-15 18:39:25,2026-10-15 18:41:17,190.66,267
2026-10-15 15:29:08,2026-10-15 18:39:52,2026-10-15 18:43:59,190.73,268
2026-10-15 15:29:38,2026-10-15 18:40:18,2026-10-15 18:42:13,190.67,265
2026-10-15 15:30:16,2026-10-15 18:41:17,2026-10-15 18:45:35,191.02,264
2026-10-15 15:30:34,2026-10-15 18:42:13,2026-10-15 18:49:31,191.65,265
2026-10-15 15:31:03,2026-10-15 18:43:59,2026-10-15 18:48:26,192.94,266
2026-10-15 15:31:14,2026-10-15 18:45:35,2026-10-15 18:47:27,194.35,267
2026-10-15 15:31:23,2026-10-15 18:47:27,2026-10-15 18:48:17,196.07,268
2026-10-15 15:31:45,2026-10-15 18:48:17,2026-10-15 18:48:28,196.53,269
2026-10-15 15:33:16,2026-10-15 18:48:26,2026-10-15 18:50:09,195.16,267
2026-10-15 15:33:22,2026-10-15 18:48:28,2026-10-15 18:52:19,195.11,268
2026-10-15 15:33:39,2026-10-15 18:49:31,2026-10-15 18:56:01,195.87,269
2026-10-15 15:34:19,2026-10-15 18:50:09,2026-10-15 18:50:14,195.83,269
2026-10-15 15:36:51,2026-10-15 18:50:14,2026-10-15 18:50:17,193.38,266
2026-10-15 15:37:22,2026-10-15 18:50:17,2026-10-15 18:50:57,192.93,265
2026-10-15 15:38:02,2026-10-15 18:50:57,2026-10-15 18:51:27,192.92,265
2026-10-15 15:38:21,2026-10-15 18:51:27,2026-10-15 18:53:04,193.11,266
2026-10-15 15:39:02,2026-10-15 18:52:19,2026-10-15 18:54:17,193.3,266
2026-10-15 15:39:03,2026-10-15 18:53:04,2026-10-15 18:56:24,194.02,267
2026-10-15 15:39:07,2026-10-15 18:54:17,2026-10-15 18:55:47,195.17,268
2026-10-15 15:39:16,2026-10-15 18:55:47,2026-10-15 18:59:28,196.52,269
2026-10-15 15:40:03,2026-10-15 18:56:01,2026-10-15 18:57:02,195.97,269
2026-10-15 15:40:05,2026-10-15 18:56:24,2026-10-15 18:58:11,196.32,270
2026-10-15 15:40:17,2026-10-15 18:57:02,2026-10-15 18:57:18,196.75,271
2026-10-15 15:40:20,2026-10-15 18:57:18,2026-10-15 19:03:02,196.97,272
2026-10-15 15:41:18,2026-10-15 18:58:11,2026-10-15 19:01:12,196.89,270
2026-10-15 15:43:21,2026-10-15 18:59:28,2026-10-15 19:00:46,196.1,270
2026-10-15 15:44:13,2026-10-15 19:00:46,2026-10-15 19:02:47,196.54,271
2026-10-15 15:44:18,2026-10-15 19:01:12,2026-10-15 19:04:14,196.9,272
2026-10-15 15:44:30,2026-10-15 19:02:47,2026-10-15 19:05:37,198.29,272
2026-10-15 15:44:55,2026-10-15 19:03:02,2026-10-15 19:09:26,198.11,272
2026-10-15 15:45:34,2026-10-15 19:04:14,2026-10-15 19:04:32,198.66,272
2026-10-15 15:46:04,2026-10-15 19:04:32,2026-10-15 19:04:48,198.46,273
2026-10-15 15:46:25,2026-10-15 19:04:48,2026-10-15 19:05:19,198.39,273
2026-10-15 15:46:58,2026-10-15 19:05:19,2026-10-15 19:06:51,198.35,273
2026-10-15 15:47:24,2026-10-15 19:05:37,2026-10-15 19:08:18,198.22,274
2026-10-15 15:48:10,2026-10-15 19:06:51,2026-10-15 19:07:44,198.68,274
2026-10-15 15:49:06,2026-10-15 19:07:44,2026-10-15 19:08:26,198.62,273
2026-10-15 15:49:25,2026-10-15 19:08:18,2026-10-15 19:09:17,198.87,274
2026-10-15 15:50:22,2026-10-15 19:08:26,2026-10-15 19:11:48,198.07,274
2026-10-15 15:50:57,2026-10-15 19:09:17,2026-10-15 19:10:35,198.32,275
2026-10-15 15:52:18,2026-10-15 19:09:26,2026-10-15 19:09:32,197.13,274
2026-10-15 15:54:34,2026-10-15 19:09:32,2026-10-15 19:11:40,194.96,271
2026-10-15 15:55:03,2026-10-15 19:10:35,2026-10-15 19:11:22,195.53,271
2026-10-15 15:55:25,2026-10-15 19:11:22,2026-10-15 19:12:24,195.96,271
2026-10-15 15:56:26,2026-10-15 19:11:40,2026-10-15 19:11:43,195.24,272
2026-10-15 15:57:13,2026-10-15 19:11:43,2026-10-15 19:12:40,194.5,273
2026-10-15 15:57:14,2026-10-15 19:11:48,2026-10-15 19:12:38,194.56,274
2026-10-15 15:57:25,2026-10-15 19:12:24,2026-10-15 19:15:13,194.98,275
2026-10-15 15:57:32,2026-10-15 19:12:38,2026-10-15 19:13:53,195.09,276
2026-10-15 15:57:44,2026-10-15 19:12:40,2026-10-15 19:18:25,194.94,277
2026-10-15 15:57:54,2026-10-15 19:13:53,2026-10-15 19:18:54,195.98,278
2026-10-15 15:58:11,2026-10-15 19:15:13,2026-10-15 19:18:39,197.04,278
2026-10-15 15:58:59,2026-10-15 19:18:25,2026-10-15 19:19:57,199.44,279
2026-10-15 15:59:19,2026-10-15 19:18:39,2026-10-15 19:18:44,199.34,280
2026-10-15 16:02:16,2026-10-15 19:18:44,2026-10-15 19:20:21,196.47,278
2026-10-15 16:03:02,2026-10-15 19:18:54,2026-10-15 19:19:08,195.86,279
2026-10-15 16:04:43,2026-10-15 19:19:08,2026-10-15 19:28:28,194.41,272
2026-10-15 16:04:49,2026-10-15 19:19:57,2026-10-15 19:20:19,195.14,273
2026-10-15 16:04:59,2026-10-15 19:20:19,2026-10-15 19:23:08,195.33,274
2026-10-15 16:05:00,2026-10-15 19:20:21,2026-10-15 19:21:25,195.35,275
2026-10-15 16:05:08,2026-10-15 19:21:25,2026-10-15 19:23:54,196.28,276
2026-10-15 16:05:13,2026-10-15 19:23:08,2026-10-15 19:24:22,197.92,277
2026-10-15 16:05:31,2026-10-15 19:23:54,2026-10-15 19:27:34,198.38,278
2026-10-15 16:07:30,2026-10-15 19:24:22,2026-10-15 19:25:35,196.87,273
2026-10-15 16:07:40,2026-10-15 19:25:35,2026-10-15 19:26:19,197.92,274
2026-10-15 16:08:06,2026-10-15 19:26:19,2026-10-15 19:27:23,198.21,275
2026-10-15 16:08:07,2026-10-15 19:27:23,2026-10-15 19:30:29,199.27,276
2026-10-15 16:08:19,2026-10-15 19:27:34,2026-10-15 19:33:55,199.25,277
2026-10-15 16:08:42,2026-10-15 19:28:28,2026-10-15 19:30:01,199.76,278
2026-10-15 16:08:42,2026-10-15 19:30:01,2026-10-15 19:30:25,201.32,279
2026-10-15 16:08:43,2026-10-15 19:30:25,2026-10-15 19:31:10,201.69,280
2026-10-15 16:08:51,2026-10-15 19:30:29,2026-10-15 19:32:35,201.64,281
2026-10-15 16:08:56,2026-10-15 19:31:10,2026-10-15 19:31:10,202.23,282
2026-10-15 16:09:43,2026-10-15 19:31:10,2026-10-15 19:33:16,201.45,280
2026-10-15 16:10:01,2026-10-15 19:32:35,2026-10-15 19:32:42,202.57,280
2026-10-15 16:10:32,2026-10-15 19:32:42,2026-10-15 19:33:27,202.17,280
2026-10-15 16:11:38,2026-10-15 19:33:16,2026-10-15 19:34:01,201.64,278
2026-10-15 16:13:23,2026-10-15 19:33:27,2026-10-15 19:33:32,200.07,275
2026-10-15 16:13:30,2026-10-15 19:33:32,2026-10-15 19:34:48,200.03,276
2026-10-15 16:13:47,2026-10-15 19:33:55,2026-10-15 19:34:41,200.14,277
2026-10-15 16:13:54,2026-10-15 19:34:01,2026-10-15 19:34:32,200.12,278
2026-10-15 16:14:07,2026-10-15 19:34:32,2026-10-15 19:38:31,200.42,278
2026-10-15 16:14:31,2026-10-15 19:34:41,2026-10-15 19:35:06,200.16,278
2026-10-15 16:14:45,2026-10-15 19:34:48,2026-10-15 19:35:16,200.05,279
2026-10-15 16:15:41,2026-10-15 19:35:06,2026-10-15 19:35:57,199.41,278
2026-10-15 16:16:11,2026-10-15 19:35:16,2026-10-15 19:36:02,199.08,276
2026-10-15 16:17:09,2026-10-15 19:35:57,2026-10-15 19:40:27,198.81,276
2026-10-15 16:17:11,2026-10-15 19:36:02,2026-10-15 19:36:48,198.86,277
2026-10-15 16:17:11,2026-10-15 19:36:48,2026-10-15 19:36:57,199.62,278
2026-10-15 16:17:17,2026-10-15 19:36:57,2026-10-15 19:39:48,199.65,278
2026-10-15 16:17:17,2026-10-15 19:38:31,2026-10-15 19:41:32,201.22,279
2026-10-15 16:17:37,2026-10-15 19:39:48,2026-10-15 19:43:14,202.18,279
2026-10-15 16:17:48,2026-10-15 19:40:27,2026-10-15 19:42:00,202.66,280
2026-10-15 16:18:05,2026-10-15 19:41:32,2026-10-15 19:43:42,203.45,281
2026-10-15 16:18:26,2026-10-15 19:42:00,2026-10-15 19:46:40,203.58,281
2026-10-15 16:19:12,2026-10-15 19:43:14,2026-10-15 19:44:55,204.04,282
2026-10-15 16:19:54,2026-10-15 19:43:42,2026-10-15 19:45:22,203.79,281
2026-10-15 16:22:16,2026-10-15 19:44:55,2026-10-15 19:46:06,202.64,277
2026-10-15 16:22:49,2026-10-15 19:45:22,2026-10-15 19:47:16,202.55,278
2026-10-15 16:23:06,2026-10-15 19:46:06,2026-10-15 19:46:24,203.0,279
2026-10-15 16:23:07,2026-10-15 19:46:24,2026-10-15 19:48:37,203.28,280
2026-10-15 16:23:50,2026-10-15 19:46:40,2026-10-15 19:48:35,202.83,280
2026-10-15 16:23:52,2026-10-15 19:47:16,2026-10-15 19:50:03,203.4,281
2026-10-15 16:25:23,2026-10-15 19:48:35,2026-10-15 19:55:04,203.19,281
2026-10-15 16:26:23,2026-10-15 19:48:37,2026-10-15 19:54:18,202.24,281
2026-10-15 16:26:23,2026-10-15 19:50:03,2026-10-15 19:50:39,203.66,282
2026-10-15 16:27:15,2026-10-15 19:50:39,2026-10-15 19:51:04,203.38,280
2026-10-15 16:27:56,2026-10-15 19:51:04,2026-10-15 19:51:21,203.13,279
2026-10-15 16:28:05,2026-10-15 19:51:21,2026-10-15 19:53:29,203.26,280
2026-10-15 16:28:14,2026-10-15 19:53:29,2026-10-15 19:53:46,205.24,281
2026-10-15 16:28:42,2026-10-15 19:53:46,2026-10-15 19:59:46,205.07,280
2026-10-15 16:29:01,2026-10-15 19:54:18,2026-10-15 19:54:37,205.29,280
2026-10-15 16:29:10,2026-10-15 19:54:37,2026-10-15 19:57:11,205.45,281
2026-10-15 16:30:10,2026-10-15 19:55:04,2026-10-15 19:55:26,204.91,279
2026-10-15 16:30:12,2026-10-15 19:55:26,2026-10-15 19:55:40,205.23,280
2026-10-15 16:30:19,2026-10-15 19:55:40,2026-10-15 19:58:10,205.35,281
2026-10-15 16:30:35,2026-10-15 19:57:11,2026-10-15 19:57:49,206.59,281
2026-10-15 16:30:51,2026-10-15 19:57:49,2026-10-15 19:58:20,206.97,280
2026-10-15 16:31:18,2026-10-15 19:58:10,2026-10-15 19:58:35,206.87,281
2026-10-15 16:31:22,2026-10-15 19:58:20,2026-10-15 19:59:13,206.98,282
2026-10-15 16:31:38,2026-10-15 19:58:35,2026-10-15 19:58:58,206.95,283
2026-10-15 16:31:42,2026-10-15 19:58:58,2026-10-15 20:02:28,207.26,284
2026-10-15 16:32:10,2026-10-15 19:59:13,2026-10-15 20:02:40,207.05,285
2026-10-15 16:33:35,2026-10-15 19:59:46,2026-10-15 20:02:22,206.19,286
2026-10-15 16:33:45,2026-10-15 20:02:22,2026-10-15 20:03:17,208.62,287
2026-10-15 16:34:37,2026-10-15 20:02:28,2026-10-15 20:02:48,207.85,287
2026-10-15 16:34:42,2026-10-15 20:02:40,2026-10-15 20:03:41,207.97,288
2026-10-15 16:35:05,2026-10-15 20:02:48,2026-10-15 20:04:48,207.71,289
2026-10-15 16:35:13,2026-10-15 20:03:17,2026-10-15 20:03:30,208.07,289
2026-10-15 16:35:21,2026-10-15 20:03:30,2026-10-15 20:09:06,208.14,290
2026-10-15 16:35:30,2026-10-15 20:03:41,2026-10-15 20:09:44,208.17,291
2026-10-15 16:37:31,2026-10-15 20:04:48,2026-10-15 20:04:50,207.27,289
2026-10-15 16:38:03,2026-10-15 20:04:50,2026-10-15 20:07:33,206.78,290
2026-10-15 16:39:31,2026-10-15 20:07:33,2026-10-15 20:08:09,208.03,287
2026-10-15 16:39:36,2026-10-15 20:08:09,2026-10-15 20:09:55,208.55,288
2026-10-15 16:39:37,2026-10-15 20:09:06,2026-10-15 20:12:54,209.49,289
2026-10-15 16:40:03,2026-10-15 20:09:44,2026-10-15 20:10:07,209.68,289
2026-10-15 16:40:48,2026-10-15 20:09:55,2026-10-15 20:10:38,209.13,286
2026-10-15 16:42:14,2026-10-15 20:10:07,2026-10-15 20:11:36,207.9,282
2026-10-15 16:43:05,2026-10-15 20:10:38,2026-10-15 20:11:07,207.55,281
2026-10-15 16:44:45,2026-10-15 20:11:07,2026-10-15 20:12:33,206.37,282
2026-10-15 16:45:28,2026-10-15 20:11:36,2026-10-15 20:12:48,206.13,283
2026-10-15 16:46:19,2026-10-15 20:12:33,2026-10-15 20:13:00,206.23,283
2026-10-15 16:46:38,2026-10-15 20:12:48,2026-10-15 20:15:37,206.17,282
2026-10-15 16:47:39,2026-10-15 20:12:54,2026-10-15 20:16:00,205.25,283
2026-10-15 16:47:51,2026-10-15 20:13:00,2026-10-15 20:16:18,205.15,283
2026-10-15 16:48:17,2026-10-15 20:15:37,2026-10-15 20:20:53,207.34,282
2026-10-15 16:50:59,2026-10-15 20:16:00,2026-10-15 20:17:36,205.02,280
2026-10-15 16:51:05,2026-10-15 20:16:18,2026-10-15 20:18:54,205.23,281
2026-10-15 16:52:58,2026-10-15 20:17:36,2026-10-15 20:19:25,204.62,278
2026-10-15 16:53:08,2026-10-15 20:18:54,2026-10-15 20:19:23,205.77,279
2026-10-15 16:53:09,2026-10-15 20:19:23,2026-10-15 20:20:47,206.24,280
2026-10-15 16:53:20,2026-10-15 20:19:25,2026-10-15 20:19:42,206.09,280
2026-10-15 16:53:27,2026-10-15 20:19:42,2026-10-15 20:22:06,206.25,280
2026-10-15 16:53:27,2026-10-15 20:20:47,2026-10-15 20:21:04,207.32,281
2026-10-15 16:54:43,2026-10-15 20:20:53,2026-10-15 20:25:44,206.16,280
2026-10-15 16:56:41,2026-10-15 20:21:04,2026-10-15 20:24:30,204.39,280
2026-10-15 16:57:51,2026-10-15 20:22:06,2026-10-15 20:25:41,204.25,280
2026-10-15 16:58:44,2026-10-15 20:24:30,2026-10-15 20:25:09,205.77,278
2026-10-15 16:58:46,2026-10-15 20:25:09,2026-10-15 20:26:43,206.38,279
2026-10-15 16:59:20,2026-10-15 20:25:41,2026-10-15 20:27:24,206.35,280
2026-10-15 16:59:28,2026-10-15 20:25:44,2026-10-15 20:25:49,206.27,280
2026-10-15 16:59:39,2026-10-15 20:25:49,2026-10-15 20:27:29,206.17,280
2026-10-16 09:02:38,2026-10-16 09:02:38,2026-10-16 09:15:54,0.0,0
2026-10-16 09:05:35,2026-10-16 09:05:35,2026-10-16 09:10:04,0.0,0
2026-10-16 09:05:42,2026-10-16 09:05:42,2026-10-16 09:07:48,0.0,0
2026-10-16 09:06:38,2026-10-16 09:07:48,2026-10-16 09:08:51,1.18,0
2026-10-16 09:08:58,2026-10-16 09:08:58,2026-10-16 09:10:38,0.0,0
2026-10-16 09:09:51,2026-10-16 09:10:04,2026-10-16 09:12:51,0.21,0
2026-10-16 09:10:34,2026-10-16 09:10:38,2026-10-16 09:11:24,0.06,0
2026-10-16 09:10:35,2026-10-16 09:11:24,2026-10-16 09:15:22,0.81,1
2026-10-16 09:11:00,2026-10-16 09:12:51,2026-10-16 09:13:00,1.84,1
2026-10-16 09:11:07,2026-10-16 09:13:00,2026-10-16 09:22:04,1.87,2
2026-10-16 09:12:35,2026-10-16 09:15:22,2026-10-16 09:21:37,2.8,2
2026-10-16 09:12:57,2026-10-16 09:15:54,2026-10-16 09:20:38,2.94,2
2026-10-16 09:13:20,2026-10-16 09:20:38,2026-10-16 09:21:09,7.29,2
2026-10-16 09:14:08,2026-10-16 09:21:09,2026-10-16 09:23:08,7.03,3
2026-10-16 09:15:17,2026-10-16 09:21:37,2026-10-16 09:22:00,6.34,4
2026-10-16 09:18:04,2026-10-16 09:22:00,2026-10-16 09:23:41,3.92,3
2026-10-16 09:18:30,2026-10-16 09:22:04,2026-10-16 09:26:17,3.57,4
2026-10-16 09:19:21,2026-10-16 09:23:08,2026-10-16 09:24:53,3.77,5
2026-10-16 09:20:34,2026-10-16 09:23:41,2026-10-16 09:25:00,3.11,6
2026-10-16 09:21:00,2026-10-16 09:24:53,2026-10-16 09:31:33,3.88,6
2026-10-16 09:21:37,2026-10-16 09:25:00,2026-10-16 09:35:08,3.39,5
2026-10-16 09:22:10,2026-10-16 09:26:17,2026-10-16 09:31:12,4.12,4
2026-10-16 09:23:16,2026-10-16 09:31:12,2026-10-16 09:35:32,7.93,4
2026-10-16 09:23:50,2026-10-16 09:31:33,2026-10-16 09:35:10,7.72,4
2026-10-16 09:25:33,2026-10-16 09:35:08,2026-10-16 09:37:39,9.59,3
2026-10-16 09:26:08,2026-10-16 09:35:10,2026-10-16 09:37:26,9.04,4
2026-10-16 09:26:10,2026-10-16 09:35:32,2026-10-16 09:37:55,9.37,5
2026-10-16 09:27:13,2026-10-16 09:37:26,2026-10-16 09:38:03,10.22,5
2026-10-16 09:27:27,2026-10-16 09:37:39,2026-10-16 09:38:28,10.19,6
2026-10-16 09:27:56,2026-10-16 09:37:55,2026-10-16 09:39:40,9.98,7
2026-10-16 09:29:06,2026-10-16 09:38:03,2026-10-16 09:39:32,8.95,8
2026-10-16 09:29:18,2026-10-16 09:38:28,2026-10-16 09:41:02,9.16,9
2026-10-16 09:30:39,2026-10-16 09:39:32,2026-10-16 09:42:10,8.88,10
2026-10-16 09:31:04,2026-10-16 09:39:40,2026-10-16 09:40:08,8.59,11
2026-10-16 09:31:54,2026-10-16 09:40:08,2026-10-16 09:40:18,8.24,10
2026-10-16 09:34:00,2026-10-16 09:40:18,2026-10-16 09:41:01,6.31,11
2026-10-16 09:34:39,2026-10-16 09:41:01,2026-10-16 09:42:30,6.38,12
2026-10-16 09:35:04,2026-10-16 09:41:02,2026-10-16 09:44:32,5.97,13
2026-10-16 09:35:38,2026-10-16 09:42:10,2026-10-16 09:44:17,6.53,11
2026-10-16 09:36:22,2026-10-16 09:42:30,2026-10-16 09:44:32,6.13,12
2026-10-16 09:36:27,2026-10-16 09:44:17,2026-10-16 09:45:10,7.82,13
2026-10-16 09:36:31,2026-10-16 09:44:32,2026-10-16 09:45:37,8.01,14
2026-10-16 09:36:53,2026-10-16 09:44:32,2026-10-16 09:49:04,7.65,15
2026-10-16 09:38:49,2026-10-16 09:45:10,2026-10-16 09:48:31,6.36,11
2026-10-16 09:39:19,2026-10-16 09:45:37,2026-10-16 09:47:07,6.3,12
2026-10-16 09:40:03,2026-10-16 09:47:07,2026-10-16 10:01:27,7.07,11
2026-10-16 09:40:55,2026-10-16 09:48:31,2026-10-16 09:48:54,7.61,10
2026-10-16 09:41:28,2026-10-16 09:48:54,2026-10-16 09:49:45,7.44,9
2026-10-16 09:41:43,2026-10-16 09:49:04,2026-10-16 09:51:28,7.34,10
2026-10-16 09:42:09,2026-10-16 09:49:45,2026-10-16 09:51:23,7.6,11
2026-10-16 09:42:21,2026-10-16 09:51:23,2026-10-16 09:52:38,9.03,11
2026-10-16 09:42:21,2026-10-16 09:51:28,2026-10-16 09:52:01,9.1,12
2026-10-16 09:43:06,2026-10-16 09:52:01,2026-10-16 09:52:45,8.92,12
2026-10-16 09:44:38,2026-10-16 09:52:38,2026-10-16 09:54:36,8.0,10
2026-10-16 09:44:42,2026-10-16 09:52:45,2026-10-16 09:59:15,8.05,11
2026-10-16 09:45:19,2026-10-16 09:54:36,2026-10-16 09:54:52,9.29,11
2026-10-16 09:47:02,2026-10-16 09:54:52,2026-10-16 09:54:53,7.83,11
2026-10-16 09:47:15,2026-10-16 09:54:53,2026-10-16 09:58:52,7.63,11
2026-10-16 09:47:47,2026-10-16 09:58:52,2026-10-16 09:59:15,11.09,12
2026-10-16 09:47:54,2026-10-16 09:59:15,2026-10-16 10:01:16,11.35,13
2026-10-16 09:47:56,2026-10-16 09:59:15,2026-10-16 10:01:11,11.33,14
2026-10-16 09:48:05,2026-10-16 10:01:11,2026-10-16 10:02:04,13.1,15
2026-10-16 09:48:12,2026-10-16 10:01:16,2026-10-16 10:03:13,13.05,16
2026-10-16 09:48:14,2026-10-16 10:01:27,2026-10-16 10:02:25,13.22,17
2026-10-16 09:49:04,2026-10-16 10:02:04,2026-10-16 10:03:00,12.99,15
2026-10-16 09:49:21,2026-10-16 10:02:25,2026-10-16 10:02:44,13.07,16
2026-10-16 09:49:56,2026-10-16 10:02:44,2026-10-16 10:04:48,12.79,16
2026-10-16 09:50:02,2026-10-16 10:03:00,2026-10-16 10:06:15,12.97,17
2026-10-16 09:51:21,2026-10-16 10:03:13,2026-10-16 10:08:30,11.87,18
2026-10-16 09:51:55,2026-10-16 10:04:48,2026-10-16 10:05:08,12.88,17
2026-10-16 09:52:13,2026-10-16 10:05:08,2026-10-16 10:10:52,12.92,17
2026-10-16 09:52:51,2026-10-16 10:06:15,2026-10-16 10:07:27,13.39,16
2026-10-16 09:53:04,2026-10-16 10:07:27,2026-10-16 10:09:34,14.38,17
2026-10-16 09:53:11,2026-10-16 10:08:30,2026-10-16 10:09:57,15.32,18
2026-10-16 09:53:39,2026-10-16 10:09:34,2026-10-16 10:22:47,15.92,19
2026-10-16 09:54:04,2026-10-16 10:09:57,2026-10-16 10:12:12,15.88,20
2026-10-16 09:54:14,2026-10-16 10:10:52,2026-10-16 10:20:37,16.64,21
2026-10-16 09:54:17,2026-10-16 10:12:12,2026-10-16 10:18:53,17.92,22
2026-10-16 09:55:41,2026-10-16 10:18:53,2026-10-16 10:27:07,23.21,20
2026-10-16 09:56:20,2026-10-16 10:20:37,2026-10-16 10:21:34,24.29,21
2026-10-16 09:56:31,2026-10-16 10:21:34,2026-10-16 10:22:14,25.04,22
2026-10-16 09:57:44,2026-10-16 10:22:14,2026-10-16 10:23:59,24.5,23
2026-10-16 09:57:45,2026-10-16 10:22:47,2026-10-16 10:26:10,25.04,24
2026-10-16 09:57:53,2026-10-16 10:23:59,2026-10-16 10:24:21,26.1,25
2026-10-16 09:58:13,2026-10-16 10:24:21,2026-10-16 10:24:37,26.14,26
2026-10-16 09:59:30,2026-10-16 10:24:37,2026-10-16 10:27:24,25.13,24
2026-10-16 10:02:33,2026-10-16 10:26:10,2026-10-16 10:33:15,23.61,20
2026-10-16 10:03:21,2026-10-16 10:27:07,2026-10-16 10:28:29,23.78,18
2026-10-16 10:05:12,2026-10-16 10:27:24,2026-10-16 10:30:31,22.21,17
2026-10-16 10:05:29,2026-10-16 10:28:29,2026-10-16 10:28:37,23.01,18
2026-10-16 10:05:43,2026-10-16 10:28:37,2026-10-16 10:29:48,22.89,19
2026-10-16 10:05:44,2026-10-16 10:29:48,2026-10-16 10:32:04,24.07,20
2026-10-16 10:06:15,2026-10-16 10:30:31,2026-10-16 10:36:45,24.26,20
2026-10-16 10:07:02,2026-10-16 10:32:04,2026-10-16 10:35:53,25.04,21
2026-10-16 10:07:36,2026-10-16 10:33:15,2026-10-16 10:33:53,25.65,21
2026-10-16 10:07:49,2026-10-16 10:33:53,2026-10-16 10:37:30,26.08,22
2026-10-16 10:08:04,2026-10-16 10:35:53,2026-10-16 10:37:14,27.82,23
2026-10-16 10:08:42,2026-10-16 10:36:45,2026-10-16 10:37:29,28.05,23
2026-10-16 10:08:49,2026-10-16 10:37:14,2026-10-16 10:39:57,28.43,24
2026-10-16 10:09:13,2026-10-16 10:37:29,2026-10-16 10:37:45,28.25,25
2026-10-16 10:09:53,2026-10-16 10:37:30,2026-10-16 10:38:53,27.62,25
2026-10-16 10:10:03,2026-10-16 10:37:45,2026-10-16 10:38:41,27.7,25
2026-10-16 10:10:06,2026-10-16 10:38:41,2026-10-16 10:39:16,28.58,26
2026-10-16 10:11:41,2026-10-16 10:38:53,2026-10-16 10:43:45,27.21,26
2026-10-16 10:13:16,2026-10-16 10:39:16,2026-10-16 10:41:00,26.01,26
2026-10-16 10:13:34,2026-10-16 10:39:57,2026-10-16 10:42:48,26.37,27
2026-10-16 10:13:50,2026-10-16 10:41:00,2026-10-16 10:43:24,27.17,28
2026-10-16 10:14:12,2026-10-16 10:42:48,2026-10-16 10:43:00,28.59,29
2026-10-16 10:15:04,2026-10-16 10:43:00,2026-10-16 10:43:17,27.93,30
2026-10-16 10:15:42,2026-10-16 10:43:17,2026-10-16 10:46:04,27.59,31
2026-10-16 10:15:42,2026-10-16 10:43:24,2026-10-16 10:43:34,27.69,32
2026-10-16 10:16:07,2026-10-16 10:43:34,2026-10-16 10:45:46,27.45,33
2026-10-16 10:17:46,2026-10-16 10:43:45,2026-10-16 10:45:11,25.99,34
2026-10-16 10:18:00,2026-10-16 10:45:11,2026-10-16 10:45:17,27.18,35
2026-10-16 10:18:00,2026-10-16 10:45:17,2026-10-16 10:47:19,27.28,36
2026-10-16 10:19:23,2026-10-16 10:45:46,2026-10-16 10:52:07,26.38,36
2026-10-16 10:20:31,2026-10-16 10:46:04,2026-10-16 10:49:31,25.56,37
2026-10-16 10:20:35,2026-10-16 10:47:19,2026-10-16 10:47:26,26.73,38
2026-10-16 10:21:01,2026-10-16 10:47:26,2026-10-16 10:54:42,26.42,38
2026-10-16 10:21:45,2026-10-16 10:49:31,2026-10-16 10:50:35,27.77,38
2026-10-16 10:23:14,2026-10-16 10:50:35,2026-10-16 10:56:58,27.36,37
2026-10-16 10:23:48,2026-10-16 10:52:07,2026-10-16 10:54:51,28.33,38
2026-10-16 10:24:50,2026-10-16 10:54:42,2026-10-16 10:55:26,29.86,36
2026-10-16 10:25:42,2026-10-16 10:54:51,2026-10-16 10:55:43,29.14,37
2026-10-16 10:26:11,2026-10-16 10:55:26,2026-10-16 10:59:09,29.26,37
2026-10-16 10:26:13,2026-10-16 10:55:43,2026-10-16 10:57:21,29.49,38
2026-10-16 10:27:25,2026-10-16 10:56:58,2026-10-16 11:01:26,29.55,37
2026-10-16 10:27:47,2026-10-16 10:57:21,2026-10-16 11:00:57,29.57,38
2026-10-16 10:29:07,2026-10-16 10:59:09,2026-10-16 11:00:46,30.03,37
2026-10-16 10:30:35,2026-10-16 11:00:46,2026-10-16 11:08:39,30.18,36
2026-10-16 10:30:38,2026-10-16 11:00:57,2026-10-16 11:03:25,30.31,37
2026-10-16 10:30:53,2026-10-16 11:01:26,2026-10-16 11:06:39,30.55,38
2026-10-16 10:30:59,2026-10-16 11:03:25,2026-10-16 11:08:56,32.43,39
2026-10-16 10:31:07,2026-10-16 11:06:39,2026-10-16 11:09:26,35.52,40
2026-10-16 10:31:53,2026-10-16 11:08:39,2026-10-16 11:13:01,36.76,41
2026-10-16 10:32:08,2026-10-16 11:08:56,2026-10-16 11:09:43,36.8,41
2026-10-16 10:33:29,2026-10-16 11:09:26,2026-10-16 11:11:04,35.95,41
2026-10-16 10:34:06,2026-10-16 11:09:43,2026-10-16 11:12:53,35.61,41
2026-10-16 10:34:29,2026-10-16 11:11:04,2026-10-16 11:15:33,36.58,42
2026-10-16 10:34:51,2026-10-16 11:12:53,2026-10-16 11:14:59,38.02,43
2026-10-16 10:35:55,2026-10-16 11:13:01,2026-10-16 11:13:11,37.11,43
2026-10-16 10:37:56,2026-10-16 11:13:11,2026-10-16 11:21:43,35.26,39
2026-10-16 10:38:13,2026-10-16 11:14:59,2026-10-16 11:18:46,36.77,40
2026-10-16 10:39:18,2026-10-16 11:15:33,2026-10-16 11:15:51,36.24,38
2026-10-16 10:39:22,2026-10-16 11:15:51,2026-10-16 11:17:52,36.49,39
2026-10-16 10:39:51,2026-10-16 11:17:52,2026-10-16 11:18:57,38.03,40
2026-10-16 10:40:06,2026-10-16 11:18:46,2026-10-16 11:20:12,38.67,40
2026-10-16 10:40:17,2026-10-16 11:18:57,2026-10-16 11:19:55,38.67,41
2026-10-16 10:40:24,2026-10-16 11:19:55,2026-10-16 11:19:56,39.52,42
2026-10-16 10:40:49,2026-10-16 11:19:56,2026-10-16 11:22:39,39.12,43
2026-10-16 10:41:09,2026-10-16 11:20:12,2026-10-16 11:22:27,39.04,43
2026-10-16 10:41:37,2026-10-16 11:21:43,2026-10-16 11:27:39,40.1,44
2026-10-16 10:42:47,2026-10-16 11:22:27,2026-10-16 11:34:00,39.66,45
2026-10-16 10:43:50,2026-10-16 11:22:39,2026-10-16 11:24:09,38.82,40
2026-10-16 10:44:22,2026-10-16 11:24:09,2026-10-16 11:30:29,39.79,41
2026-10-16 10:44:25,2026-10-16 11:27:39,2026-10-16 11:28:03,43.23,42
2026-10-16 10:44:25,2026-10-16 11:28:03,2026-10-16 11:28:39,43.64,43
2026-10-16 10:44:27,2026-10-16 11:28:39,2026-10-16 11:32:10,44.2,44
2026-10-16 10:44:40,2026-10-16 11:30:29,2026-10-16 11:33:46,45.82,45
2026-10-16 10:45:21,2026-10-16 11:32:10,2026-10-16 11:32:26,46.81,44
2026-10-16 10:45:24,2026-10-16 11:32:26,2026-10-16 11:33:36,47.04,45
2026-10-16 10:45:35,2026-10-16 11:33:36,2026-10-16 11:40:44,48.01,46
2026-10-16 10:46:05,2026-10-16 11:33:46,2026-10-16 11:35:56,47.68,45
2026-10-16 10:46:25,2026-10-16 11:34:00,2026-10-16 11:34:49,47.6,46
2026-10-16 10:47:18,2026-10-16 11:34:49,2026-10-16 11:35:29,47.52,47
2026-10-16 10:47:29,2026-10-16 11:35:29,2026-10-16 11:35:50,48.0,46
2026-10-16 10:48:58,2026-10-16 11:35:50,2026-10-16 11:39:01,46.86,47
2026-10-16 10:49:11,2026-10-16 11:35:56,2026-10-16 11:40:18,46.76,48
2026-10-16 10:49:15,2026-10-16 11:39:01,2026-10-16 11:41:57,49.77,49
2026-10-16 10:49:28,2026-10-16 11:40:18,2026-10-16 11:45:38,50.82,50
2026-10-16 10:50:32,2026-10-16 11:40:44,2026-10-16 11:41:40,50.2,50
2026-10-16 10:51:12,2026-10-16 11:41:40,2026-10-16 11:42:18,50.47,50
2026-10-16 10:51:29,2026-10-16 11:41:57,2026-10-16 11:42:41,50.47,51
2026-10-16 10:52:48,2026-10-16 11:42:18,2026-10-16 11:43:16,49.49,51
2026-10-16 10:53:04,2026-10-16 11:42:41,2026-10-16 11:43:09,49.62,52
2026-10-16 10:53:09,2026-10-16 11:43:09,2026-10-16 11:47:25,50.0,53
2026-10-16 10:54:05,2026-10-16 11:43:16,2026-10-16 11:45:26,49.19,54
2026-10-16 10:54:20,2026-10-16 11:45:26,2026-10-16 11:45:28,51.1,55
2026-10-16 10:54:28,2026-10-16 11:45:28,2026-10-16 11:47:48,51.0,56
2026-10-16 10:54:40,2026-10-16 11:45:38,2026-10-16 11:47:52,50.97,57
2026-10-16 10:56:02,2026-10-16 11:47:25,2026-10-16 11:47:29,51.4,54
2026-10-16 10:56:21,2026-10-16 11:47:29,2026-10-16 11:50:02,51.14,55
2026-10-16 10:57:00,2026-10-16 11:47:48,2026-10-16 11:53:17,50.79,55
2026-10-16 10:57:25,2026-10-16 11:47:52,2026-10-16 11:49:03,50.46,55
2026-10-16 10:58:24,2026-10-16 11:49:03,2026-10-16 11:49:10,50.66,56
2026-10-16 10:58:35,2026-10-16 11:49:10,2026-10-16 11:52:47,50.58,57
2026-10-16 10:59:43,2026-10-16 11:50:02,2026-10-16 11:52:24,50.31,57
2026-10-16 10:59:54,2026-10-16 11:52:24,2026-10-16 12:02:47,52.51,58
2026-10-16 11:00:00,2026-10-16 11:52:47,2026-10-16 11:56:37,52.79,59
2026-10-16 11:00:13,2026-10-16 11:53:17,2026-10-16 12:01:09,53.07,60
2026-10-16 11:00:54,2026-10-16 11:56:37,2026-10-16 11:56:43,55.72,60
2026-10-16 11:01:50,2026-10-16 11:56:43,2026-10-16 12:05:06,54.88,59
2026-10-16 11:02:02,2026-10-16 12:01:09,2026-10-16 12:02:46,59.12,60
2026-10-16 11:02:19,2026-10-16 12:02:46,2026-10-16 12:07:32,60.45,61
2026-10-16 11:02:40,2026-10-16 12:02:47,2026-10-16 12:03:21,60.11,62
2026-10-16 11:03:27,2026-10-16 12:03:21,2026-10-16 12:03:42,59.89,62
2026-10-16 11:03:36,2026-10-16 12:03:42,2026-10-16 12:03:53,60.1,63
2026-10-16 11:03:40,2026-10-16 12:03:53,2026-10-16 12:08:05,60.22,64
2026-10-16 11:04:13,2026-10-16 12:05:06,2026-10-16 12:05:11,60.9,65
2026-10-16 11:05:54,2026-10-16 12:05:11,2026-10-16 12:07:18,59.28,66
2026-10-16 11:06:09,2026-10-16 12:07:18,2026-10-16 12:08:50,61.15,67
2026-10-16 11:06:48,2026-10-16 12:07:32,2026-10-16 12:08:19,60.73,67
2026-10-16 11:07:04,2026-10-16 12:08:05,2026-10-16 12:16:11,61.02,68
2026-10-16 11:07:20,2026-10-16 12:08:19,2026-10-16 12:09:13,61.0,69
2026-10-16 11:09:07,2026-10-16 12:08:50,2026-10-16 12:15:41,59.73,68
2026-10-16 11:09:45,2026-10-16 12:09:13,2026-10-16 12:09:32,59.47,67
2026-10-16 11:10:39,2026-10-16 12:09:32,2026-10-16 12:09:51,58.88,68
2026-10-16 11:11:26,2026-10-16 12:09:51,2026-10-16 12:14:50,58.42,68
2026-10-16 11:11:45,2026-10-16 12:14:50,2026-10-16 12:15:57,63.09,69
2026-10-16 11:11:48,2026-10-16 12:15:41,2026-10-16 12:15:43,63.88,70
2026-10-16 11:11:53,2026-10-16 12:15:43,2026-10-16 12:22:45,63.83,71
2026-10-16 11:12:20,2026-10-16 12:15:57,2026-10-16 12:17:44,63.62,72
2026-10-16 11:13:28,2026-10-16 12:16:11,2026-10-16 12:28:25,62.7,70
2026-10-16 11:13:29,2026-10-16 12:17:44,2026-10-16 12:18:12,64.24,71
2026-10-16 11:13:38,2026-10-16 12:18:12,2026-10-16 12:24:17,64.56,72
2026-10-16 11:14:22,2026-10-16 12:22:45,2026-10-16 12:23:43,68.38,73
2026-10-16 11:14:24,2026-10-16 12:23:43,2026-10-16 12:24:37,69.32,74
2026-10-16 11:14:30,2026-10-16 12:24:17,2026-10-16 12:26:20,69.78,75
2026-10-16 11:17:18,2026-10-16 12:24:37,2026-10-16 12:28:42,67.31,73
2026-10-16 11:17:26,2026-10-16 12:26:20,2026-10-16 12:30:01,68.91,74
2026-10-16 11:17:40,2026-10-16 12:28:25,2026-10-16 12:29:07,70.75,75
2026-10-16 11:17:52,2026-10-16 12:28:42,2026-10-16 12:31:11,70.84,76
2026-10-16 11:18:05,2026-10-16 12:29:07,2026-10-16 12:33:34,71.03,76
2026-10-16 11:19:17,2026-10-16 12:30:01,2026-10-16 12:32:06,70.75,75
2026-10-16 11:19:55,2026-10-16 12:31:11,2026-10-16 12:34:07,71.26,76
2026-10-16 11:20:25,2026-10-16 12:32:06,2026-10-16 12:32:40,71.69,74
2026-10-16 11:20:31,2026-10-16 12:32:40,2026-10-16 12:35:53,72.14,75
2026-10-16 11:21:34,2026-10-16 12:33:34,2026-10-16 12:35:37,72.01,76
2026-10-16 11:23:03,2026-10-16 12:34:07,2026-10-16 12:36:20,71.06,74
2026-10-16 11:23:06,2026-10-16 12:35:37,2026-10-16 12:37:05,72.52,75
2026-10-16 11:23:30,2026-10-16 12:35:53,2026-10-16 12:40:01,72.38,76
2026-10-16 11:24:51,2026-10-16 12:36:20,2026-10-16 12:39:28,71.49,76
2026-10-16 11:25:27,2026-10-16 12:37:05,2026-10-16 12:37:39,71.63,77
2026-10-16 11:25:44,2026-10-16 12:37:39,2026-10-16 12:40:29,71.92,78
2026-10-16 11:27:30,2026-10-16 12:39:28,2026-10-16 12:42:38,71.95,79
2026-10-16 11:27:56,2026-10-16 12:40:01,2026-10-16 12:40:23,72.08,79
2026-10-16 11:30:04,2026-10-16 12:40:23,2026-10-16 12:41:03,70.31,78
2026-10-16 11:30:50,2026-10-16 12:40:29,2026-10-16 12:42:17,69.65,78
2026-10-16 11:30:59,2026-10-16 12:41:03,2026-10-16 12:42:41,70.08,79
2026-10-16 11:32:30,2026-10-16 12:42:17,2026-10-16 12:44:47,69.77,78
2026-10-16 11:34:02,2026-10-16 12:42:38,2026-10-16 12:48:19,68.6,76
2026-10-16 11:34:26,2026-10-16 12:42:41,2026-10-16 12:50:10,68.25,77
2026-10-16 11:34:37,2026-10-16 12:44:47,2026-10-16 12:45:52,70.16,78
2026-10-16 11:35:24,2026-10-16 12:45:52,2026-10-16 12:51:30,70.48,78
2026-10-16 11:35:51,2026-10-16 12:48:19,2026-10-16 12:53:24,72.47,77
2026-10-16 11:35:59,2026-10-16 12:50:10,2026-10-16 12:51:52,74.2,77
2026-10-16 11:36:21,2026-10-16 12:51:30,2026-10-16 12:54:14,75.15,78
2026-10-16 11:38:40,2026-10-16 12:51:52,2026-10-16 12:56:51,73.21,79
2026-10-16 11:39:01,2026-10-16 12:53:24,2026-10-16 12:53:35,74.37,79
2026-10-16 11:39:27,2026-10-16 12:53:35,2026-10-16 13:03:32,74.14,80
2026-10-16 11:39:49,2026-10-16 12:54:14,2026-10-16 13:01:05,74.42,81
2026-10-16 11:41:47,2026-10-16 12:56:51,2026-10-16 12:57:43,75.08,79
2026-10-16 11:42:04,2026-10-16 12:57:43,2026-10-16 13:00:08,75.64,79
2026-10-16 11:43:04,2026-10-16 13:00:08,2026-10-16 13:01:40,77.06,78
2026-10-16 11:45:53,2026-10-16 13:01:05,2026-10-16 13:03:46,75.2,74
2026-10-16 11:46:43,2026-10-16 13:01:40,2026-10-16 13:01:45,74.96,75
2026-10-16 11:46:49,2026-10-16 13:01:45,2026-10-16 13:02:03,74.92,76
2026-10-16 11:47:50,2026-10-16 13:02:03,2026-10-16 13:02:04,74.22,74
2026-10-16 11:48:04,2026-10-16 13:02:04,2026-10-16 13:02:32,74.0,74
2026-10-16 11:48:22,2026-10-16 13:02:32,2026-10-16 13:03:11,74.17,75
2026-10-16 11:49:34,2026-10-16 13:03:11,2026-10-16 13:03:36,73.62,74
2026-10-16 11:50:44,2026-10-16 13:03:32,2026-10-16 13:08:40,72.8,74
2026-10-16 11:50:47,2026-10-16 13:03:36,2026-10-16 13:05:38,72.81,75
2026-10-16 11:50:57,2026-10-16 13:03:46,2026-10-16 13:09:13,72.81,76
2026-10-16 11:51:04,2026-10-16 13:05:38,2026-10-16 13:07:23,74.56,77
2026-10-16 11:51:51,2026-10-16 13:07:23,2026-10-16 13:08:08,75.54,78
2026-10-16 11:52:09,2026-10-16 13:08:08,2026-10-16 13:14:37,75.98,79
2026-10-16 11:53:08,2026-10-16 13:08:40,2026-10-16 13:13:06,75.54,78
2026-10-16 11:53:38,2026-10-16 13:09:13,2026-10-16 13:09:18,75.59,78
2026-10-16 11:53:51,2026-10-16 13:09:18,2026-10-16 13:10:24,75.45,79
2026-10-16 11:53:59,2026-10-16 13:10:24,2026-10-16 13:17:44,76.4,80
2026-10-16 11:54:09,2026-10-16 13:13:06,2026-10-16 13:15:15,78.94,81
2026-10-16 11:54:26,2026-10-16 13:14:37,2026-10-16 13:14:40,80.19,82
2026-10-16 11:54:44,2026-10-16 13:14:40,2026-10-16 13:18:44,79.93,83
2026-10-16 11:54:46,2026-10-16 13:15:15,2026-10-16 13:16:39,80.47,84
2026-10-16 11:55:48,2026-10-16 13:16:39,2026-10-16 13:17:04,80.85,85
2026-10-16 11:57:37,2026-10-16 13:17:04,2026-10-16 13:17:58,79.44,84
2026-10-16 11:57:59,2026-10-16 13:17:44,2026-10-16 13:19:59,79.75,85
2026-10-16 11:58:05,2026-10-16 13:17:58,2026-10-16 13:18:18,79.9,86
2026-10-16 11:58:10,2026-10-16 13:18:18,2026-10-16 13:22:40,80.13,87
2026-10-16 11:58:24,2026-10-16 13:18:44,2026-10-16 13:20:09,80.33,88
2026-10-16 11:58:42,2026-10-16 13:19:59,2026-10-16 13:26:32,81.27,89
2026-10-16 11:59:07,2026-10-16 13:20:09,2026-10-16 13:20:32,81.03,90
2026-10-16 11:59:57,2026-10-16 13:20:32,2026-10-16 13:21:15,80.57,91
2026-10-16 12:00:25,2026-10-16 13:21:15,2026-10-16 13:22:55,80.84,92
2026-10-16 12:00:42,2026-10-16 13:22:40,2026-10-16 13:25:03,81.96,93
2026-10-16 12:00:56,2026-10-16 13:22:55,2026-10-16 13:36:12,81.99,94
2026-10-16 12:02:36,2026-10-16 13:25:03,2026-10-16 13:27:12,82.44,94
2026-10-16 12:02:51,2026-10-16 13:26:32,2026-10-16 13:31:42,83.69,93
2026-10-16 12:02:53,2026-10-16 13:27:12,2026-10-16 13:28:22,84.32,94
2026-10-16 12:03:33,2026-10-16 13:28:22,2026-10-16 13:29:07,84.8,94
2026-10-16 12:05:18,2026-10-16 13:29:07,2026-10-16 13:32:03,83.81,91
2026-10-16 12:05:23,2026-10-16 13:31:42,2026-10-16 13:32:30,86.3,92
2026-10-16 12:05:25,2026-10-16 13:32:03,2026-10-16 13:36:17,86.63,93
2026-10-16 12:05:43,2026-10-16 13:32:30,2026-10-16 13:33:27,86.78,94
2026-10-16 12:05:54,2026-10-16 13:33:27,2026-10-16 13:38:02,87.55,95
2026-10-16 12:06:16,2026-10-16 13:36:12,2026-10-16 13:38:43,89.94,96
2026-10-16 12:06:21,2026-10-16 13:36:17,2026-10-16 13:37:35,89.93,97
2026-10-16 12:06:45,2026-10-16 13:37:35,2026-10-16 13:38:17,90.84,98
2026-10-16 12:07:23,2026-10-16 13:38:02,2026-10-16 13:39:22,90.64,98
2026-10-16 12:07:24,2026-10-16 13:38:17,2026-10-16 13:38:54,90.88,99
2026-10-16 12:07:28,2026-10-16 13:38:43,2026-10-16 13:39:37,91.26,100
2026-10-16 12:10:12,2026-10-16 13:38:54,2026-10-16 13:38:59,88.7,94
2026-10-16 12:10:40,2026-10-16 13:38:59,2026-10-16 13:41:16,88.32,95
2026-10-16 12:10:52,2026-10-16 13:39:22,2026-10-16 13:42:49,88.49,96
2026-10-16 12:10:57,2026-10-16 13:39:37,2026-10-16 13:50:37,88.67,97
2026-10-16 12:11:19,2026-10-16 13:41:16,2026-10-16 13:50:00,89.95,98
2026-10-16 12:11:35,2026-10-16 13:42:49,2026-10-16 13:43:25,91.23,99
2026-10-16 12:12:21,2026-10-16 13:43:25,2026-10-16 13:44:50,91.06,100
2026-10-16 12:12:25,2026-10-16 13:44:50,2026-10-16 13:54:23,92.42,101
2026-10-16 12:13:31,2026-10-16 13:50:00,2026-10-16 13:50:30,96.48,102
2026-10-16 12:14:08,2026-10-16 13:50:30,2026-10-16 13:53:00,96.35,103
2026-10-16 12:14:29,2026-10-16 13:50:37,2026-10-16 13:54:03,96.13,104
2026-10-16 12:14:52,2026-10-16 13:53:00,2026-10-16 13:55:28,98.14,104
2026-10-16 12:15:27,2026-10-16 13:54:03,2026-10-16 13:55:32,98.59,105
2026-10-16 12:15:36,2026-10-16 13:54:23,2026-10-16 13:54:26,98.78,106
2026-10-16 12:16:02,2026-10-16 13:54:26,2026-10-16 14:04:42,98.41,104
2026-10-16 12:16:35,2026-10-16 13:55:28,2026-10-16 14:01:07,98.88,104
2026-10-16 12:16:45,2026-10-16 13:55:32,2026-10-16 13:58:43,98.77,105
2026-10-16 12:17:17,2026-10-16 13:58:43,2026-10-16 14:00:48,101.45,106
2026-10-16 12:17:33,2026-10-16 14:00:48,2026-10-16 14:08:10,103.24,107
2026-10-16 12:18:13,2026-10-16 14:01:07,2026-10-16 14:07:21,102.91,106
2026-10-16 12:18:56,2026-10-16 14:04:42,2026-10-16 14:08:42,105.76,107
2026-10-16 12:19:25,2026-10-16 14:07:21,2026-10-16 14:09:39,107.94,108
2026-10-16 12:19:48,2026-10-16 14:08:10,2026-10-16 14:13:08,108.37,109
2026-10-16 12:19:57,2026-10-16 14:08:42,2026-10-16 14:08:58,108.75,110
2026-10-16 12:20:21,2026-10-16 14:08:58,2026-10-16 14:09:04,108.6,111
2026-10-16 12:21:17,2026-10-16 14:09:04,2026-10-16 14:11:57,107.78,112
2026-10-16 12:21:28,2026-10-16 14:09:39,2026-10-16 14:11:38,108.18,113
2026-10-16 12:22:17,2026-10-16 14:11:38,2026-10-16 14:11:49,109.36,114
2026-10-16 12:23:27,2026-10-16 14:11:49,2026-10-16 14:14:51,108.36,114
2026-10-16 12:23:44,2026-10-16 14:11:57,2026-10-16 14:12:48,108.2,114
2026-10-16 12:24:25,2026-10-16 14:12:48,2026-10-16 14:13:28,108.39,114
2026-10-16 12:24:42,2026-10-16 14:13:08,2026-10-16 14:13:39,108.43,114
2026-10-16 12:24:53,2026-10-16 14:13:28,2026-10-16 14:16:21,108.58,115
2026-10-16 12:24:54,2026-10-16 14:13:39,2026-10-16 14:17:01,108.76,116
2026-10-16 12:24:59,2026-10-16 14:14:51,2026-10-16 14:15:39,109.86,117
2026-10-16 12:25:32,2026-10-16 14:15:39,2026-10-16 14:16:13,110.11,118
2026-10-16 12:26:05,2026-10-16 14:16:13,2026-10-16 14:17:23,110.13,119
2026-10-16 12:26:43,2026-10-16 14:16:21,2026-10-16 14:19:36,109.64,119
2026-10-16 12:26:54,2026-10-16 14:17:01,2026-10-16 14:20:16,110.12,120
2026-10-16 12:27:05,2026-10-16 14:17:23,2026-10-16 14:17:30,110.3,121
2026-10-16 12:27:18,2026-10-16 14:17:30,2026-10-16 14:17:55,110.19,122
2026-10-16 12:30:10,2026-10-16 14:17:55,2026-10-16 14:27:55,107.75,119
2026-10-16 12:30:41,2026-10-16 14:19:36,2026-10-16 14:20:19,108.93,120
2026-10-16 12:30:56,2026-10-16 14:20:16,2026-10-16 14:27:44,109.34,121
2026-10-16 12:31:06,2026-10-16 14:20:19,2026-10-16 14:20:33,109.23,122
2026-10-16 12:31:36,2026-10-16 14:20:33,2026-10-16 14:22:16,108.94,122
2026-10-16 12:31:49,2026-10-16 14:22:16,2026-10-16 14:23:03,110.45,123
2026-10-16 12:31:55,2026-10-16 14:23:03,2026-10-16 14:23:15,111.13,124
2026-10-16 12:32:31,2026-10-16 14:23:15,2026-10-16 14:31:02,110.73,124
2026-10-16 12:32:56,2026-10-16 14:27:44,2026-10-16 14:29:10,114.8,124
2026-10-16 12:32:59,2026-10-16 14:27:55,2026-10-16 14:36:26,114.93,125
2026-10-16 12:33:39,2026-10-16 14:29:10,2026-10-16 14:29:32,115.52,125
2026-10-16 12:33:44,2026-10-16 14:29:32,2026-10-16 14:30:46,115.81,126
2026-10-16 12:34:30,2026-10-16 14:30:46,2026-10-16 14:34:39,116.27,126
2026-10-16 12:35:14,2026-10-16 14:31:02,2026-10-16 14:39:57,115.82,127
2026-10-16 12:36:00,2026-10-16 14:34:39,2026-10-16 14:34:49,118.65,126
2026-10-16 12:37:35,2026-10-16 14:34:49,2026-10-16 14:38:00,117.24,125
2026-10-16 12:39:30,2026-10-16 14:36:26,2026-10-16 14:37:20,116.93,124
2026-10-16 12:39:37,2026-10-16 14:37:20,2026-10-16 14:40:11,117.71,125
2026-10-16 12:39:56,2026-10-16 14:38:00,2026-10-16 14:44:24,118.08,126
2026-10-16 12:40:23,2026-10-16 14:39:57,2026-10-16 14:43:45,119.56,126
2026-10-16 12:40:32,2026-10-16 14:40:11,2026-10-16 14:42:03,119.64,125
2026-10-16 12:41:05,2026-10-16 14:42:03,2026-10-16 14:44:10,120.98,125
2026-10-16 12:42:25,2026-10-16 14:43:45,2026-10-16 14:45:25,121.32,125
2026-10-16 12:43:37,2026-10-16 14:44:10,2026-10-16 14:44:52,120.55,124
2026-10-16 12:43:38,2026-10-16 14:44:24,2026-10-16 14:45:12,120.76,125
2026-10-16 12:44:05,2026-10-16 14:44:52,2026-10-16 14:48:11,120.78,126
2026-10-16 12:44:26,2026-10-16 14:45:12,2026-10-16 14:47:08,120.78,127
2026-10-16 12:44:40,2026-10-16 14:45:25,2026-10-16 14:53:43,120.75,128
2026-10-16 12:44:58,2026-10-16 14:47:08,2026-10-16 14:47:40,122.16,128
2026-10-16 12:45:25,2026-10-16 14:47:40,2026-10-16 14:50:13,122.25,129
2026-10-16 12:46:42,2026-10-16 14:48:11,2026-10-16 14:51:21,121.47,129
2026-10-16 12:47:10,2026-10-16 14:50:13,2026-10-16 14:54:54,123.05,130
2026-10-16 12:47:14,2026-10-16 14:51:21,2026-10-16 14:53:48,124.12,131
2026-10-16 12:47:53,2026-10-16 14:53:43,2026-10-16 14:56:43,125.84,132
2026-10-16 12:48:30,2026-10-16 14:53:48,2026-10-16 14:56:30,125.28,132
2026-10-16 12:48:58,2026-10-16 14:54:54,2026-10-16 14:58:08,125.94,133
2026-10-16 12:49:23,2026-10-16 14:56:30,2026-10-16 14:56:58,127.1,134
2026-10-16 12:49:47,2026-10-16 14:56:43,2026-10-16 14:56:46,126.93,135
2026-10-16 12:50:15,2026-10-16 14:56:46,2026-10-16 15:00:22,126.51,135
2026-10-16 12:50:40,2026-10-16 14:56:58,2026-10-16 14:59:16,126.29,136
2026-10-16 12:50:40,2026-10-16 14:58:08,2026-10-16 14:59:24,127.47,137
2026-10-16 12:52:08,2026-10-16 14:59:16,2026-10-16 15:00:11,127.13,136
2026-10-16 12:52:49,2026-10-16 14:59:24,2026-10-16 15:01:02,126.59,137
2026-10-16 12:53:08,2026-10-16 15:00:11,2026-10-16 15:00:38,127.05,138
2026-10-16 12:53:33,2026-10-16 15:00:22,2026-10-16 15:02:47,126.81,138
2026-10-16 12:54:00,2026-10-16 15:00:38,2026-10-16 15:00:52,126.64,138
2026-10-16 12:54:06,2026-10-16 15:00:52,2026-10-16 15:06:12,126.75,139
2026-10-16 12:54:12,2026-10-16 15:01:02,2026-10-16 15:01:53,126.83,140
2026-10-16 12:54:38,2026-10-16 15:01:53,2026-10-16 15:02:17,127.26,140
2026-10-16 12:54:57,2026-10-16 15:02:17,2026-10-16 15:05:08,127.33,141
2026-10-16 12:55:28,2026-10-16 15:02:47,2026-10-16 15:02:51,127.31,142
2026-10-16 12:55:36,2026-10-16 15:02:51,2026-10-16 15:03:53,127.24,143
2026-10-16 12:55:37,2026-10-16 15:03:53,2026-10-16 15:04:00,128.27,144
2026-10-16 12:56:10,2026-10-16 15:04:00,2026-10-16 15:04:15,127.83,145
2026-10-16 12:56:27,2026-10-16 15:04:15,2026-10-16 15:05:53,127.8,146
2026-10-16 12:57:26,2026-10-16 15:05:08,2026-10-16 15:10:22,127.71,146
2026-10-16 12:57:48,2026-10-16 15:05:53,2026-10-16 15:06:26,128.09,146
2026-10-16 12:58:45,2026-10-16 15:06:12,2026-10-16 15:06:42,127.45,147
2026-10-16 13:00:48,2026-10-16 15:06:26,2026-10-16 15:10:07,125.63,147
2026-10-16 13:01:22,2026-10-16 15:06:42,2026-10-16 15:07:43,125.33,147
2026-10-16 13:01:45,2026-10-16 15:07:43,2026-10-16 15:09:00,125.97,146
2026-10-16 13:03:04,2026-10-16 15:09:00,2026-10-16 15:12:14,125.94,144
2026-10-16 13:03:05,2026-10-16 15:10:07,2026-10-16 15:11:16,127.03,145
2026-10-16 13:03:37,2026-10-16 15:10:22,2026-10-16 15:11:50,126.75,143
2026-10-16 13:04:39,2026-10-16 15:11:16,2026-10-16 15:11:45,126.62,143
2026-10-16 13:05:38,2026-10-16 15:11:45,2026-10-16 15:21:04,126.12,144
2026-10-16 13:07:12,2026-10-16 15:11:50,2026-10-16 15:12:51,124.63,144
2026-10-16 13:08:09,2026-10-16 15:12:14,2026-10-16 15:16:18,124.08,143
2026-10-16 13:08:59,2026-10-16 15:12:51,2026-10-16 15:13:58,123.87,143
2026-10-16 13:11:33,2026-10-16 15:13:58,2026-10-16 15:14:25,122.42,141
2026-10-16 13:11:42,2026-10-16 15:14:25,2026-10-16 15:17:06,122.71,142
2026-10-16 13:11:44,2026-10-16 15:16:18,2026-10-16 15:19:15,124.57,143
2026-10-16 13:12:11,2026-10-16 15:17:06,2026-10-16 15:17:32,124.91,144
2026-10-16 13:12:41,2026-10-16 15:17:32,2026-10-16 15:22:26,124.85,145
2026-10-16 13:13:09,2026-10-16 15:19:15,2026-10-16 15:19:30,126.09,145
2026-10-16 13:14:01,2026-10-16 15:19:30,2026-10-16 15:23:11,125.48,146
2026-10-16 13:14:29,2026-10-16 15:21:04,2026-10-16 15:26:49,126.59,147
2026-10-16 13:14:38,2026-10-16 15:22:26,2026-10-16 15:23:41,127.8,147
2026-10-16 13:14:48,2026-10-16 15:23:11,2026-10-16 15:25:43,128.38,147
2026-10-16 13:15:16,2026-10-16 15:23:41,2026-10-16 15:25:05,128.41,147
2026-10-16 13:15:26,2026-10-16 15:25:05,2026-10-16 15:26:18,129.64,148
2026-10-16 13:15:33,2026-10-16 15:25:43,2026-10-16 15:30:24,130.17,149
2026-10-16 13:15:45,2026-10-16 15:26:18,2026-10-16 15:34:13,130.55,150
2026-10-16 13:15:52,2026-10-16 15:26:49,2026-10-16 15:27:50,130.95,151
2026-10-16 13:16:36,2026-10-16 15:27:50,2026-10-16 15:29:19,131.24,152
2026-10-16 13:16:38,2026-10-16 15:29:19,2026-10-16 15:32:18,132.69,153
2026-10-16 13:17:00,2026-10-16 15:30:24,2026-10-16 15:39:32,133.4,153
2026-10-16 13:17:51,2026-10-16 15:32:18,2026-10-16 15:33:16,134.45,152
2026-10-16 13:18:11,2026-10-16 15:33:16,2026-10-16 15:34:45,135.09,152
2026-10-16 13:19:09,2026-10-16 15:34:13,2026-10-16 15:34:47,135.07,151
2026-10-16 13:19:44,2026-10-16 15:34:45,2026-10-16 15:36:12,135.02,152
2026-10-16 13:20:31,2026-10-16 15:34:47,2026-10-16 15:45:03,134.26,151
2026-10-16 13:22:47,2026-10-16 15:36:12,2026-10-16 15:36:42,133.43,149
2026-10-16 13:23:50,2026-10-16 15:36:42,2026-10-16 15:39:12,132.87,149
2026-10-16 13:24:38,2026-10-16 15:39:12,2026-10-16 15:40:14,134.55,150
2026-10-16 13:24:54,2026-10-16 15:39:32,2026-10-16 15:41:37,134.63,151
2026-10-16 13:26:24,2026-10-16 15:40:14,2026-10-16 15:41:58,133.84,151
2026-10-16 13:26:26,2026-10-16 15:41:37,2026-10-16 15:45:32,135.17,152
2026-10-16 13:26:47,2026-10-16 15:41:58,2026-10-16 15:42:41,135.19,152
2026-10-16 13:27:20,2026-10-16 15:42:41,2026-10-16 15:46:35,135.35,152
2026-10-16 13:27:22,2026-10-16 15:45:03,2026-10-16 15:45:22,137.69,153
2026-10-16 13:27:23,2026-10-16 15:45:22,2026-10-16 15:45:50,137.98,154
2026-10-16 13:28:38,2026-10-16 15:45:32,2026-10-16 15:48:07,136.9,154
2026-10-16 13:29:09,2026-10-16 15:45:50,2026-10-16 15:46:12,136.69,154
2026-10-16 13:29:28,2026-10-16 15:46:12,2026-10-16 15:51:15,136.75,155
2026-10-16 13:29:42,2026-10-16 15:46:35,2026-10-16 15:47:01,136.9,156
2026-10-16 13:30:53,2026-10-16 15:47:01,2026-10-16 15:47:53,136.13,157
2026-10-16 13:31:35,2026-10-16 15:47:53,2026-10-16 15:48:46,136.31,158
2026-10-16 13:31:41,2026-10-16 15:48:07,2026-10-16 15:48:47,136.43,159
2026-10-16 13:32:03,2026-10-16 15:48:46,2026-10-16 15:58:55,136.71,159
2026-10-16 13:32:03,2026-10-16 15:48:47,2026-10-16 15:52:55,136.73,160
2026-10-16 13:32:22,2026-10-16 15:51:15,2026-10-16 16:01:39,138.89,160
2026-10-16 13:32:46,2026-10-16 15:52:55,2026-10-16 15:53:21,140.15,160
2026-10-16 13:33:14,2026-10-16 15:53:21,2026-10-16 15:54:34,140.12,161
2026-10-16 13:33:29,2026-10-16 15:54:34,2026-10-16 15:54:41,141.09,161
2026-10-16 13:33:45,2026-10-16 15:54:41,2026-10-16 16:06:13,140.93,162
2026-10-16 13:34:28,2026-10-16 15:58:55,2026-10-16 16:04:03,144.46,163
2026-10-16 13:34:53,2026-10-16 16:01:39,2026-10-16 16:03:19,146.76,164
2026-10-16 13:35:09,2026-10-16 16:03:19,2026-10-16 16:06:29,148.17,165
2026-10-16 13:36:25,2026-10-16 16:04:03,2026-10-16 16:04:11,147.62,164
2026-10-16 13:36:54,2026-10-16 16:04:11,2026-10-16 16:09:18,147.29,165
2026-10-16 13:37:10,2026-10-16 16:06:13,2026-10-16 16:08:18,149.05,166
2026-10-16 13:37:33,2026-10-16 16:06:29,2026-10-16 16:06:43,148.93,167
2026-10-16 13:38:08,2026-10-16 16:06:43,2026-10-16 16:09:10,148.59,166
2026-10-16 13:38:31,2026-10-16 16:08:18,2026-10-16 16:08:48,149.78,166
2026-10-16 13:39:08,2026-10-16 16:08:48,2026-10-16 16:09:51,149.66,164
2026-10-16 13:40:21,2026-10-16 16:09:10,2026-10-16 16:09:38,148.82,163
2026-10-16 13:41:50,2026-10-16 16:09:18,2026-10-16 16:12:01,147.48,163
2026-10-16 13:42:04,2026-10-16 16:09:38,2026-10-16 16:11:42,147.57,164
2026-10-16 13:42:59,2026-10-16 16:09:51,2026-10-16 16:14:56,146.86,164
2026-10-16 13:43:42,2026-10-16 16:11:42,2026-10-16 16:12:12,147.99,164
2026-10-16 13:44:49,2026-10-16 16:12:01,2026-10-16 16:15:04,147.2,165
2026-10-16 13:45:06,2026-10-16 16:12:12,2026-10-16 16:19:05,147.11,165
2026-10-16 13:45:14,2026-10-16 16:14:56,2026-10-16 16:20:37,149.7,166
2026-10-16 13:46:00,2026-10-16 16:15:04,2026-10-16 16:16:48,149.08,167
2026-10-16 13:46:08,2026-10-16 16:16:48,2026-10-16 16:19:28,150.66,168
2026-10-16 13:46:31,2026-10-16 16:19:05,2026-10-16 16:21:33,152.56,169
2026-10-16 13:46:40,2026-10-16 16:19:28,2026-10-16 16:31:24,152.78,170
2026-10-16 13:47:17,2026-10-16 16:20:37,2026-10-16 16:25:32,153.34,171
2026-10-16 13:48:34,2026-10-16 16:21:33,2026-10-16 16:21:50,153.0,172
2026-10-16 13:48:57,2026-10-16 16:21:50,2026-10-16 16:23:42,152.88,173
2026-10-16 13:49:09,2026-10-16 16:23:42,2026-10-16 16:25:51,154.54,174
2026-10-16 13:49:39,2026-10-16 16:25:32,2026-10-16 16:31:12,155.88,175
2026-10-16 13:50:19,2026-10-16 16:25:51,2026-10-16 16:25:53,155.53,175
2026-10-16 13:50:32,2026-10-16 16:25:53,2026-10-16 16:29:23,155.34,175
2026-10-16 13:50:47,2026-10-16 16:29:23,2026-10-16 16:29:53,158.6,175
2026-10-16 13:50:57,2026-10-16 16:29:53,2026-10-16 16:31:43,158.93,176
2026-10-16 13:51:04,2026-10-16 16:31:12,2026-10-16 16:33:38,160.13,177
2026-10-16 13:51:40,2026-10-16 16:31:24,2026-10-16 16:32:26,159.73,178
2026-10-16 13:52:29,2026-10-16 16:31:43,2026-10-16 16:36:40,159.22,179
2026-10-16 13:52:35,2026-10-16 16:32:26,2026-10-16 16:33:17,159.84,180
2026-10-16 13:55:05,2026-10-16 16:33:17,2026-10-16 16:34:58,158.19,177
2026-10-16 13:55:30,2026-10-16 16:33:38,2026-10-16 16:34:56,158.14,177
2026-10-16 13:56:08,2026-10-16 16:34:56,2026-10-16 16:35:14,158.8,177
2026-10-16 13:56:13,2026-10-16 16:34:58,2026-10-16 16:35:15,158.76,178
2026-10-16 13:56:14,2026-10-16 16:35:14,2026-10-16 16:36:17,159.01,179
2026-10-16 13:56:53,2026-10-16 16:35:15,2026-10-16 16:35:45,158.36,180
2026-10-16 13:57:09,2026-10-16 16:35:45,2026-10-16 16:38:07,158.6,181
2026-10-16 13:57:09,2026-10-16 16:36:17,2026-10-16 16:43:06,159.13,182
2026-10-16 13:57:47,2026-10-16 16:36:40,2026-10-16 16:37:08,158.87,183
2026-10-16 13:58:01,2026-10-16 16:37:08,2026-10-16 16:44:10,159.12,184
2026-10-16 13:58:38,2026-10-16 16:38:07,2026-10-16 16:43:58,159.47,185
2026-10-16 13:58:59,2026-10-16 16:43:06,2026-10-16 16:44:53,164.13,185
2026-10-16 14:02:02,2026-10-16 16:43:58,2026-10-16 16:47:20,161.95,184
2026-10-16 14:02:48,2026-10-16 16:44:10,2026-10-16 16:53:55,161.37,185
2026-10-16 14:03:39,2026-10-16 16:44:53,2026-10-16 16:45:01,161.25,186
2026-10-16 14:03:59,2026-10-16 16:45:01,2026-10-16 16:46:16,161.04,187
2026-10-16 14:05:19,2026-10-16 16:46:16,2026-10-16 16:47:27,160.95,187
2026-10-16 14:07:11,2026-10-16 16:47:20,2026-10-16 16:47:31,160.15,188
2026-10-16 14:07:21,2026-10-16 16:47:27,2026-10-16 16:47:50,160.1,189
2026-10-16 14:08:05,2026-10-16 16:47:31,2026-10-16 16:47:36,159.44,189
2026-10-16 14:08:45,2026-10-16 16:47:36,2026-10-16 16:47:37,158.85,188
2026-10-16 14:08:50,2026-10-16 16:47:37,2026-10-16 16:48:29,158.78,189
2026-10-16 14:09:20,2026-10-16 16:47:50,2026-10-16 16:48:08,158.5,188
2026-10-16 14:10:09,2026-10-16 16:48:08,2026-10-16 16:52:47,157.98,188
2026-10-16 14:11:07,2026-10-16 16:48:29,2026-10-16 16:50:12,157.36,189
2026-10-16 14:11:09,2026-10-16 16:50:12,2026-10-16 16:51:54,159.06,190
2026-10-16 14:11:39,2026-10-16 16:51:54,2026-10-16 16:56:15,160.24,190
2026-10-16 14:11:54,2026-10-16 16:52:47,2026-10-16 16:52:55,160.87,190
2026-10-16 14:12:23,2026-10-16 16:52:55,2026-10-16 16:53:31,160.54,190
2026-10-16 14:12:36,2026-10-16 16:53:31,2026-10-16 16:53:51,160.92,191
2026-10-16 14:13:35,2026-10-16 16:53:51,2026-10-16 16:57:47,160.27,189
2026-10-16 14:13:49,2026-10-16 16:53:55,2026-10-16 16:54:14,160.1,189
2026-10-16 14:14:07,2026-10-16 16:54:14,2026-10-16 16:56:50,160.12,190
2026-10-16 14:14:19,2026-10-16 16:56:15,2026-10-16 17:04:57,161.94,191
2026-10-16 14:16:01,2026-10-16 16:56:50,2026-10-16 16:57:16,160.82,190
2026-10-16 14:16:31,2026-10-16 16:57:16,2026-10-16 16:58:15,160.75,189
2026-10-16 14:17:46,2026-10-16 16:57:47,2026-10-16 17:03:15,160.02,187
2026-10-16 14:17:51,2026-10-16 16:58:15,2026-10-16 17:00:29,160.4,188
2026-10-16 14:18:23,2026-10-16 17:00:29,2026-10-16 17:02:30,162.1,188
2026-10-16 14:18:48,2026-10-16 17:02:30,2026-10-16 17:03:06,163.71,189
2026-10-16 14:19:05,2026-10-16 17:03:06,2026-10-16 17:13:13,164.01,190
2026-10-16 14:19:38,2026-10-16 17:03:15,2026-10-16 17:04:27,163.61,190
2026-10-16 14:19:59,2026-10-16 17:04:27,2026-10-16 17:09:50,164.48,191
2026-10-16 14:21:17,2026-10-16 17:04:57,2026-10-16 17:06:31,163.67,189
2026-10-16 14:21:48,2026-10-16 17:06:31,2026-10-16 17:07:13,164.71,190
2026-10-16 14:22:10,2026-10-16 17:07:13,2026-10-16 17:11:19,165.04,191
2026-10-16 14:23:11,2026-10-16 17:09:50,2026-10-16 17:09:53,166.65,190
2026-10-16 14:23:53,2026-10-16 17:09:53,2026-10-16 17:12:24,165.99,190
2026-10-16 14:25:04,2026-10-16 17:11:19,2026-10-16 17:13:06,166.25,191
2026-10-16 14:25:24,2026-10-16 17:12:24,2026-10-16 17:16:48,166.99,192
2026-10-16 14:26:18,2026-10-16 17:13:06,2026-10-16 17:13:40,166.79,193
2026-10-16 14:26:45,2026-10-16 17:13:13,2026-10-16 17:14:05,166.47,194
2026-10-16 14:26:58,2026-10-16 17:13:40,2026-10-16 17:15:23,166.69,195
2026-10-16 14:27:39,2026-10-16 17:14:05,2026-10-16 17:14:57,166.44,196
2026-10-16 14:28:08,2026-10-16 17:14:57,2026-10-16 17:16:53,166.81,195
2026-10-16 14:28:14,2026-10-16 17:15:23,2026-10-16 17:15:34,167.14,196
2026-10-16 14:29:00,2026-10-16 17:15:34,2026-10-16 17:19:35,166.57,197
2026-10-16 14:30:00,2026-10-16 17:16:48,2026-10-16 17:17:50,166.8,196
2026-10-16 14:31:51,2026-10-16 17:16:53,2026-10-16 17:17:51,165.03,195
2026-10-16 14:32:41,2026-10-16 17:17:50,2026-10-16 17:26:19,165.16,196
2026-10-16 14:32:50,2026-10-16 17:17:51,2026-10-16 17:19:26,165.02,197
2026-10-16 14:33:12,2026-10-16 17:19:26,2026-10-16 17:20:59,166.24,198
2026-10-16 14:35:51,2026-10-16 17:19:35,2026-10-16 17:19:55,163.74,197
2026-10-16 14:36:27,2026-10-16 17:19:55,2026-10-16 17:26:01,163.48,197
2026-10-16 14:37:06,2026-10-16 17:20:59,2026-10-16 17:27:34,163.88,198
2026-10-16 14:38:44,2026-10-16 17:26:01,2026-10-16 17:30:09,167.28,197
2026-10-16 14:39:03,2026-10-16 17:26:19,2026-10-16 17:37:15,167.26,198
2026-10-16 14:39:47,2026-10-16 17:27:34,2026-10-16 17:30:37,167.79,199
2026-10-16 14:40:27,2026-10-16 17:30:09,2026-10-16 17:32:55,169.7,198
2026-10-16 14:40:34,2026-10-16 17:30:37,2026-10-16 17:37:28,170.05,199
2026-10-16 14:40:41,2026-10-16 17:32:55,2026-10-16 17:36:10,172.24,200
2026-10-16 14:41:45,2026-10-16 17:36:10,2026-10-16 17:38:38,174.42,201
2026-10-16 14:45:15,2026-10-16 17:37:15,2026-10-16 17:44:10,172.0,196
2026-10-16 14:46:06,2026-10-16 17:37:28,2026-10-16 17:38:04,171.38,196
2026-10-16 14:46:54,2026-10-16 17:38:04,2026-10-16 17:43:04,171.17,197
2026-10-16 14:47:02,2026-10-16 17:38:38,2026-10-16 17:39:56,171.6,198
2026-10-16 14:47:26,2026-10-16 17:39:56,2026-10-16 17:48:18,172.49,198
2026-10-16 14:48:15,2026-10-16 17:43:04,2026-10-16 17:44:34,174.82,197
2026-10-16 14:48:29,2026-10-16 17:44:10,2026-10-16 17:47:14,175.68,198
2026-10-16 14:49:47,2026-10-16 17:44:34,2026-10-16 17:49:03,174.78,199
2026-10-16 14:50:30,2026-10-16 17:47:14,2026-10-16 17:48:12,176.74,199
2026-10-16 14:51:29,2026-10-16 17:48:12,2026-10-16 17:58:43,176.73,199
2026-10-16 14:52:26,2026-10-16 17:48:18,2026-10-16 17:52:21,175.87,200
2026-10-16 14:52:32,2026-10-16 17:49:03,2026-10-16 17:50:36,176.51,201
2026-10-16 14:53:25,2026-10-16 17:50:36,2026-10-16 17:50:52,177.19,202
2026-10-16 14:54:14,2026-10-16 17:50:52,2026-10-16 17:51:21,176.63,201
2026-10-16 14:54:20,2026-10-16 17:51:21,2026-10-16 17:52:54,177.02,202
2026-10-16 14:55:41,2026-10-16 17:52:21,2026-10-16 17:55:03,176.67,202
2026-10-16 14:55:54,2026-10-16 17:52:54,2026-10-16 17:57:48,176.99,203
2026-10-16 14:56:19,2026-10-16 17:55:03,2026-10-16 17:56:12,178.73,204
2026-10-16 14:57:13,2026-10-16 17:56:12,2026-10-16 17:58:31,178.99,201
2026-10-16 14:57:22,2026-10-16 17:57:48,2026-10-16 18:01:03,180.44,202
2026-10-16 14:58:26,2026-10-16 17:58:31,2026-10-16 17:58:59,180.09,202
2026-10-16 14:59:15,2026-10-16 17:58:43,2026-10-16 17:59:31,179.48,203
2026-10-16 14:59:26,2026-10-16 17:58:59,2026-10-16 18:00:50,179.55,202
2026-10-16 14:59:26,2026-10-16 17:59:31,2026-10-16 18:00:45,180.08,203
2026-10-16 14:59:31,2026-10-16 18:00:45,2026-10-16 18:01:00,181.24,204
2026-10-16 15:00:38,2026-10-16 18:00:50,2026-10-16 18:03:28,180.21,203
2026-10-16 15:01:49,2026-10-16 18:01:00,2026-10-16 18:03:37,179.19,201
2026-10-16 15:01:51,2026-10-16 18:01:03,2026-10-16 18:01:07,179.19,202
2026-10-16 15:02:14,2026-10-16 18:01:07,2026-10-16 18:02:14,178.87,202
2026-10-16 15:02:18,2026-10-16 18:02:14,2026-10-16 18:04:16,179.93,202
2026-10-16 15:02:24,2026-10-16 18:03:28,2026-10-16 18:03:48,181.07,203
2026-10-16 15:02:28,2026-10-16 18:03:37,2026-10-16 18:04:04,181.15,204
2026-10-16 15:02:55,2026-10-16 18:03:48,2026-10-16 18:05:53,180.88,203
2026-10-16 15:03:02,2026-10-16 18:04:04,2026-10-16 18:04:36,181.05,204
2026-10-16 15:06:33,2026-10-16 18:04:16,2026-10-16 18:05:09,177.72,198
2026-10-16 15:06:56,2026-10-16 18:04:36,2026-10-16 18:08:35,177.66,198
2026-10-16 15:07:02,2026-10-16 18:05:09,2026-10-16 18:05:20,178.12,199
2026-10-16 15:07:37,2026-10-16 18:05:20,2026-10-16 18:06:49,177.73,200
2026-10-16 15:08:42,2026-10-16 18:05:53,2026-10-16 18:09:55,177.18,200
2026-10-16 15:09:43,2026-10-16 18:06:49,2026-10-16 18:10:34,177.1,200
2026-10-16 15:10:20,2026-10-16 18:08:35,2026-10-16 18:16:01,178.25,200
2026-10-16 15:10:44,2026-10-16 18:09:55,2026-10-16 18:10:23,179.19,200
2026-10-16 15:12:01,2026-10-16 18:10:23,2026-10-16 18:18:06,178.36,198
2026-10-16 15:12:16,2026-10-16 18:10:34,2026-10-16 18:11:38,178.29,198
2026-10-16 15:13:13,2026-10-16 18:11:38,2026-10-16 18:13:01,178.42,198
2026-10-16 15:14:44,2026-10-16 18:13:01,2026-10-16 18:14:46,178.28,197
2026-10-16 15:15:11,2026-10-16 18:14:46,2026-10-16 18:21:36,179.59,198
2026-10-16 15:15:20,2026-10-16 18:16:01,2026-10-16 18:23:11,180.68,199
2026-10-16 15:15:39,2026-10-16 18:18:06,2026-10-16 18:22:06,182.45,200
2026-10-16 15:16:50,2026-10-16 18:21:36,2026-10-16 18:24:40,184.77,200
2026-10-16 15:17:19,2026-10-16 18:22:06,2026-10-16 18:27:53,184.78,200
2026-10-16 15:17:26,2026-10-16 18:23:11,2026-10-16 18:25:39,185.74,201
2026-10-16 15:17:30,2026-10-16 18:24:40,2026-10-16 18:28:29,187.16,202
2026-10-16 15:18:03,2026-10-16 18:25:39,2026-10-16 18:27:58,187.61,202
2026-10-16 15:18:29,2026-10-16 18:27:53,2026-10-16 18:29:27,189.41,203
2026-10-16 15:18:39,2026-10-16 18:27:58,2026-10-16 18:28:22,189.32,204
2026-10-16 15:20:44,2026-10-16 18:28:22,2026-10-16 18:33:15,187.64,203
2026-10-16 15:21:10,2026-10-16 18:28:29,2026-10-16 18:30:13,187.31,203
2026-10-16 15:21:12,2026-10-16 18:29:27,2026-10-16 18:33:47,188.25,204
2026-10-16 15:21:13,2026-10-16 18:30:13,2026-10-16 18:33:39,189.0,205
2026-10-16 15:21:39,2026-10-16 18:33:15,2026-10-16 18:33:22,191.59,206
2026-10-16 15:22:42,2026-10-16 18:33:22,2026-10-16 18:36:41,190.67,206
2026-10-16 15:23:27,2026-10-16 18:33:39,2026-10-16 18:34:47,190.2,206
2026-10-16 15:23:46,2026-10-16 18:33:47,2026-10-16 18:37:45,190.01,206
2026-10-16 15:23:57,2026-10-16 18:34:47,2026-10-16 18:35:10,190.84,207
2026-10-16 15:24:01,2026-10-16 18:35:10,2026-10-16 18:36:23,191.15,208
2026-10-16 15:24:24,2026-10-16 18:36:23,2026-10-16 18:38:34,191.97,209
2026-10-16 15:24:35,2026-10-16 18:36:41,2026-10-16 18:39:47,192.09,210
2026-10-16 15:24:48,2026-10-16 18:37:45,2026-10-16 18:42:40,192.95,211
2026-10-16 15:24:59,2026-10-16 18:38:34,2026-10-16 18:38:58,193.58,212
2026-10-16 15:25:16,2026-10-16 18:38:58,2026-10-16 18:40:16,193.68,212
2026-10-16 15:25:35,2026-10-16 18:39:47,2026-10-16 18:42:43,194.2,213
2026-10-16 15:25:50,2026-10-16 18:40:16,2026-10-16 18:46:01,194.44,213
2026-10-16 15:26:45,2026-10-16 18:42:40,2026-10-16 18:44:02,195.92,213
2026-10-16 15:27:16,2026-10-16 18:42:43,2026-10-16 18:47:42,195.44,213
2026-10-16 15:27:45,2026-10-16 18:44:02,2026-10-16 18:44:43,196.28,214
2026-10-16 15:27:55,2026-10-16 18:44:43,2026-10-16 18:51:26,196.79,214
2026-10-16 15:29:22,2026-10-16 18:46:01,2026-10-16 18:50:34,196.64,214
2026-10-16 15:29:25,2026-10-16 18:47:42,2026-10-16 18:48:35,198.29,215
2026-10-16 15:31:00,2026-10-16 18:48:35,2026-10-16 18:51:01,197.58,215
2026-10-16 15:31:01,2026-10-16 18:50:34,2026-10-16 18:50:44,199.55,216
2026-10-16 15:31:49,2026-10-16 18:50:44,2026-10-16 18:52:24,198.91,217
2026-10-16 15:33:01,2026-10-16 18:51:01,2026-10-16 18:54:09,198.0,217
2026-10-16 15:33:07,2026-10-16 18:51:26,2026-10-16 18:52:10,198.31,218
2026-10-16 15:33:29,2026-10-16 18:52:10,2026-10-16 18:52:33,198.68,218
2026-10-16 15:34:32,2026-10-16 18:52:24,2026-10-16 18:55:17,197.87,218
2026-10-16 15:34:48,2026-10-16 18:52:33,2026-10-16 18:54:44,197.75,217
2026-10-16 15:35:49,2026-10-16 18:54:09,2026-10-16 18:58:46,198.33,218
2026-10-16 15:36:25,2026-10-16 18:54:44,2026-10-16 18:55:17,198.3,218
2026-10-16 15:37:19,2026-10-16 18:55:17,2026-10-16 18:57:30,197.96,218
2026-10-16 15:38:36,2026-10-16 18:55:17,2026-10-16 18:58:14,196.68,219
2026-10-16 15:39:02,2026-10-16 18:57:30,2026-10-16 19:05:35,198.47,220
2026-10-16 15:39:08,2026-10-16 18:58:14,2026-10-16 19:00:24,199.11,221
2026-10-16 15:39:15,2026-10-16 18:58:46,2026-10-16 18:59:33,199.52,221
2026-10-16 15:39:34,2026-10-16 18:59:33,2026-10-16 19:08:46,199.98,221
2026-10-16 15:39:41,2026-10-16 19:00:24,2026-10-16 19:02:17,200.71,222
2026-10-16 15:40:10,2026-10-16 19:02:17,2026-10-16 19:04:08,202.12,223
2026-10-16 15:41:45,2026-10-16 19:04:08,2026-10-16 19:05:17,202.38,222
2026-10-16 15:41:54,2026-10-16 19:05:17,2026-10-16 19:12:15,203.38,223
2026-10-16 15:42:04,2026-10-16 19:05:35,2026-10-16 19:06:13,203.52,223
2026-10-16 15:42:39,2026-10-16 19:06:13,2026-10-16 19:11:09,203.56,224
2026-10-16 15:43:09,2026-10-16 19:08:46,2026-10-16 19:14:52,205.62,224
2026-10-16 15:43:49,2026-10-16 19:11:09,2026-10-16 19:15:57,207.33,225
2026-10-16 15:44:40,2026-10-16 19:12:15,2026-10-16 19:13:26,207.57,226
2026-10-16 15:46:41,2026-10-16 19:13:26,2026-10-16 19:16:10,206.75,221
2026-10-16 15:47:08,2026-10-16 19:14:52,2026-10-16 19:20:22,207.74,221
2026-10-16 15:48:13,2026-10-16 19:15:57,2026-10-16 19:18:45,207.74,220
2026-10-16 15:48:17,2026-10-16 19:16:10,2026-10-16 19:20:23,207.88,221
2026-10-16 15:49:49,2026-10-16 19:18:45,2026-10-16 19:19:34,208.95,220
2026-10-16 15:50:56,2026-10-16 19:19:34,2026-10-16 19:19:50,208.63,221
2026-10-16 15:51:03,2026-10-16 19:19:50,2026-10-16 19:20:33,208.79,222
2026-10-16 15:51:50,2026-10-16 19:20:22,2026-10-16 19:22:18,208.55,222
2026-10-16 15:52:58,2026-10-16 19:20:23,2026-10-16 19:22:54,207.41,222
2026-10-16 15:53:29,2026-10-16 19:20:33,2026-10-16 19:20:46,207.07,222
2026-10-16 15:53:58,2026-10-16 19:20:46,2026-10-16 19:23:55,206.81,223
2026-10-16 15:54:09,2026-10-16 19:22:18,2026-10-16 19:24:28,208.15,224
2026-10-16 15:56:12,2026-10-16 19:22:54,2026-10-16 19:23:52,206.7,223
2026-10-16 15:56:43,2026-10-16 19:23:52,2026-10-16 19:24:59,207.16,224
2026-10-16 15:57:15,2026-10-16 19:23:55,2026-10-16 19:24:06,206.67,225
2026-10-16 15:57:27,2026-10-16 19:24:06,2026-10-16 19:30:07,206.65,226
2026-10-16 15:59:03,2026-10-16 19:24:28,2026-10-16 19:24:42,205.42,226
2026-10-16 15:59:54,2026-10-16 19:24:42,2026-10-16 19:26:44,204.8,227
2026-10-16 16:00:03,2026-10-16 19:24:59,2026-10-16 19:38:37,204.93,228
2026-10-16 16:00:39,2026-10-16 19:26:44,2026-10-16 19:28:26,206.08,229
2026-10-16 16:00:44,2026-10-16 19:28:26,2026-10-16 19:28:56,207.69,230
2026-10-16 16:00:59,2026-10-16 19:28:56,2026-10-16 19:31:43,207.96,231
2026-10-16 16:01:13,2026-10-16 19:30:07,2026-10-16 19:30:30,208.91,232
2026-10-16 16:01:17,2026-10-16 19:30:30,2026-10-16 19:34:49,209.21,233
2026-10-16 16:01:26,2026-10-16 19:31:43,2026-10-16 19:40:54,210.27,234
2026-10-16 16:02:13,2026-10-16 19:34:49,2026-10-16 19:38:10,212.6,234
2026-10-16 16:02:20,2026-10-16 19:38:10,2026-10-16 19:42:29,215.84,235
2026-10-16 16:02:58,2026-10-16 19:38:37,2026-10-16 19:38:54,215.66,236
2026-10-16 16:03:01,2026-10-16 19:38:54,2026-10-16 19:48:50,215.89,237
2026-10-16 16:04:22,2026-10-16 19:40:54,2026-10-16 19:42:09,216.54,235
2026-10-16 16:05:42,2026-10-16 19:42:09,2026-10-16 19:44:07,216.45,236
2026-10-16 16:05:48,2026-10-16 19:42:29,2026-10-16 19:47:06,216.68,237
2026-10-16 16:06:20,2026-10-16 19:44:07,2026-10-16 19:45:42,217.77,237
2026-10-16 16:06:24,2026-10-16 19:45:42,2026-10-16 19:46:35,219.29,238
2026-10-16 16:06:39,2026-10-16 19:46:35,2026-10-16 19:47:37,219.92,238
2026-10-16 16:06:54,2026-10-16 19:47:06,2026-10-16 19:51:04,220.21,238
2026-10-16 16:07:16,2026-10-16 19:47:37,2026-10-16 19:50:01,220.36,239
2026-10-16 16:08:11,2026-10-16 19:48:50,2026-10-16 19:49:00,220.65,240
2026-10-16 16:09:18,2026-10-16 19:49:00,2026-10-16 19:52:34,219.69,238
2026-10-16 16:09:46,2026-10-16 19:50:01,2026-10-16 19:56:04,220.24,237
2026-10-16 16:09:49,2026-10-16 19:51:04,2026-10-16 19:51:17,221.25,238
2026-10-16 16:11:57,2026-10-16 19:51:17,2026-10-16 19:52:51,219.34,237
2026-10-16 16:12:48,2026-10-16 19:52:34,2026-10-16 19:52:53,219.77,236
2026-10-16 16:14:19,2026-10-16 19:52:51,2026-10-16 19:55:27,218.54,237
2026-10-16 16:15:24,2026-10-16 19:52:53,2026-10-16 19:53:15,217.48,236
2026-10-16 16:16:13,2026-10-16 19:53:15,2026-10-16 19:55:51,217.04,237
2026-10-16 16:16:26,2026-10-16 19:55:27,2026-10-16 19:56:02,219.02,238
2026-10-16 16:18:22,2026-10-16 19:55:51,2026-10-16 19:56:15,217.49,238
2026-10-16 16:19:22,2026-10-16 19:56:02,2026-10-16 19:57:07,216.68,238
2026-10-16 16:19:40,2026-10-16 19:56:04,2026-10-16 20:04:51,216.4,238
2026-10-16 16:19:55,2026-10-16 19:56:15,2026-10-16 19:58:34,216.33,239
2026-10-16 16:20:46,2026-10-16 19:57:07,2026-10-16 20:03:44,216.35,239
2026-10-16 16:20:59,2026-10-16 19:58:34,2026-10-16 20:00:26,217.58,240
2026-10-16 16:21:37,2026-10-16 20:00:26,2026-10-16 20:00:52,218.82,240
2026-10-16 16:22:05,2026-10-16 20:00:52,2026-10-16 20:12:44,218.79,240
2026-10-16 16:22:13,2026-10-16 20:03:44,2026-10-16 20:04:01,221.52,241
2026-10-16 16:22:43,2026-10-16 20:04:01,2026-10-16 20:04:07,221.29,242
2026-10-16 16:23:41,2026-10-16 20:04:07,2026-10-16 20:05:24,220.43,243
2026-10-16 16:24:24,2026-10-16 20:04:51,2026-10-16 20:05:39,220.46,243
2026-10-16 16:24:49,2026-10-16 20:05:24,2026-10-16 20:10:28,220.59,244
2026-10-16 16:24:54,2026-10-16 20:05:39,2026-10-16 20:13:14,220.74,245
2026-10-16 16:25:09,2026-10-16 20:10:28,2026-10-16 20:11:31,225.31,246
2026-10-16 16:26:32,2026-10-16 20:11:31,2026-10-16 20:13:48,224.98,244
2026-10-16 16:27:11,2026-10-16 20:12:44,2026-10-16 20:17:38,225.55,245
2026-10-16 16:27:33,2026-10-16 20:13:14,2026-10-16 20:22:59,225.68,246
2026-10-16 16:27:57,2026-10-16 20:13:48,2026-10-16 20:14:37,225.84,247
2026-10-16 16:28:43,2026-10-16 20:14:37,2026-10-16 20:17:09,225.9,248
2026-10-16 16:30:29,2026-10-16 20:17:09,2026-10-16 20:19:26,226.66,247
2026-10-16 16:31:01,2026-10-16 20:17:38,2026-10-16 20:22:02,226.61,248
2026-10-16 16:32:13,2026-10-16 20:19:26,2026-10-16 20:19:55,227.22,246
2026-10-16 16:32:24,2026-10-16 20:19:55,2026-10-16 20:19:57,227.52,247
2026-10-16 16:32:40,2026-10-16 20:19:57,2026-10-16 20:22:07,227.29,247
2026-10-16 16:32:58,2026-10-16 20:22:02,2026-10-16 20:33:12,229.07,248
2026-10-16 16:33:18,2026-10-16 20:22:07,2026-10-16 20:29:39,228.81,248
2026-10-16 16:33:42,2026-10-16 20:22:59,2026-10-16 20:27:44,229.29,248
2026-10-16 16:35:01,2026-10-16 20:27:44,2026-10-16 20:35:23,232.72,247
2026-10-16 16:35:14,2026-10-16 20:29:39,2026-10-16 20:31:50,234.42,248
2026-10-16 16:35:42,2026-10-16 20:31:50,2026-10-16 20:36:40,236.12,247
2026-10-16 16:35:51,2026-10-16 20:33:12,2026-10-16 20:37:37,237.35,247
2026-10-16 16:35:52,2026-10-16 20:35:23,2026-10-16 20:36:27,239.5,248
2026-10-16 16:37:40,2026-10-16 20:36:27,2026-10-16 20:39:03,238.79,246
2026-10-16 16:39:01,2026-10-16 20:36:40,2026-10-16 20:37:02,237.64,246
2026-10-16 16:39:36,2026-10-16 20:37:02,2026-10-16 20:39:37,237.43,247
2026-10-16 16:40:40,2026-10-16 20:37:37,2026-10-16 20:41:45,236.94,248
2026-10-16 16:41:57,2026-10-16 20:39:03,2026-10-16 20:39:25,237.1,249
2026-10-16 16:43:03,2026-10-16 20:39:25,2026-10-16 20:40:31,236.36,250
2026-10-16 16:43:58,2026-10-16 20:39:37,2026-10-16 20:40:36,235.64,250
2026-10-16 16:44:51,2026-10-16 20:40:31,2026-10-16 20:42:21,235.67,249
2026-10-16 16:45:41,2026-10-16 20:40:36,2026-10-16 20:44:23,234.92,248
2026-10-16 16:46:30,2026-10-16 20:41:45,2026-10-16 20:42:10,235.25,248
2026-10-16 16:46:34,2026-10-16 20:42:10,2026-10-16 20:44:35,235.59,249
2026-10-16 16:46:35,2026-10-16 20:42:21,2026-10-16 20:43:47,235.76,250
2026-10-16 16:46:45,2026-10-16 20:43:47,2026-10-16 20:47:02,237.03,251
2026-10-16 16:46:47,2026-10-16 20:44:23,2026-10-16 20:44:55,237.6,252
2026-10-16 16:46:48,2026-10-16 20:44:35,2026-10-16 20:44:49,237.78,253
2026-10-16 16:46:56,2026-10-16 20:44:49,2026-10-16 20:52:09,237.89,254
2026-10-16 16:47:24,2026-10-16 20:44:55,2026-10-16 20:46:47,237.53,254
2026-10-16 16:48:30,2026-10-16 20:46:47,2026-10-16 20:50:53,238.29,248
2026-10-16 16:49:40,2026-10-16 20:47:02,2026-10-16 20:47:38,237.37,249
2026-10-16 16:49:51,2026-10-16 20:47:38,2026-10-16 20:47:51,237.78,250
2026-10-16 16:49:54,2026-10-16 20:47:51,2026-10-16 20:52:30,237.95,251
2026-10-16 16:50:04,2026-10-16 20:50:53,2026-10-16 20:51:54,240.82,252
2026-10-16 16:50:12,2026-10-16 20:51:54,2026-10-16 21:01:04,241.7,253
2026-10-16 16:50:32,2026-10-16 20:52:09,2026-10-16 20:52:31,241.62,253
2026-10-16 16:51:54,2026-10-16 20:52:30,2026-10-16 20:52:37,240.6,253
2026-10-16 16:52:06,2026-10-16 20:52:31,2026-10-16 20:55:58,240.42,254
2026-10-16 16:52:13,2026-10-16 20:52:37,2026-10-16 20:53:42,240.4,255
2026-10-16 16:52:43,2026-10-16 20:53:42,2026-10-16 20:53:42,240.98,256
2026-10-16 16:54:09,2026-10-16 20:53:42,2026-10-16 20:55:09,239.55,252
2026-10-16 16:54:18,2026-10-16 20:55:09,2026-10-16 20:56:53,240.86,252
2026-10-16 16:54:23,2026-10-16 20:55:58,2026-10-16 21:04:15,241.58,253
2026-10-16 16:55:43,2026-10-16 20:56:53,2026-10-16 20:57:47,241.17,254
2026-10-16 16:56:06,2026-10-16 20:57:47,2026-10-16 21:00:56,241.7,255
2026-10-16 16:56:19,2026-10-16 21:00:56,2026-10-16 21:02:25,244.61,255
2026-10-16 16:56:34,2026-10-16 21:01:04,2026-10-16 21:07:07,244.5,256
2026-10-16 16:56:57,2026-10-16 21:02:25,2026-10-16 21:06:38,245.46,256
2026-10-16 16:57:32,2026-10-16 21:04:15,2026-10-16 21:09:11,246.71,256
2026-10-16 16:57:49,2026-10-16 21:06:38,2026-10-16 21:10:16,248.82,256
2026-10-16 16:58:28,2026-10-16 21:07:07,2026-10-16 21:07:12,248.66,256
2026-10-19 09:00:36,2026-10-19 09:00:36,2026-10-19 09:04:39,0.0,0
2026-10-19 09:01:02,2026-10-19 09:01:02,2026-10-19 09:02:28,0.0,0
2026-10-19 09:01:18,2026-10-19 09:01:18,2026-10-19 09:01:59,0.0,0
2026-10-19 09:01:56,2026-10-19 09:01:59,2026-10-19 09:02:41,0.05,0
2026-10-19 09:02:24,2026-10-19 09:02:28,2026-10-19 09:02:40,0.07,0
2026-10-19 09:02:34,2026-10-19 09:02:40,2026-10-19 09:03:01,0.09,0
2026-10-19 09:03:26,2026-10-19 09:03:26,2026-10-19 09:05:43,0.0,0
2026-10-19 09:04:07,2026-10-19 09:04:07,2026-10-19 09:05:26,0.0,0
2026-10-19 09:04:11,2026-10-19 09:04:39,2026-10-19 09:05:03,0.47,0
2026-10-19 09:04:35,2026-10-19 09:05:03,2026-10-19 09:09:53,0.48,1
2026-10-19 09:04:51,2026-10-19 09:05:26,2026-10-19 09:07:37,0.59,1
2026-10-19 09:04:54,2026-10-19 09:05:43,2026-10-19 09:06:19,0.82,2
2026-10-19 09:05:00,2026-10-19 09:06:19,2026-10-19 09:16:23,1.33,3
2026-10-19 09:05:15,2026-10-19 09:07:37,2026-10-19 09:09:02,2.38,3
2026-10-19 09:06:35,2026-10-19 09:09:02,2026-10-19 09:10:41,2.45,1
2026-10-19 09:09:17,2026-10-19 09:09:53,2026-10-19 09:12:00,0.61,0
2026-10-19 09:09:57,2026-10-19 09:10:41,2026-10-19 09:19:43,0.73,0
2026-10-19 09:10:19,2026-10-19 09:12:00,2026-10-19 09:15:25,1.68,1
2026-10-19 09:10:27,2026-10-19 09:15:25,2026-10-19 09:19:12,4.96,2
2026-10-19 09:10:46,2026-10-19 09:16:23,2026-10-19 09:16:26,5.62,2
2026-10-19 09:11:27,2026-10-19 09:16:26,2026-10-19 09:19:31,4.99,3
2026-10-19 09:12:12,2026-10-19 09:19:12,2026-10-19 09:24:18,6.99,3
2026-10-19 09:12:16,2026-10-19 09:19:31,2026-10-19 09:20:55,7.25,4
2026-10-19 09:12:25,2026-10-19 09:19:43,2026-10-19 09:24:10,7.29,5
2026-10-19 09:12:38,2026-10-19 09:20:55,2026-10-19 09:22:44,8.28,6
2026-10-19 09:13:02,2026-10-19 09:22:44,2026-10-19 09:23:17,9.69,7
2026-10-19 09:14:05,2026-10-19 09:23:17,2026-10-19 09:27:15,9.2,8
2026-10-19 09:15:57,2026-10-19 09:24:10,2026-10-19 09:24:40,8.21,8
2026-10-19 09:15:59,2026-10-19 09:24:18,2026-10-19 09:24:35,8.32,9
2026-10-19 09:16:01,2026-10-19 09:24:35,2026-10-19 09:27:33,8.57,10
2026-10-19 09:16:21,2026-10-19 09:24:40,2026-10-19 09:25:53,8.31,11
2026-10-19 09:18:17,2026-10-19 09:25:53,2026-10-19 09:26:37,7.59,10
2026-10-19 09:19:18,2026-10-19 09:26:37,2026-10-19 09:29:15,7.33,10
2026-10-19 09:19:52,2026-10-19 09:27:15,2026-10-19 09:29:35,7.38,9
2026-10-19 09:20:15,2026-10-19 09:27:33,2026-10-19 09:28:36,7.31,10
2026-10-19 09:21:04,2026-10-19 09:28:36,2026-10-19 09:30:11,7.53,10
2026-10-19 09:21:47,2026-10-19 09:29:15,2026-10-19 09:29:21,7.47,11
2026-10-19 09:23:01,2026-10-19 09:29:21,2026-10-19 09:30:13,6.34,11
2026-10-19 09:23:01,2026-10-19 09:29:35,2026-10-19 09:29:37,6.56,12
2026-10-19 09:24:13,2026-10-19 09:29:37,2026-10-19 09:34:02,5.38,11
2026-10-19 09:24:45,2026-10-19 09:30:11,2026-10-19 09:32:04,5.42,9
2026-10-19 09:24:56,2026-10-19 09:30:13,2026-10-19 09:30:24,5.28,10
2026-10-19 09:25:00,2026-10-19 09:30:24,2026-10-19 09:31:12,5.41,11
2026-10-19 09:25:34,2026-10-19 09:31:12,2026-10-19 09:31:44,5.63,12
2026-10-19 09:25:44,2026-10-19 09:31:44,2026-10-19 09:34:48,6.02,13
2026-10-19 09:26:21,2026-10-19 09:32:04,2026-10-19 09:32:21,5.71,13
2026-10-19 09:27:11,2026-10-19 09:32:21,2026-10-19 09:41:48,5.17,13
2026-10-19 09:27:14,2026-10-19 09:34:02,2026-10-19 09:34:03,6.79,14
2026-10-19 09:27:31,2026-10-19 09:34:03,2026-10-19 09:35:14,6.54,14
2026-10-19 09:27:46,2026-10-19 09:34:48,2026-10-19 09:35:56,7.04,14
2026-10-19 09:28:22,2026-10-19 09:35:14,2026-10-19 09:38:12,6.87,15
2026-10-19 09:29:04,2026-10-19 09:35:56,2026-10-19 09:42:22,6.85,15
2026-10-19 09:29:12,2026-10-19 09:38:12,2026-10-19 09:38:51,9.01,16
2026-10-19 09:29:27,2026-10-19 09:38:51,2026-10-19 09:39:09,9.4,15
2026-10-19 09:29:34,2026-10-19 09:39:09,2026-10-19 09:44:38,9.59,16
2026-10-19 09:29:58,2026-10-19 09:41:48,2026-10-19 09:45:22,11.84,15
2026-10-19 09:32:31,2026-10-19 09:42:22,2026-10-19 09:45:33,9.85,9
2026-10-19 09:32:55,2026-10-19 09:44:38,2026-10-19 09:44:56,11.72,10
2026-10-19 09:32:56,2026-10-19 09:44:56,2026-10-19 09:45:19,11.99,11
2026-10-19 09:34:31,2026-10-19 09:45:19,2026-10-19 09:46:10,10.8,10
2026-10-19 09:35:13,2026-10-19 09:45:22,2026-10-19 09:46:59,10.15,10
2026-10-19 09:36:03,2026-10-19 09:45:33,2026-10-19 09:46:23,9.51,9
2026-10-19 09:38:01,2026-10-19 09:46:10,2026-10-19 09:50:29,8.14,10
2026-10-19 09:38:03,2026-10-19 09:46:23,2026-10-19 09:50:47,8.34,11
2026-10-19 09:38:20,2026-10-19 09:46:59,2026-10-19 09:47:35,8.66,11
2026-10-19 09:38:24,2026-10-19 09:47:35,2026-10-19 09:48:43,9.18,12
2026-10-19 09:38:32,2026-10-19 09:48:43,2026-10-19 09:51:05,10.19,13
2026-10-19 09:39:01,2026-10-19 09:50:29,2026-10-19 09:57:02,11.47,13
2026-10-19 09:41:08,2026-10-19 09:50:47,2026-10-19 09:54:08,9.66,13
2026-10-19 09:41:20,2026-10-19 09:51:05,2026-10-19 09:51:43,9.76,14
2026-10-19 09:41:34,2026-10-19 09:51:43,2026-10-19 09:55:28,10.15,15
2026-10-19 09:41:42,2026-10-19 09:54:08,2026-10-19 09:54:56,12.43,16
2026-10-19 09:42:19,2026-10-19 09:54:56,2026-10-19 09:55:18,12.61,16
2026-10-19 09:42:41,2026-10-19 09:55:18,2026-10-19 09:56:06,12.62,16
2026-10-19 09:42:44,2026-10-19 09:55:28,2026-10-19 09:57:22,12.73,17
2026-10-19 09:42:59,2026-10-19 09:56:06,2026-10-19 09:56:35,13.12,18
2026-10-19 09:43:44,2026-10-19 09:56:35,2026-10-19 09:58:28,12.86,19
2026-10-19 09:43:46,2026-10-19 09:57:02,2026-10-19 09:57:36,13.27,20
2026-10-19 09:44:11,2026-10-19 09:57:22,2026-10-19 09:59:34,13.2,21
2026-10-19 09:44:28,2026-10-19 09:57:36,2026-10-19 10:00:32,13.13,22
2026-10-19 09:45:18,2026-10-19 09:58:28,2026-10-19 09:58:38,13.17,21
2026-10-19 09:45:31,2026-10-19 09:58:38,2026-10-19 10:00:54,13.12,20
2026-10-19 09:46:40,2026-10-19 09:59:34,2026-10-19 10:02:24,12.91,18
2026-10-19 09:47:10,2026-10-19 10:00:32,2026-10-19 10:02:47,13.37,18
2026-10-19 09:47:24,2026-10-19 10:00:54,2026-10-19 10:01:26,13.49,19
2026-10-19 09:47:37,2026-10-19 10:01:26,2026-10-19 10:02:57,13.81,19
2026-10-19 09:48:37,2026-10-19 10:02:24,2026-10-19 10:05:04,13.78,20
2026-10-19 09:48:40,2026-10-19 10:02:47,2026-10-19 10:06:18,14.12,21
2026-10-19 09:49:12,2026-10-19 10:02:57,2026-10-19 10:03:35,13.75,21
2026-10-19 09:49:43,2026-10-19 10:03:35,2026-10-19 10:07:21,13.86,22
2026-10-19 09:49:53,2026-10-19 10:05:04,2026-10-19 10:05:19,15.18,23
2026-10-19 09:50:09,2026-10-19 10:05:19,2026-10-19 10:06:18,15.16,24
2026-10-19 09:50:48,2026-10-19 10:06:18,2026-10-19 10:06:20,15.5,23
2026-10-19 09:51:07,2026-10-19 10:06:18,2026-10-19 10:06:37,15.19,23
2026-10-19 09:51:40,2026-10-19 10:06:20,2026-10-19 10:08:13,14.66,24
2026-10-19 09:53:03,2026-10-19 10:06:37,2026-10-19 10:08:09,13.57,24
2026-10-19 09:53:23,2026-10-19 10:07:21,2026-10-19 10:17:34,13.97,25
2026-10-19 09:54:00,2026-10-19 10:08:09,2026-10-19 10:12:35,14.15,26
2026-10-19 09:54:37,2026-10-19 10:08:13,2026-10-19 10:11:40,13.6,26
2026-10-19 09:55:15,2026-10-19 10:11:40,2026-10-19 10:11:45,16.42,26
2026-10-19 09:55:17,2026-10-19 10:11:45,2026-10-19 10:13:34,16.48,27
2026-10-19 09:55:39,2026-10-19 10:12:35,2026-10-19 10:13:11,16.93,26
2026-10-19 09:56:06,2026-10-19 10:13:11,2026-10-19 10:14:08,17.09,27
2026-10-19 09:58:12,2026-10-19 10:13:34,2026-10-19 10:13:46,15.35,23
2026-10-19 09:59:35,2026-10-19 10:13:46,2026-10-19 10:18:03,14.18,21
2026-10-19 09:59:43,2026-10-19 10:14:08,2026-10-19 10:15:29,14.41,22
2026-10-19 10:00:07,2026-10-19 10:15:29,2026-10-19 10:18:22,15.36,23
2026-10-19 10:00:08,2026-10-19 10:17:34,2026-10-19 10:22:07,17.43,24
2026-10-19 10:00:50,2026-10-19 10:18:03,2026-10-19 10:19:59,17.22,24
2026-10-19 10:01:14,2026-10-19 10:18:22,2026-10-19 10:21:25,17.14,24
2026-10-19 10:01:20,2026-10-19 10:19:59,2026-10-19 10:20:55,18.66,25
2026-10-19 10:01:27,2026-10-19 10:20:55,2026-10-19 10:21:20,19.47,25
2026-10-19 10:01:51,2026-10-19 10:21:20,2026-10-19 10:21:30,19.49,26
2026-10-19 10:01:59,2026-10-19 10:21:25,2026-10-19 10:22:54,19.43,27
2026-10-19 10:02:46,2026-10-19 10:21:30,2026-10-19 10:21:53,18.73,27
2026-10-19 10:02:47,2026-10-19 10:21:53,2026-10-19 10:22:56,19.11,28
2026-10-19 10:03:45,2026-10-19 10:22:07,2026-10-19 10:22:39,18.37,26
2026-10-19 10:04:11,2026-10-19 10:22:39,2026-10-19 10:24:48,18.46,27
2026-10-19 10:04:21,2026-10-19 10:22:54,2026-10-19 10:25:43,18.55,28
2026-10-19 10:04:22,2026-10-19 10:22:56,2026-10-19 10:28:03,18.56,29
2026-10-19 10:04:22,2026-10-19 10:24:48,2026-10-19 10:27:12,20.43,30
2026-10-19 10:05:41,2026-10-19 10:25:43,2026-10-19 10:27:34,20.03,29
2026-10-19 10:06:23,2026-10-19 10:27:12,2026-10-19 10:27:25,20.82,27
2026-10-19 10:06:46,2026-10-19 10:27:25,2026-10-19 10:27:44,20.64,27
2026-10-19 10:07:08,2026-10-19 10:27:34,2026-10-19 10:28:01,20.42,28
2026-10-19 10:07:09,2026-10-19 10:27:44,2026-10-19 10:31:14,20.58,29
2026-10-19 10:07:54,2026-10-19 10:28:01,2026-10-19 10:31:49,20.11,29
2026-10-19 10:08:15,2026-10-19 10:28:03,2026-10-19 10:29:14,19.8,28
2026-10-19 10:08:16,2026-10-19 10:29:14,2026-10-19 10:29:54,20.98,29
2026-10-19 10:08:30,2026-10-19 10:29:54,2026-10-19 10:35:10,21.41,30
2026-10-19 10:08:35,2026-10-19 10:31:14,2026-10-19 10:31:14,22.66,31
2026-10-19 10:08:51,2026-10-19 10:31:14,2026-10-19 10:31:38,22.39,32
2026-10-19 10:09:05,2026-10-19 10:31:38,2026-10-19 10:32:29,22.55,33
2026-10-19 10:09:24,2026-10-19 10:31:49,2026-10-19 10:33:09,22.41,34
2026-10-19 10:09:45,2026-10-19 10:32:29,2026-10-19 10:32:53,22.73,35
2026-10-19 10:09:57,2026-10-19 10:32:53,2026-10-19 10:35:48,22.94,36
2026-10-19 10:11:37,2026-10-19 10:33:09,2026-10-19 10:34:17,21.54,37
2026-10-19 10:12:19,2026-10-19 10:34:17,2026-10-19 10:34:48,21.96,36
2026-10-19 10:12:57,2026-10-19 10:34:48,2026-10-19 10:35:27,21.84,36
2026-10-19 10:15:18,2026-10-19 10:35:10,2026-10-19 10:37:58,19.88,33
2026-10-19 10:15:28,2026-10-19 10:35:27,2026-10-19 10:40:57,19.98,34
2026-10-19 10:15:38,2026-10-19 10:35:48,2026-10-19 10:37:57,20.15,34
2026-10-19 10:15:42,2026-10-19 10:37:57,2026-10-19 10:38:49,22.26,35
2026-10-19 10:16:00,2026-10-19 10:37:58,2026-10-19 10:38:42,21.97,36
2026-10-19 10:16:02,2026-10-19 10:38:42,2026-10-19 10:43:24,22.67,37
2026-10-19 10:16:17,2026-10-19 10:38:49,2026-10-19 10:41:20,22.54,38
2026-10-19 10:16:19,2026-10-19 10:40:57,2026-10-19 10:41:02,24.64,39
2026-10-19 10:17:40,2026-10-19 10:41:02,2026-10-19 10:46:42,23.38,39
2026-10-19 10:17:46,2026-10-19 10:41:20,2026-10-19 10:41:28,23.58,40
2026-10-19 10:18:31,2026-10-19 10:41:28,2026-10-19 10:43:15,22.95,39
2026-10-19 10:19:58,2026-10-19 10:43:15,2026-10-19 10:45:10,23.28,40
2026-10-19 10:21:17,2026-10-19 10:43:24,2026-10-19 10:44:08,22.12,39
2026-10-19 10:21:38,2026-10-19 10:44:08,2026-10-19 10:44:16,22.51,37
2026-10-19 10:22:18,2026-10-19 10:44:16,2026-10-19 10:46:19,21.96,36
2026-10-19 10:22:35,2026-10-19 10:45:10,2026-10-19 10:45:54,22.57,37
2026-10-19 10:22:55,2026-10-19 10:45:54,2026-10-19 10:49:41,22.99,36
2026-10-19 10:23:43,2026-10-19 10:46:19,2026-10-19 10:46:32,22.59,36
2026-10-19 10:23:58,2026-10-19 10:46:32,2026-10-19 10:49:48,22.57,37
2026-10-19 10:25:00,2026-10-19 10:46:42,2026-10-19 10:49:22,21.7,37
2026-10-19 10:26:24,2026-10-19 10:49:22,2026-10-19 10:53:10,22.98,37
2026-10-19 10:26:41,2026-10-19 10:49:41,2026-10-19 10:50:01,23.0,38
2026-10-19 10:27:46,2026-10-19 10:49:48,2026-10-19 10:52:04,22.04,35
2026-10-19 10:29:06,2026-10-19 10:50:01,2026-10-19 10:52:16,20.91,34
2026-10-19 10:29:09,2026-10-19 10:52:04,2026-10-19 10:52:06,22.92,35
2026-10-19 10:29:30,2026-10-19 10:52:06,2026-10-19 10:52:37,22.6,35
2026-10-19 10:29:35,2026-10-19 10:52:16,2026-10-19 10:52:51,22.69,36
2026-10-19 10:29:51,2026-10-19 10:52:37,2026-10-19 10:53:30,22.76,37
2026-10-19 10:31:25,2026-10-19 10:52:51,2026-10-19 10:54:34,21.43,35
2026-10-19 10:31:41,2026-10-19 10:53:10,2026-10-19 10:54:00,21.47,35
2026-10-19 10:33:09,2026-10-19 10:53:30,2026-10-19 10:55:23,20.36,32
2026-10-19 10:34:31,2026-10-19 10:54:00,2026-10-19 10:54:24,19.48,32
2026-10-19 10:34:48,2026-10-19 10:54:24,2026-10-19 10:57:49,19.6,33
2026-10-19 10:34:49,2026-10-19 10:54:34,2026-10-19 10:55:45,19.75,33
2026-10-19 10:36:12,2026-10-19 10:55:23,2026-10-19 10:57:02,19.19,31
2026-10-19 10:36:24,2026-10-19 10:55:45,2026-10-19 10:56:29,19.36,32
2026-10-19 10:36:39,2026-10-19 10:56:29,2026-10-19 11:04:21,19.84,33
2026-10-19 10:37:30,2026-10-19 10:57:02,2026-10-19 11:00:53,19.53,34
2026-10-19 10:37:36,2026-10-19 10:57:49,2026-10-19 11:00:29,20.21,35
2026-10-19 10:37:48,2026-10-19 11:00:29,2026-10-19 11:03:44,22.68,36
2026-10-19 10:38:16,2026-10-19 11:00:53,2026-10-19 11:04:52,22.63,35
2026-10-19 10:38:16,2026-10-19 11:03:44,2026-10-19 11:04:08,25.47,36
2026-10-19 10:39:31,2026-10-19 11:04:08,2026-10-19 11:05:16,24.63,35
2026-10-19 10:39:34,2026-10-19 11:04:21,2026-10-19 11:07:24,24.78,36
2026-10-19 10:39:36,2026-10-19 11:04:52,2026-10-19 11:04:59,25.27,37
2026-10-19 10:39:51,2026-10-19 11:04:59,2026-10-19 11:05:55,25.14,38
2026-10-19 10:40:20,2026-10-19 11:05:16,2026-10-19 11:05:23,24.93,39
2026-10-19 10:40:34,2026-10-19 11:05:23,2026-10-19 11:05:44,24.83,40
2026-10-19 10:41:55,2026-10-19 11:05:44,2026-10-19 11:07:10,23.81,37
2026-10-19 10:42:42,2026-10-19 11:05:55,2026-10-19 11:06:17,23.22,38
2026-10-19 10:43:06,2026-10-19 11:06:17,2026-10-19 11:06:26,23.18,39
2026-10-19 10:43:49,2026-10-19 11:06:26,2026-10-19 11:06:44,22.63,38
2026-10-19 10:44:05,2026-10-19 11:06:44,2026-10-19 11:07:12,22.64,39
2026-10-19 10:45:17,2026-10-19 11:07:10,2026-10-19 11:09:16,21.87,37
2026-10-19 10:45:41,2026-10-19 11:07:12,2026-10-19 11:09:58,21.52,38
2026-10-19 10:46:39,2026-10-19 11:07:24,2026-10-19 11:10:29,20.76,36
2026-10-19 10:46:40,2026-10-19 11:09:16,2026-10-19 11:12:18,22.6,37
2026-10-19 10:48:38,2026-10-19 11:09:58,2026-10-19 11:10:26,21.33,37
2026-10-19 10:49:34,2026-10-19 11:10:26,2026-10-19 11:11:23,20.86,37
2026-10-19 10:51:52,2026-10-19 11:10:29,2026-10-19 11:11:56,18.61,35
2026-10-19 10:52:17,2026-10-19 11:11:23,2026-10-19 11:12:33,19.1,33
2026-10-19 10:52:26,2026-10-19 11:11:56,2026-10-19 11:14:45,19.49,34
2026-10-19 10:52:29,2026-10-19 11:12:18,2026-10-19 11:12:40,19.81,35
2026-10-19 10:52:51,2026-10-19 11:12:33,2026-10-19 11:14:53,19.69,34
2026-10-19 10:53:30,2026-10-19 11:12:40,2026-10-19 11:14:11,19.17,34
2026-10-19 10:54:09,2026-10-19 11:14:11,2026-10-19 11:14:32,20.03,33
2026-10-19 10:54:28,2026-10-19 11:14:32,2026-10-19 11:16:08,20.07,33
2026-10-19 10:55:39,2026-10-19 11:14:45,2026-10-19 11:16:57,19.1,32
2026-10-19 10:55:55,2026-10-19 11:14:53,2026-10-19 11:15:36,18.97,32
2026-10-19 10:55:58,2026-10-19 11:15:36,2026-10-19 11:17:32,19.62,33
2026-10-19 10:55:59,2026-10-19 11:16:08,2026-10-19 11:19:41,20.15,34
2026-10-19 10:56:11,2026-10-19 11:16:57,2026-10-19 11:19:01,20.76,35
2026-10-19 10:56:15,2026-10-19 11:17:32,2026-10-19 11:19:15,21.28,36
2026-10-19 10:56:26,2026-10-19 11:19:01,2026-10-19 11:19:42,22.58,37
2026-10-19 10:56:27,2026-10-19 11:19:15,2026-10-19 11:20:15,22.82,38
2026-10-19 10:56:28,2026-10-19 11:19:41,2026-10-19 11:20:23,23.22,39
2026-10-19 10:56:56,2026-10-19 11:19:42,2026-10-19 11:22:32,22.77,39
2026-10-19 10:57:30,2026-10-19 11:20:15,2026-10-19 11:20:18,22.74,39
2026-10-19 11:01:42,2026-10-19 11:20:18,2026-10-19 11:22:57,18.61,37
2026-10-19 11:01:48,2026-10-19 11:20:23,2026-10-19 11:20:29,18.58,38
2026-10-19 11:02:25,2026-10-19 11:20:29,2026-10-19 11:21:48,18.08,39
2026-10-19 11:02:32,2026-10-19 11:21:48,2026-10-19 11:24:34,19.27,40
2026-10-19 11:02:47,2026-10-19 11:22:32,2026-10-19 11:25:22,19.75,41
2026-10-19 11:03:45,2026-10-19 11:22:57,2026-10-19 11:23:40,19.21,41
2026-10-19 11:03:49,2026-10-19 11:23:40,2026-10-19 11:24:41,19.86,42
2026-10-19 11:05:51,2026-10-19 11:24:34,2026-10-19 11:24:40,18.72,36
2026-10-19 11:06:02,2026-10-19 11:24:40,2026-10-19 11:27:45,18.62,36
2026-10-19 11:06:42,2026-10-19 11:24:41,2026-10-19 11:32:31,17.98,35
2026-10-19 11:07:13,2026-10-19 11:25:22,2026-10-19 11:25:54,18.14,33
2026-10-19 11:07:53,2026-10-19 11:25:54,2026-10-19 11:32:04,18.02,33
2026-10-19 11:07:59,2026-10-19 11:27:45,2026-10-19 11:33:40,19.78,34
2026-10-19 11:08:39,2026-10-19 11:32:04,2026-10-19 11:32:47,23.41,35
2026-10-19 11:08:46,2026-10-19 11:32:31,2026-10-19 11:33:44,23.74,36
2026-10-19 11:09:16,2026-10-19 11:32:47,2026-10-19 11:34:43,23.51,36
2026-10-19 11:09:20,2026-10-19 11:33:40,2026-10-19 11:33:41,24.34,37
2026-10-19 11:09:46,2026-10-19 11:33:41,2026-10-19 11:35:10,23.93,38
2026-10-19 11:10:13,2026-10-19 11:33:44,2026-10-19 11:34:50,23.51,38
2026-10-19 11:10:26,2026-10-19 11:34:43,2026-10-19 11:41:22,24.29,39
2026-10-19 11:10:34,2026-10-19 11:34:50,2026-10-19 11:37:39,24.27,38
2026-10-19 11:11:48,2026-10-19 11:35:10,2026-10-19 11:39:21,23.37,38
2026-10-19 11:11:53,2026-10-19 11:37:39,2026-10-19 11:39:04,25.77,39
2026-10-19 11:12:19,2026-10-19 11:39:04,2026-10-19 11:40:53,26.74,38
2026-10-19 11:12:24,2026-10-19 11:39:21,2026-10-19 11:44:41,26.94,39
2026-10-19 11:12:26,2026-10-19 11:40:53,2026-10-19 11:45:54,28.45,40
2026-10-19 11:12:46,2026-10-19 11:41:22,2026-10-19 11:46:47,28.61,39
2026-10-19 11:13:29,2026-10-19 11:44:41,2026-10-19 11:45:23,31.2,40
2026-10-19 11:14:13,2026-10-19 11:45:23,2026-10-19 11:45:26,31.16,40
2026-10-19 11:14:22,2026-10-19 11:45:26,2026-10-19 11:50:02,31.05,41
2026-10-19 11:14:52,2026-10-19 11:45:54,2026-10-19 11:48:39,31.04,40
2026-10-19 11:15:17,2026-10-19 11:46:47,2026-10-19 11:51:57,31.49,40
2026-10-19 11:15:41,2026-10-19 11:48:39,2026-10-19 11:50:02,32.97,40
2026-10-19 11:16:43,2026-10-19 11:50:02,2026-10-19 11:50:15,33.31,40
2026-10-19 11:16:48,2026-10-19 11:50:02,2026-10-19 11:54:22,33.23,41
2026-10-19 11:17:10,2026-10-19 11:50:15,2026-10-19 11:52:31,33.08,41
2026-10-19 11:17:15,2026-10-19 11:51:57,2026-10-19 11:58:14,34.7,42
2026-10-19 11:17:38,2026-10-19 11:52:31,2026-10-19 11:55:19,34.87,42
2026-10-19 11:17:43,2026-10-19 11:54:22,2026-10-19 11:55:52,36.64,43
2026-10-19 11:18:28,2026-10-19 11:55:19,2026-10-19 11:55:43,36.85,44
2026-10-19 11:19:10,2026-10-19 11:55:43,2026-10-19 11:57:24,36.54,44
2026-10-19 11:19:27,2026-10-19 11:55:52,2026-10-19 11:56:40,36.41,44
2026-10-19 11:19:29,2026-10-19 11:56:40,2026-10-19 11:57:28,37.19,45
2026-10-19 11:19:48,2026-10-19 11:57:24,2026-10-19 11:59:09,37.6,44
2026-10-19 11:20:09,2026-10-19 11:57:28,2026-10-19 11:57:49,37.32,45
2026-10-19 11:20:17,2026-10-19 11:57:49,2026-10-19 11:59:08,37.54,45
2026-10-19 11:20:24,2026-10-19 11:58:14,2026-10-19 11:58:35,37.84,44
2026-10-19 11:20:27,2026-10-19 11:58:35,2026-10-19 12:02:01,38.14,45
2026-10-19 11:20:48,2026-10-19 11:59:08,2026-10-19 12:00:41,38.35,45
2026-10-19 11:21:09,2026-10-19 11:59:09,2026-10-19 11:59:17,38.01,46
2026-10-19 11:21:15,2026-10-19 11:59:17,2026-10-19 12:00:45,38.03,47
2026-10-19 11:21:24,2026-10-19 12:00:41,2026-10-19 12:02:56,39.27,48
2026-10-19 11:21:53,2026-10-19 12:00:45,2026-10-19 12:02:42,38.87,48
2026-10-19 11:23:47,2026-10-19 12:02:01,2026-10-19 12:04:40,38.22,46
2026-10-19 11:23:54,2026-10-19 12:02:42,2026-10-19 12:03:48,38.81,47
2026-10-19 11:25:03,2026-10-19 12:02:56,2026-10-19 12:03:05,37.88,45
2026-10-19 11:25:07,2026-10-19 12:03:05,2026-10-19 12:03:42,37.96,46
2026-10-19 11:25:08,2026-10-19 12:03:42,2026-10-19 12:06:41,38.56,47
2026-10-19 11:25:29,2026-10-19 12:03:48,2026-10-19 12:08:34,38.31,47
2026-10-19 11:25:33,2026-10-19 12:04:40,2026-10-19 12:06:51,39.12,48
2026-10-19 11:25:35,2026-10-19 12:06:41,2026-10-19 12:11:07,41.11,49
2026-10-19 11:25:37,2026-10-19 12:06:51,2026-10-19 12:07:34,41.23,50
2026-10-19 11:25:46,2026-10-19 12:07:34,2026-10-19 12:08:40,41.81,51
2026-10-19 11:26:49,2026-10-19 12:08:34,2026-10-19 12:09:12,41.74,51
2026-10-19 11:26:53,2026-10-19 12:08:40,2026-10-19 12:09:17,41.78,52
2026-10-19 11:26:55,2026-10-19 12:09:12,2026-10-19 12:11:12,42.29,53
2026-10-19 11:26:59,2026-10-19 12:09:17,2026-10-19 12:12:15,42.3,54
2026-10-19 11:27:03,2026-10-19 12:11:07,2026-10-19 12:11:35,44.06,55
2026-10-19 11:27:08,2026-10-19 12:11:12,2026-10-19 12:13:44,44.06,56
2026-10-19 11:27:17,2026-10-19 12:11:35,2026-10-19 12:12:20,44.3,57
2026-10-19 11:27:19,2026-10-19 12:12:15,2026-10-19 12:14:01,44.94,58
2026-10-19 11:27:41,2026-10-19 12:12:20,2026-10-19 12:14:58,44.66,59
2026-10-19 11:27:47,2026-10-19 12:13:44,2026-10-19 12:19:14,45.95,59
2026-10-19 11:27:48,2026-10-19 12:14:01,2026-10-19 12:20:27,46.21,60
2026-10-19 11:27:52,2026-10-19 12:14:58,2026-10-19 12:16:07,47.1,61
2026-10-19 11:27:57,2026-10-19 12:16:07,2026-10-19 12:16:27,48.17,62
2026-10-19 11:29:56,2026-10-19 12:16:27,2026-10-19 12:17:47,46.51,63
2026-10-19 11:30:05,2026-10-19 12:17:47,2026-10-19 12:19:08,47.7,64
2026-10-19 11:31:46,2026-10-19 12:19:08,2026-10-19 12:19:40,47.36,65
2026-10-19 11:32:48,2026-10-19 12:19:14,2026-10-19 12:20:02,46.45,63
2026-10-19 11:32:54,2026-10-19 12:19:40,2026-10-19 12:19:52,46.76,64
2026-10-19 11:33:01,2026-10-19 12:19:52,2026-10-19 12:22:53,46.85,65
2026-10-19 11:33:18,2026-10-19 12:20:02,2026-10-19 12:24:43,46.74,66
2026-10-19 11:33:24,2026-10-19 12:20:27,2026-10-19 12:21:21,47.06,67
2026-10-19 11:33:59,2026-10-19 12:21:21,2026-10-19 12:22:37,47.37,65
2026-10-19 11:34:24,2026-10-19 12:22:37,2026-10-19 12:24:22,48.21,66
2026-10-19 11:34:35,2026-10-19 12:22:53,2026-10-19 12:26:01,48.3,67
2026-10-19 11:36:29,2026-10-19 12:24:22,2026-10-19 12:26:02,47.87,65
2026-10-19 11:36:33,2026-10-19 12:24:43,2026-10-19 12:27:44,48.17,66
2026-10-19 11:37:23,2026-10-19 12:26:01,2026-10-19 12:31:54,48.63,67
2026-10-19 11:37:26,2026-10-19 12:26:02,2026-10-19 12:27:38,48.59,68
2026-10-19 11:37:43,2026-10-19 12:27:38,2026-10-19 12:30:30,49.92,68
2026-10-19 11:38:06,2026-10-19 12:27:44,2026-10-19 12:32:28,49.62,69
2026-10-19 11:38:08,2026-10-19 12:30:30,2026-10-19 12:31:42,52.37,70
2026-10-19 11:38:22,2026-10-19 12:31:42,2026-10-19 12:33:07,53.32,71
2026-10-19 11:38:31,2026-10-19 12:31:54,2026-10-19 12:39:17,53.39,72
2026-10-19 11:38:34,2026-10-19 12:32:28,2026-10-19 12:32:37,53.9,73
2026-10-19 11:38:43,2026-10-19 12:32:37,2026-10-19 12:34:44,53.9,74
2026-10-19 11:38:50,2026-10-19 12:33:07,2026-10-19 12:36:36,54.28,75
2026-10-19 11:39:31,2026-10-19 12:34:44,2026-10-19 12:36:19,55.21,74
2026-10-19 11:40:28,2026-10-19 12:36:19,2026-10-19 12:40:49,55.85,75
2026-10-19 11:40:55,2026-10-19 12:36:36,2026-10-19 12:40:15,55.69,75
2026-10-19 11:40:57,2026-10-19 12:39:17,2026-10-19 12:39:18,58.33,76
2026-10-19 11:41:19,2026-10-19 12:39:18,2026-10-19 12:40:54,57.99,77
2026-10-19 11:41:33,2026-10-19 12:40:15,2026-10-19 12:42:04,58.7,77
2026-10-19 11:41:38,2026-10-19 12:40:49,2026-10-19 12:45:01,59.19,78
2026-10-19 11:41:41,2026-10-19 12:40:54,2026-10-19 12:41:40,59.22,79
2026-10-19 11:42:24,2026-10-19 12:41:40,2026-10-19 12:41:41,59.27,80
2026-10-19 11:43:42,2026-10-19 12:41:41,2026-10-19 12:43:55,57.99,81
2026-10-19 11:44:34,2026-10-19 12:42:04,2026-10-19 12:42:42,57.5,82
2026-10-19 11:44:41,2026-10-19 12:42:42,2026-10-19 12:44:29,58.02,83
2026-10-19 11:44:54,2026-10-19 12:43:55,2026-10-19 12:53:07,59.01,83
2026-10-19 11:44:57,2026-10-19 12:44:29,2026-10-19 12:44:47,59.53,84
2026-10-19 11:45:45,2026-10-19 12:44:47,2026-10-19 12:45:38,59.03,83
2026-10-19 11:46:03,2026-10-19 12:45:01,2026-10-19 12:48:10,58.97,83
2026-10-19 11:47:15,2026-10-19 12:45:38,2026-10-19 12:53:32,58.38,83
2026-10-19 11:47:16,2026-10-19 12:48:10,2026-10-19 12:48:24,60.9,84
2026-10-19 11:47:24,2026-10-19 12:48:24,2026-10-19 12:49:52,61.0,85
2026-10-19 11:47:39,2026-10-19 12:49:52,2026-10-19 12:51:04,62.21,86
2026-10-19 11:47:45,2026-10-19 12:51:04,2026-10-19 12:53:44,63.32,87
2026-10-19 11:48:52,2026-10-19 12:53:07,2026-10-19 12:54:24,64.25,87
2026-10-19 11:50:07,2026-10-19 12:53:32,2026-10-19 12:54:16,63.42,86
2026-10-19 11:50:42,2026-10-19 12:53:44,2026-10-19 12:55:23,63.04,86
2026-10-19 11:51:21,2026-10-19 12:54:16,2026-10-19 12:58:18,62.92,87
2026-10-19 11:51:38,2026-10-19 12:54:24,2026-10-19 13:04:13,62.77,88
2026-10-19 11:51:49,2026-10-19 12:55:23,2026-10-19 12:56:36,63.58,89
2026-10-19 11:51:53,2026-10-19 12:56:36,2026-10-19 12:56:42,64.72,90
2026-10-19 11:53:13,2026-10-19 12:56:42,2026-10-19 13:00:10,63.49,89
2026-10-19 11:53:50,2026-10-19 12:58:18,2026-10-19 13:07:58,64.48,90
2026-10-19 11:54:48,2026-10-19 13:00:10,2026-10-19 13:01:49,65.36,90
2026-10-19 11:55:13,2026-10-19 13:01:49,2026-10-19 13:02:17,66.6,91
2026-10-19 11:55:19,2026-10-19 13:02:17,2026-10-19 13:02:22,66.96,91
2026-10-19 11:55:58,2026-10-19 13:02:22,2026-10-19 13:05:13,66.4,90
2026-10-19 11:56:10,2026-10-19 13:04:13,2026-10-19 13:06:56,68.05,91
2026-10-19 11:56:20,2026-10-19 13:05:13,2026-10-19 13:06:03,68.89,92
2026-10-19 11:56:50,2026-10-19 13:06:03,2026-10-19 13:08:17,69.21,92
2026-10-19 11:56:58,2026-10-19 13:06:56,2026-10-19 13:09:00,69.95,93
2026-10-19 11:57:35,2026-10-19 13:07:58,2026-10-19 13:12:32,70.39,92
2026-10-19 11:58:05,2026-10-19 13:08:17,2026-10-19 13:08:17,70.2,92
2026-10-19 11:58:11,2026-10-19 13:08:17,2026-10-19 13:09:47,70.11,93
2026-10-19 11:58:37,2026-10-19 13:09:00,2026-10-19 13:09:55,70.38,92
2026-10-19 11:58:56,2026-10-19 13:09:47,2026-10-19 13:15:22,70.85,93
2026-10-19 11:59:09,2026-10-19 13:09:55,2026-10-19 13:10:31,70.76,93
2026-10-19 11:59:23,2026-10-19 13:10:31,2026-10-19 13:10:48,71.13,92
2026-10-19 11:59:32,2026-10-19 13:10:48,2026-10-19 13:10:57,71.27,93
2026-10-19 12:01:57,2026-10-19 13:10:57,2026-10-19 13:11:55,69.01,92
2026-10-19 12:02:01,2026-10-19 13:11:55,2026-10-19 13:12:43,69.9,92
2026-10-19 12:02:07,2026-10-19 13:12:32,2026-10-19 13:13:00,70.42,93
2026-10-19 12:02:30,2026-10-19 13:12:43,2026-10-19 13:17:35,70.22,94
2026-10-19 12:03:31,2026-10-19 13:13:00,2026-10-19 13:15:55,69.49,92
2026-10-19 12:03:32,2026-10-19 13:15:22,2026-10-19 13:22:05,71.83,93
2026-10-19 12:03:51,2026-10-19 13:15:55,2026-10-19 13:16:49,72.06,92
2026-10-19 12:04:29,2026-10-19 13:16:49,2026-10-19 13:17:31,72.33,93
2026-10-19 12:04:58,2026-10-19 13:17:31,2026-10-19 13:18:07,72.55,93
2026-10-19 12:05:17,2026-10-19 13:17:35,2026-10-19 13:18:28,72.3,94
2026-10-19 12:05:21,2026-10-19 13:18:07,2026-10-19 13:22:33,72.77,95
2026-10-19 12:05:35,2026-10-19 13:18:28,2026-10-19 13:21:03,72.87,96
2026-10-19 12:05:53,2026-10-19 13:21:03,2026-10-19 13:21:13,75.16,97
2026-10-19 12:05:55,2026-10-19 13:21:13,2026-10-19 13:21:16,75.31,98
2026-10-19 12:06:07,2026-10-19 13:21:16,2026-10-19 13:21:17,75.15,99
2026-10-19 12:06:25,2026-10-19 13:21:17,2026-10-19 13:23:22,74.87,100
2026-10-19 12:06:50,2026-10-19 13:22:05,2026-10-19 13:27:44,75.25,100
2026-10-19 12:07:21,2026-10-19 13:22:33,2026-10-19 13:26:29,75.21,100
2026-10-19 12:08:15,2026-10-19 13:23:22,2026-10-19 13:23:39,75.11,100
2026-10-19 12:08:30,2026-10-19 13:23:39,2026-10-19 13:23:51,75.15,101
2026-10-19 12:09:32,2026-10-19 13:23:51,2026-10-19 13:24:09,74.32,98
2026-10-19 12:09:43,2026-10-19 13:24:09,2026-10-19 13:25:22,74.43,99
2026-10-19 12:09:56,2026-10-19 13:25:22,2026-10-19 13:29:06,75.44,100
2026-10-19 12:10:45,2026-10-19 13:26:29,2026-10-19 13:28:02,75.72,101
2026-10-19 12:11:11,2026-10-19 13:27:44,2026-10-19 13:29:36,76.56,101
2026-10-19 12:11:13,2026-10-19 13:28:02,2026-10-19 13:30:08,76.81,101
2026-10-19 12:11:18,2026-10-19 13:29:06,2026-10-19 13:29:37,77.81,102
2026-10-19 12:11:37,2026-10-19 13:29:36,2026-10-19 13:31:15,77.98,102
2026-10-19 12:11:46,2026-10-19 13:29:37,2026-10-19 13:31:28,77.85,103
2026-10-19 12:11:50,2026-10-19 13:30:08,2026-10-19 13:36:09,78.29,104
2026-10-19 12:12:32,2026-10-19 13:31:15,2026-10-19 13:31:57,78.73,103
2026-10-19 12:13:11,2026-10-19 13:31:28,2026-10-19 13:32:34,78.29,104
2026-10-19 12:13:14,2026-10-19 13:31:57,2026-10-19 13:33:32,78.73,105
2026-10-19 12:13:20,2026-10-19 13:32:34,2026-10-19 13:32:35,79.24,106
2026-10-19 12:13:23,2026-10-19 13:32:35,2026-10-19 13:32:44,79.2,107
2026-10-19 12:13:53,2026-10-19 13:32:44,2026-10-19 13:35:07,78.84,107
2026-10-19 12:14:18,2026-10-19 13:33:32,2026-10-19 13:33:56,79.24,107
2026-10-19 12:15:19,2026-10-19 13:33:56,2026-10-19 13:34:20,78.61,107
2026-10-19 12:15:24,2026-10-19 13:34:20,2026-10-19 13:36:35,78.93,108
2026-10-19 12:16:35,2026-10-19 13:35:07,2026-10-19 13:36:20,78.54,107
2026-10-19 12:16:36,2026-10-19 13:36:09,2026-10-19 13:36:59,79.55,108
2026-10-19 12:16:56,2026-10-19 13:36:20,2026-10-19 13:36:35,79.4,109
2026-10-19 12:16:58,2026-10-19 13:36:35,2026-10-19 13:37:37,79.61,110
2026-10-19 12:17:05,2026-10-19 13:36:35,2026-10-19 13:37:44,79.49,111
2026-10-19 12:17:31,2026-10-19 13:36:59,2026-10-19 13:37:27,79.48,112
2026-10-19 12:18:24,2026-10-19 13:37:27,2026-10-19 13:45:08,79.05,112
2026-10-19 12:18:50,2026-10-19 13:37:37,2026-10-19 13:38:31,78.78,113
2026-10-19 12:18:55,2026-10-19 13:37:44,2026-10-19 13:38:27,78.83,114
2026-10-19 12:20:28,2026-10-19 13:38:27,2026-10-19 13:40:24,77.98,109
2026-10-19 12:20:47,2026-10-19 13:38:31,2026-10-19 13:39:44,77.74,110
2026-10-19 12:21:15,2026-10-19 13:39:44,2026-10-19 13:41:25,78.47,111
2026-10-19 12:21:47,2026-10-19 13:40:24,2026-10-19 13:42:33,78.61,111
2026-10-19 12:22:26,2026-10-19 13:41:25,2026-10-19 13:43:33,78.99,112
2026-10-19 12:23:52,2026-10-19 13:42:33,2026-10-19 13:48:03,78.69,111
2026-10-19 12:24:23,2026-10-19 13:43:33,2026-10-19 13:45:14,79.17,111
2026-10-19 12:24:24,2026-10-19 13:45:08,2026-10-19 13:46:19,80.72,112
2026-10-19 12:24:36,2026-10-19 13:45:14,2026-10-19 13:47:16,80.63,113
2026-10-19 12:26:27,2026-10-19 13:46:19,2026-10-19 13:46:40,79.86,111
2026-10-19 12:26:44,2026-10-19 13:46:40,2026-10-19 13:48:27,79.93,112
2026-10-19 12:26:54,2026-10-19 13:47:16,2026-10-19 13:47:22,80.37,113
2026-10-19 12:26:56,2026-10-19 13:47:22,2026-10-19 13:49:43,80.43,114
2026-10-19 12:27:04,2026-10-19 13:48:03,2026-10-19 13:48:07,80.99,115
2026-10-19 12:28:34,2026-10-19 13:48:07,2026-10-19 13:52:15,79.54,114
2026-10-19 12:29:09,2026-10-19 13:48:27,2026-10-19 13:54:18,79.29,115
2026-10-19 12:29:17,2026-10-19 13:49:43,2026-10-19 13:50:16,80.44,116
2026-10-19 12:29:35,2026-10-19 13:50:16,2026-10-19 13:59:14,80.69,117
2026-10-19 12:29:50,2026-10-19 13:52:15,2026-10-19 13:55:35,82.41,118
2026-10-19 12:30:32,2026-10-19 13:54:18,2026-10-19 13:54:39,83.76,118
2026-10-19 12:30:34,2026-10-19 13:54:39,2026-10-19 13:56:33,84.07,119
2026-10-19 12:30:54,2026-10-19 13:55:35,2026-10-19 13:56:32,84.68,120
2026-10-19 12:32:28,2026-10-19 13:56:32,2026-10-19 14:00:52,84.06,119
2026-10-19 12:32:28,2026-10-19 13:56:33,2026-10-19 14:01:15,84.07,119
2026-10-19 12:32:45,2026-10-19 13:59:14,2026-10-19 14:04:19,86.49,119
2026-10-19 12:33:20,2026-10-19 14:00:52,2026-10-19 14:01:40,87.53,119
2026-10-19 12:33:23,2026-10-19 14:01:15,2026-10-19 14:02:08,87.86,120
2026-10-19 12:33:40,2026-10-19 14:01:40,2026-10-19 14:03:39,87.99,121
2026-10-19 12:33:56,2026-10-19 14:02:08,2026-10-19 14:02:10,88.21,122
2026-10-19 12:34:10,2026-10-19 14:02:10,2026-10-19 14:02:18,88.01,123
2026-10-19 12:34:18,2026-10-19 14:02:18,2026-10-19 14:04:50,88.0,124
2026-10-19 12:34:37,2026-10-19 14:03:39,2026-10-19 14:08:39,89.03,125
2026-10-19 12:35:29,2026-10-19 14:04:19,2026-10-19 14:06:42,88.84,125
2026-10-19 12:36:00,2026-10-19 14:04:50,2026-10-19 14:05:03,88.83,126
2026-10-19 12:37:07,2026-10-19 14:05:03,2026-10-19 14:07:24,87.92,125
2026-10-19 12:37:16,2026-10-19 14:06:42,2026-10-19 14:06:49,89.44,126
2026-10-19 12:38:24,2026-10-19 14:06:49,2026-10-19 14:10:34,88.41,127
2026-10-19 12:38:26,2026-10-19 14:07:24,2026-10-19 14:08:25,88.97,128
2026-10-19 12:38:34,2026-10-19 14:08:25,2026-10-19 14:08:32,89.85,129
2026-10-19 12:38:43,2026-10-19 14:08:32,2026-10-19 14:10:06,89.82,130
2026-10-19 12:38:43,2026-10-19 14:08:39,2026-10-19 14:09:34,89.93,131
2026-10-19 12:39:11,2026-10-19 14:09:34,2026-10-19 14:10:03,90.38,132
2026-10-19 12:41:31,2026-10-19 14:10:03,2026-10-19 14:11:16,88.54,128
2026-10-19 12:42:15,2026-10-19 14:10:06,2026-10-19 14:10:49,87.85,126
2026-10-19 12:42:32,2026-10-19 14:10:34,2026-10-19 14:11:00,88.03,127
2026-10-19 12:42:48,2026-10-19 14:10:49,2026-10-19 14:14:37,88.02,127
2026-10-19 12:43:00,2026-10-19 14:11:00,2026-10-19 14:15:29,88.01,128
2026-10-19 12:43:40,2026-10-19 14:11:16,2026-10-19 14:15:16,87.61,129
2026-10-19 12:44:22,2026-10-19 14:14:37,2026-10-19 14:19:26,90.24,129
2026-10-19 12:44:33,2026-10-19 14:15:16,2026-10-19 14:17:28,90.72,129
2026-10-19 12:44:34,2026-10-19 14:15:29,2026-10-19 14:16:41,90.91,130
2026-10-19 12:45:13,2026-10-19 14:16:41,2026-10-19 14:18:26,91.47,129
2026-10-19 12:45:34,2026-10-19 14:17:28,2026-10-19 14:19:20,91.9,130
2026-10-19 12:46:02,2026-10-19 14:18:26,2026-10-19 14:21:13,92.4,130
2026-10-19 12:46:09,2026-10-19 14:19:20,2026-10-19 14:20:18,93.18,131
2026-10-19 12:46:18,2026-10-19 14:19:26,2026-10-19 14:20:51,93.15,132
2026-10-19 12:48:07,2026-10-19 14:20:18,2026-10-19 14:21:36,92.18,133
2026-10-19 12:48:15,2026-10-19 14:20:51,2026-10-19 14:24:40,92.61,133
2026-10-19 12:48:38,2026-10-19 14:21:13,2026-10-19 14:21:29,92.57,133
2026-10-19 12:49:49,2026-10-19 14:21:29,2026-10-19 14:21:43,91.67,134
2026-10-19 12:50:00,2026-10-19 14:21:36,2026-10-19 14:26:24,91.6,134
2026-10-19 12:50:45,2026-10-19 14:21:43,2026-10-19 14:22:12,90.96,135
2026-10-19 12:51:15,2026-10-19 14:22:12,2026-10-19 14:23:35,90.95,135
2026-10-19 12:51:41,2026-10-19 14:23:35,2026-10-19 14:27:35,91.9,136
2026-10-19 12:52:35,2026-10-19 14:24:40,2026-10-19 14:25:44,92.09,137
2026-10-19 12:52:53,2026-10-19 14:25:44,2026-10-19 14:27:13,92.86,138
2026-10-19 12:53:10,2026-10-19 14:26:24,2026-10-19 14:29:16,93.23,138
2026-10-19 12:53:33,2026-10-19 14:27:13,2026-10-19 14:31:15,93.67,138
2026-10-19 12:53:35,2026-10-19 14:27:35,2026-10-19 14:27:48,94.01,139
2026-10-19 12:54:29,2026-10-19 14:27:48,2026-10-19 14:29:15,93.31,137
2026-10-19 12:54:34,2026-10-19 14:29:15,2026-10-19 14:33:58,94.69,138
2026-10-19 12:54:37,2026-10-19 14:29:16,2026-10-19 14:29:59,94.65,139
2026-10-19 12:54:55,2026-10-19 14:29:59,2026-10-19 14:36:56,95.07,140
2026-10-19 12:55:42,2026-10-19 14:31:15,2026-10-19 14:32:22,95.55,140
2026-10-19 12:55:55,2026-10-19 14:32:22,2026-10-19 14:33:59,96.45,141
2026-10-19 12:56:21,2026-10-19 14:33:58,2026-10-19 14:40:15,97.61,142
2026-10-19 12:56:52,2026-10-19 14:33:59,2026-10-19 14:35:56,97.12,141
2026-10-19 12:57:18,2026-10-19 14:35:56,2026-10-19 14:37:36,98.64,142
2026-10-19 12:57:18,2026-10-19 14:36:56,2026-10-19 14:38:22,99.63,143
2026-10-19 12:57:49,2026-10-19 14:37:36,2026-10-19 14:40:44,99.77,144
2026-10-19 12:58:34,2026-10-19 14:38:22,2026-10-19 14:39:41,99.8,144
2026-10-19 12:58:49,2026-10-19 14:39:41,2026-10-19 14:42:40,100.87,145
2026-10-19 12:59:10,2026-10-19 14:40:15,2026-10-19 14:40:42,101.08,146
2026-10-19 12:59:11,2026-10-19 14:40:42,2026-10-19 14:41:09,101.52,147
2026-10-19 12:59:14,2026-10-19 14:40:44,2026-10-19 14:40:45,101.49,148
2026-10-19 13:00:21,2026-10-19 14:40:45,2026-10-19 14:46:02,100.4,148
2026-10-19 13:00:31,2026-10-19 14:41:09,2026-10-19 14:43:17,100.63,149
2026-10-19 13:00:33,2026-10-19 14:42:40,2026-10-19 14:43:40,102.12,150
2026-10-19 13:01:47,2026-10-19 14:43:17,2026-10-19 14:43:30,101.49,151
2026-10-19 13:02:58,2026-10-19 14:43:30,2026-10-19 14:51:29,100.54,149
2026-10-19 13:03:37,2026-10-19 14:43:40,2026-10-19 14:46:01,100.06,150
2026-10-19 13:04:50,2026-10-19 14:46:01,2026-10-19 14:48:27,101.18,150
2026-10-19 13:04:54,2026-10-19 14:46:02,2026-10-19 14:46:07,101.14,151
2026-10-19 13:05:09,2026-10-19 14:46:07,2026-10-19 14:46:51,100.97,152
2026-10-19 13:05:14,2026-10-19 14:46:51,2026-10-19 14:47:27,101.62,152
2026-10-19 13:05:57,2026-10-19 14:47:27,2026-10-19 14:47:39,101.5,153
2026-10-19 13:06:00,2026-10-19 14:47:39,2026-10-19 14:48:53,101.65,154
2026-10-19 13:06:07,2026-10-19 14:48:27,2026-10-19 14:53:55,102.34,154
2026-10-19 13:06:54,2026-10-19 14:48:53,2026-10-19 14:51:56,101.99,155
2026-10-19 13:06:58,2026-10-19 14:51:29,2026-10-19 14:53:29,104.52,155
2026-10-19 13:07:38,2026-10-19 14:51:56,2026-10-19 14:52:23,104.3,156
2026-10-19 13:07:48,2026-10-19 14:52:23,2026-10-19 14:52:32,104.58,157
2026-10-19 13:08:53,2026-10-19 14:52:32,2026-10-19 14:53:17,103.65,155
2026-10-19 13:09:08,2026-10-19 14:53:17,2026-10-19 14:54:17,104.15,155
2026-10-19 13:09:49,2026-10-19 14:53:29,2026-10-19 14:53:34,103.66,155
2026-10-19 13:10:35,2026-10-19 14:53:34,2026-10-19 14:57:19,102.98,154
2026-10-19 13:10:36,2026-10-19 14:53:55,2026-10-19 14:53:59,103.31,155
2026-10-19 13:11:00,2026-10-19 14:53:59,2026-10-19 14:56:52,102.99,154
2026-10-19 13:11:55,2026-10-19 14:54:17,2026-10-19 14:54:41,102.37,154
2026-10-19 13:12:11,2026-10-19 14:54:41,2026-10-19 14:55:03,102.51,155
2026-10-19 13:12:21,2026-10-19 14:55:03,2026-10-19 15:02:37,102.7,156
2026-10-19 13:12:36,2026-10-19 14:56:52,2026-10-19 15:00:17,104.26,156
2026-10-19 13:12:51,2026-10-19 14:57:19,2026-10-19 14:58:33,104.47,156
2026-10-19 13:13:01,2026-10-19 14:58:33,2026-10-19 15:01:06,105.52,156
2026-10-19 13:13:16,2026-10-19 15:00:17,2026-10-19 15:00:50,107.02,157
2026-10-19 13:13:16,2026-10-19 15:00:50,2026-10-19 15:04:19,107.56,158
2026-10-19 13:13:20,2026-10-19 15:01:06,2026-10-19 15:01:10,107.77,159
2026-10-19 13:13:31,2026-10-19 15:01:10,2026-10-19 15:01:31,107.65,160
2026-10-19 13:14:00,2026-10-19 15:01:31,2026-10-19 15:02:22,107.52,161
2026-10-19 13:14:23,2026-10-19 15:02:22,2026-10-19 15:02:33,107.98,162
2026-10-19 13:14:46,2026-10-19 15:02:33,2026-10-19 15:04:23,107.79,163
2026-10-19 13:15:15,2026-10-19 15:02:37,2026-10-19 15:03:08,107.37,164
2026-10-19 13:17:08,2026-10-19 15:03:08,2026-10-19 15:04:04,105.99,162
2026-10-19 13:18:45,2026-10-19 15:04:04,2026-10-19 15:04:50,105.33,159
2026-10-19 13:19:06,2026-10-19 15:04:19,2026-10-19 15:04:38,105.2,160
2026-10-19 13:19:36,2026-10-19 15:04:23,2026-10-19 15:07:07,104.78,161
2026-10-19 13:19:43,2026-10-19 15:04:38,2026-10-19 15:05:44,104.92,162
2026-10-19 13:19:44,2026-10-19 15:04:50,2026-10-19 15:06:40,105.09,163
2026-10-19 13:20:43,2026-10-19 15:05:44,2026-10-19 15:09:06,105.03,164
2026-10-19 13:20:49,2026-10-19 15:06:40,2026-10-19 15:07:34,105.84,165
2026-10-19 13:20:53,2026-10-19 15:07:07,2026-10-19 15:09:53,106.24,166
2026-10-19 13:20:58,2026-10-19 15:07:34,2026-10-19 15:07:51,106.6,167
2026-10-19 13:21:04,2026-10-19 15:07:51,2026-10-19 15:11:38,106.78,167
2026-10-19 13:21:06,2026-10-19 15:09:06,2026-10-19 15:10:45,108.0,168
2026-10-19 13:21:24,2026-10-19 15:09:53,2026-10-19 15:13:45,108.49,166
2026-10-19 13:22:31,2026-10-19 15:10:45,2026-10-19 15:11:33,108.23,166
2026-10-19 13:22:34,2026-10-19 15:11:33,2026-10-19 15:11:53,108.98,166
2026-10-19 13:23:36,2026-10-19 15:11:38,2026-10-19 15:13:53,108.03,166
2026-10-19 13:23:37,2026-10-19 15:11:53,2026-10-19 15:12:59,108.27,167
2026-10-19 13:24:22,2026-10-19 15:12:59,2026-10-19 15:15:34,108.61,165
2026-10-19 13:24:25,2026-10-19 15:13:45,2026-10-19 15:17:31,109.34,166
2026-10-19 13:24:49,2026-10-19 15:13:53,2026-10-19 15:14:59,109.07,167
2026-10-19 13:24:49,2026-10-19 15:14:59,2026-10-19 15:18:01,110.17,168
2026-10-19 13:25:39,2026-10-19 15:15:34,2026-10-19 15:15:54,109.93,168
2026-10-19 13:25:44,2026-10-19 15:15:54,2026-10-19 15:18:05,110.17,169
2026-10-19 13:25:50,2026-10-19 15:17:31,2026-10-19 15:18:07,111.68,170
2026-10-19 13:28:18,2026-10-19 15:18:01,2026-10-19 15:18:21,109.7,168
2026-10-19 13:28:30,2026-10-19 15:18:05,2026-10-19 15:21:45,109.57,169
2026-10-19 13:28:37,2026-10-19 15:18:07,2026-10-19 15:19:33,109.49,170
2026-10-19 13:28:43,2026-10-19 15:18:21,2026-10-19 15:21:58,109.65,171
2026-10-19 13:28:59,2026-10-19 15:19:33,2026-10-19 15:21:50,110.57,172
2026-10-19 13:29:21,2026-10-19 15:21:45,2026-10-19 15:24:41,112.39,172
2026-10-19 13:29:23,2026-10-19 15:21:50,2026-10-19 15:23:27,112.45,173
2026-10-19 13:29:34,2026-10-19 15:21:58,2026-10-19 15:22:02,112.4,174
2026-10-19 13:31:01,2026-10-19 15:22:02,2026-10-19 15:24:44,111.01,172
2026-10-19 13:31:53,2026-10-19 15:23:27,2026-10-19 15:25:42,111.56,171
2026-10-19 13:32:22,2026-10-19 15:24:41,2026-10-19 15:24:41,112.32,171
2026-10-19 13:32:33,2026-10-19 15:24:41,2026-10-19 15:26:28,112.13,172
2026-10-19 13:32:48,2026-10-19 15:24:44,2026-10-19 15:24:52,111.95,170
2026-10-19 13:33:01,2026-10-19 15:24:52,2026-10-19 15:25:03,111.86,171
2026-10-19 13:33:25,2026-10-19 15:25:03,2026-10-19 15:25:13,111.62,172
2026-10-19 13:33:28,2026-10-19 15:25:13,2026-10-19 15:25:22,111.75,173
2026-10-19 13:34:15,2026-10-19 15:25:22,2026-10-19 15:29:53,111.11,172
2026-10-19 13:35:34,2026-10-19 15:25:42,2026-10-19 15:26:40,110.13,171
2026-10-19 13:36:05,2026-10-19 15:26:28,2026-10-19 15:34:42,110.37,172
2026-10-19 13:36:43,2026-10-19 15:26:40,2026-10-19 15:27:00,109.95,169
2026-10-19 13:36:49,2026-10-19 15:27:00,2026-10-19 15:30:05,110.18,170
2026-10-19 13:37:08,2026-10-19 15:29:53,2026-10-19 15:33:12,112.75,170
2026-10-19 13:37:19,2026-10-19 15:30:05,2026-10-19 15:34:20,112.77,171
2026-10-19 13:37:30,2026-10-19 15:33:12,2026-10-19 15:34:59,115.71,171
2026-10-19 13:38:24,2026-10-19 15:34:20,2026-10-19 15:36:53,115.93,170
2026-10-19 13:38:35,2026-10-19 15:34:42,2026-10-19 15:36:02,116.12,169
2026-10-19 13:39:05,2026-10-19 15:34:59,2026-10-19 15:35:23,115.9,170
2026-10-19 13:39:34,2026-10-19 15:35:23,2026-10-19 15:37:49,115.82,171
2026-10-19 13:39:53,2026-10-19 15:36:02,2026-10-19 15:38:37,116.15,171
2026-10-19 13:39:58,2026-10-19 15:36:53,2026-10-19 15:37:10,116.9,172
2026-10-19 13:40:59,2026-10-19 15:37:10,2026-10-19 15:39:07,116.18,172
2026-10-19 13:41:35,2026-10-19 15:37:49,2026-10-19 15:38:17,116.23,172
2026-10-19 13:42:14,2026-10-19 15:38:17,2026-10-19 15:42:39,116.04,173
2026-10-19 13:43:10,2026-10-19 15:38:37,2026-10-19 15:38:51,115.44,173
2026-10-19 13:44:13,2026-10-19 15:38:51,2026-10-19 15:39:18,114.63,173
2026-10-19 13:45:04,2026-10-19 15:39:07,2026-10-19 15:39:49,114.04,174
2026-10-19 13:45:27,2026-10-19 15:39:18,2026-10-19 15:42:19,113.84,173
2026-10-19 13:46:01,2026-10-19 15:39:49,2026-10-19 15:40:23,113.8,174
2026-10-19 13:47:20,2026-10-19 15:40:23,2026-10-19 15:41:29,113.06,172
2026-10-19 13:48:16,2026-10-19 15:41:29,2026-10-19 15:43:03,113.2,170
2026-10-19 13:48:17,2026-10-19 15:42:19,2026-10-19 15:42:27,114.03,171
2026-10-19 13:48:49,2026-10-19 15:42:27,2026-10-19 15:43:22,113.63,171
2026-10-19 13:49:48,2026-10-19 15:42:39,2026-10-19 15:45:35,112.85,171
2026-10-19 13:49:52,2026-10-19 15:43:03,2026-10-19 15:43:55,113.19,172
2026-10-19 13:49:53,2026-10-19 15:43:22,2026-10-19 15:44:10,113.49,173
2026-10-19 13:49:59,2026-10-19 15:43:55,2026-10-19 15:47:16,113.93,174
2026-10-19 13:50:42,2026-10-19 15:44:10,2026-10-19 15:46:51,113.46,174
2026-10-19 13:51:02,2026-10-19 15:45:35,2026-10-19 15:47:16,114.55,175
2026-10-19 13:51:23,2026-10-19 15:46:51,2026-10-19 15:47:10,115.47,176
2026-10-19 13:51:28,2026-10-19 15:47:10,2026-10-19 15:48:10,115.7,177
2026-10-19 13:51:39,2026-10-19 15:47:16,2026-10-19 15:49:36,115.61,178
2026-10-19 13:51:48,2026-10-19 15:47:16,2026-10-19 15:54:48,115.45,179
2026-10-19 13:52:18,2026-10-19 15:48:10,2026-10-19 15:48:56,115.86,179
2026-10-19 13:52:25,2026-10-19 15:48:56,2026-10-19 15:51:10,116.5,180
2026-10-19 13:52:31,2026-10-19 15:49:36,2026-10-19 15:50:53,117.09,181
2026-10-19 13:52:43,2026-10-19 15:50:53,2026-10-19 15:53:42,118.17,182
2026-10-19 13:53:06,2026-10-19 15:51:10,2026-10-19 15:51:40,118.07,183
2026-10-19 13:53:18,2026-10-19 15:51:40,2026-10-19 15:53:52,118.36,184
2026-10-19 13:53:23,2026-10-19 15:53:42,2026-10-19 15:54:09,120.31,185
2026-10-19 13:53:23,2026-10-19 15:53:52,2026-10-19 16:03:30,120.48,186
2026-10-19 13:53:31,2026-10-19 15:54:09,2026-10-19 15:57:11,120.63,187
2026-10-19 13:53:42,2026-10-19 15:54:48,2026-10-19 15:58:07,121.11,188
2026-10-19 13:54:00,2026-10-19 15:57:11,2026-10-19 16:03:44,123.19,189
2026-10-19 13:55:10,2026-10-19 15:58:07,2026-10-19 16:00:10,122.95,188
2026-10-19 13:55:24,2026-10-19 16:00:10,2026-10-19 16:03:31,124.76,189
2026-10-19 13:55:37,2026-10-19 16:03:30,2026-10-19 16:05:20,127.88,189
2026-10-19 13:56:17,2026-10-19 16:03:31,2026-10-19 16:04:41,127.23,190
2026-10-19 13:56:28,2026-10-19 16:03:44,2026-10-19 16:06:00,127.26,191
2026-10-19 13:56:41,2026-10-19 16:04:41,2026-10-19 16:05:14,128.0,190
2026-10-19 13:57:27,2026-10-19 16:05:14,2026-10-19 16:06:46,127.79,191
2026-10-19 13:57:57,2026-10-19 16:05:20,2026-10-19 16:08:42,127.39,192
2026-10-19 13:58:01,2026-10-19 16:06:00,2026-10-19 16:06:19,127.98,193
2026-10-19 13:59:10,2026-10-19 16:06:19,2026-10-19 16:11:39,127.14,194
2026-10-19 13:59:13,2026-10-19 16:06:46,2026-10-19 16:09:08,127.56,195
2026-10-19 13:59:30,2026-10-19 16:08:42,2026-10-19 16:10:32,129.19,195
2026-10-19 14:00:13,2026-10-19 16:09:08,2026-10-19 16:09:39,128.91,196
2026-10-19 14:00:58,2026-10-19 16:09:39,2026-10-19 16:13:42,128.68,196
2026-10-19 14:01:31,2026-10-19 16:10:32,2026-10-19 16:12:34,129.02,196
2026-10-19 14:02:16,2026-10-19 16:11:39,2026-10-19 16:13:29,129.4,194
2026-10-19 14:02:19,2026-10-19 16:12:34,2026-10-19 16:14:13,130.26,194
2026-10-19 14:02:33,2026-10-19 16:13:29,2026-10-19 16:15:20,130.92,195
2026-10-19 14:03:16,2026-10-19 16:13:42,2026-10-19 16:14:57,130.43,196
2026-10-19 14:03:32,2026-10-19 16:14:13,2026-10-19 16:16:39,130.69,197
2026-10-19 14:03:36,2026-10-19 16:14:57,2026-10-19 16:15:03,131.34,198
2026-10-19 14:04:10,2026-10-19 16:15:03,2026-10-19 16:19:24,130.87,198
2026-10-19 14:05:12,2026-10-19 16:15:20,2026-10-19 16:17:31,130.14,196
2026-10-19 14:06:09,2026-10-19 16:16:39,2026-10-19 16:17:01,130.49,197
2026-10-19 14:06:55,2026-10-19 16:17:01,2026-10-19 16:17:11,130.11,196
2026-10-19 14:07:17,2026-10-19 16:17:11,2026-10-19 16:17:45,129.9,197
2026-10-19 14:07:35,2026-10-19 16:17:31,2026-10-19 16:20:01,129.95,197
2026-10-19 14:07:58,2026-10-19 16:17:45,2026-10-19 16:21:05,129.78,198
2026-10-19 14:08:55,2026-10-19 16:19:24,2026-10-19 16:26:04,130.47,196
2026-10-19 14:09:14,2026-10-19 16:20:01,2026-10-19 16:21:36,130.79,197
2026-10-19 14:09:20,2026-10-19 16:21:05,2026-10-19 16:22:44,131.75,198
2026-10-19 14:09:20,2026-10-19 16:21:36,2026-10-19 16:24:57,132.27,199
2026-10-19 14:09:39,2026-10-19 16:22:44,2026-10-19 16:25:49,133.09,199
2026-10-19 14:10:12,2026-10-19 16:24:57,2026-10-19 16:26:18,134.75,198
2026-10-19 14:10:39,2026-10-19 16:25:49,2026-10-19 16:26:20,135.18,198
2026-10-19 14:11:15,2026-10-19 16:26:04,2026-10-19 16:27:14,134.82,197
2026-10-19 14:11:31,2026-10-19 16:26:18,2026-10-19 16:29:52,134.79,197
2026-10-19 14:12:23,2026-10-19 16:26:20,2026-10-19 16:27:11,133.96,198
2026-10-19 14:12:26,2026-10-19 16:27:11,2026-10-19 16:27:13,134.75,199
2026-10-19 14:13:18,2026-10-19 16:27:13,2026-10-19 16:27:31,133.91,200
2026-10-19 14:13:36,2026-10-19 16:27:14,2026-10-19 16:27:49,133.63,201
2026-10-19 14:14:41,2026-10-19 16:27:31,2026-10-19 16:38:47,132.82,201
2026-10-19 14:15:22,2026-10-19 16:27:49,2026-10-19 16:31:09,132.44,201
2026-10-19 14:15:42,2026-10-19 16:29:52,2026-10-19 16:34:36,134.18,201
2026-10-19 14:15:44,2026-10-19 16:31:09,2026-10-19 16:31:47,135.41,202
2026-10-19 14:17:08,2026-10-19 16:31:47,2026-10-19 16:34:15,134.66,202
2026-10-19 14:17:32,2026-10-19 16:34:15,2026-10-19 16:40:04,136.72,202
2026-10-19 14:17:45,2026-10-19 16:34:36,2026-10-19 16:38:45,136.85,203
2026-10-19 14:18:37,2026-10-19 16:38:45,2026-10-19 16:39:34,140.13,203
2026-10-19 14:20:00,2026-10-19 16:38:47,2026-10-19 16:38:49,138.78,202
2026-10-19 14:20:41,2026-10-19 16:38:49,2026-10-19 16:44:33,138.12,202
2026-10-19 14:21:03,2026-10-19 16:39:34,2026-10-19 16:40:00,138.52,202
2026-10-19 14:22:23,2026-10-19 16:40:00,2026-10-19 16:40:53,137.62,198
2026-10-19 14:22:58,2026-10-19 16:40:04,2026-10-19 16:41:01,137.1,199
2026-10-19 14:23:08,2026-10-19 16:40:53,2026-10-19 16:41:05,137.75,200
2026-10-19 14:23:35,2026-10-19 16:41:01,2026-10-19 16:41:56,137.43,201
2026-10-19 14:24:14,2026-10-19 16:41:05,2026-10-19 16:41:24,136.84,201
2026-10-19 14:24:18,2026-10-19 16:41:24,2026-10-19 16:48:12,137.1,202
2026-10-19 14:24:24,2026-10-19 16:41:56,2026-10-19 16:42:55,137.52,203
2026-10-19 14:25:16,2026-10-19 16:42:55,2026-10-19 16:46:10,137.64,203
2026-10-19 14:25:20,2026-10-19 16:44:33,2026-10-19 16:48:45,139.21,204
2026-10-19 14:26:11,2026-10-19 16:46:10,2026-10-19 16:47:20,139.98,204
2026-10-19 14:26:52,2026-10-19 16:47:20,2026-10-19 16:49:34,140.47,204
2026-10-19 14:27:18,2026-10-19 16:48:12,2026-10-19 16:48:23,140.91,204
2026-10-19 14:27:29,2026-10-19 16:48:23,2026-10-19 16:49:08,140.91,205
2026-10-19 14:27:37,2026-10-19 16:48:45,2026-10-19 16:49:29,141.14,205
2026-10-19 14:28:39,2026-10-19 16:49:08,2026-10-19 16:49:47,140.47,205
2026-10-19 14:28:50,2026-10-19 16:49:29,2026-10-19 16:55:50,140.65,206
2026-10-19 14:29:53,2026-10-19 16:49:34,2026-10-19 16:50:31,139.69,205
2026-10-19 14:31:04,2026-10-19 16:49:47,2026-10-19 16:50:21,138.72,205
2026-10-19 14:31:51,2026-10-19 16:50:21,2026-10-19 16:50:32,138.5,205
2026-10-19 14:31:53,2026-10-19 16:50:31,2026-10-19 16:51:11,138.63,206
2026-10-19 14:32:05,2026-10-19 16:50:32,2026-10-19 16:51:15,138.46,207
2026-10-19 14:32:07,2026-10-19 16:51:11,2026-10-19 16:56:17,139.06,208
2026-10-19 14:32:48,2026-10-19 16:51:15,2026-10-19 16:51:27,138.45,208
2026-10-19 14:33:01,2026-10-19 16:51:27,2026-10-19 16:52:05,138.45,209
2026-10-19 14:33:31,2026-10-19 16:52:05,2026-10-19 16:53:03,138.56,210
2026-10-19 14:33:40,2026-10-19 16:53:03,2026-10-19 16:54:56,139.39,211
2026-10-19 14:33:57,2026-10-19 16:54:56,2026-10-19 16:56:50,140.98,212
2026-10-19 14:34:13,2026-10-19 16:55:50,2026-10-19 16:56:53,141.6,211
2026-10-19 14:34:23,2026-10-19 16:56:17,2026-10-19 16:56:47,141.9,212
2026-10-19 14:34:55,2026-10-19 16:56:47,2026-10-19 16:57:09,141.85,213
2026-10-19 14:36:13,2026-10-19 16:56:50,2026-10-19 16:58:02,140.62,213
2026-10-19 14:36:31,2026-10-19 16:56:53,2026-10-19 16:56:55,140.37,214
2026-10-19 14:37:06,2026-10-19 16:56:55,2026-10-19 16:57:49,139.81,214
2026-10-19 14:37:56,2026-10-19 16:57:09,2026-10-19 16:59:26,139.21,214
2026-10-19 14:38:19,2026-10-19 16:57:49,2026-10-19 17:00:27,139.5,215
2026-10-19 14:38:20,2026-10-19 16:58:02,2026-10-19 16:59:39,139.69,216
2026-10-19 14:39:21,2026-10-19 16:59:26,2026-10-19 16:59:42,140.08,216
2026-10-19 14:39:27,2026-10-19 16:59:39,2026-10-19 16:59:47,140.19,217
2026-10-19 14:39:36,2026-10-19 16:59:42,2026-10-19 17:02:46,140.1,218
2026-10-19 14:39:43,2026-10-19 16:59:47,2026-10-19 17:04:17,140.06,218
2026-10-19 14:39:48,2026-10-19 17:00:27,2026-10-19 17:02:44,140.66,219
2026-10-19 14:40:03,2026-10-19 17:02:44,2026-10-19 17:03:00,142.68,220
2026-10-19 14:40:52,2026-10-19 17:02:46,2026-10-19 17:04:34,141.89,217
2026-10-19 14:43:07,2026-10-19 17:03:00,2026-10-19 17:03:28,139.89,216
2026-10-19 14:44:56,2026-10-19 17:03:28,2026-10-19 17:03:43,138.52,214
2026-10-19 14:45:19,2026-10-19 17:03:43,2026-10-19 17:06:55,138.4,215
2026-10-19 14:45:36,2026-10-19 17:04:17,2026-10-19 17:05:38,138.67,216
2026-10-19 14:45:37,2026-10-19 17:04:34,2026-10-19 17:05:34,138.95,217
2026-10-19 14:45:37,2026-10-19 17:05:34,2026-10-19 17:08:12,139.95,218
2026-10-19 14:45:39,2026-10-19 17:05:38,2026-10-19 17:06:38,139.98,219
2026-10-19 14:45:48,2026-10-19 17:06:38,2026-10-19 17:06:44,140.84,220
2026-10-19 14:45:51,2026-10-19 17:06:44,2026-10-19 17:07:55,140.88,221
2026-10-19 14:47:09,2026-10-19 17:06:55,2026-10-19 17:07:08,139.77,218
2026-10-19 14:48:24,2026-10-19 17:07:08,2026-10-19 17:09:48,138.74,217
2026-10-19 14:48:47,2026-10-19 17:07:55,2026-10-19 17:12:01,139.14,217
2026-10-19 14:49:52,2026-10-19 17:08:12,2026-10-19 17:08:28,138.34,217
2026-10-19 14:50:35,2026-10-19 17:08:28,2026-10-19 17:08:30,137.88,218
2026-10-19 14:51:10,2026-10-19 17:08:30,2026-10-19 17:09:47,137.35,219
2026-10-19 14:51:14,2026-10-19 17:09:47,2026-10-19 17:10:10,138.54,220
2026-10-19 14:51:43,2026-10-19 17:09:48,2026-10-19 17:30:15,138.09,220
2026-10-19 14:52:13,2026-10-19 17:10:10,2026-10-19 17:12:23,137.96,220
2026-10-19 14:52:13,2026-10-19 17:12:01,2026-10-19 17:12:31,139.81,221
2026-10-19 14:52:52,2026-10-19 17:12:23,2026-10-19 17:15:18,139.51,220
2026-10-19 14:52:54,2026-10-19 17:12:31,2026-10-19 17:14:15,139.63,221
2026-10-19 14:52:59,2026-10-19 17:14:15,2026-10-19 17:15:40,141.28,222
2026-10-19 14:53:26,2026-10-19 17:15:18,2026-10-19 17:17:38,141.88,222
2026-10-19 14:53:32,2026-10-19 17:15:40,2026-10-19 17:15:59,142.14,222
2026-10-19 14:55:01,2026-10-19 17:15:59,2026-10-19 17:18:29,140.96,218
2026-10-19 14:55:15,2026-10-19 17:17:38,2026-10-19 17:20:00,142.38,218
2026-10-19 14:55:35,2026-10-19 17:18:29,2026-10-19 17:18:43,142.89,219
2026-10-19 14:55:46,2026-10-19 17:18:43,2026-10-19 17:19:35,142.95,220
2026-10-19 14:55:53,2026-10-19 17:19:35,2026-10-19 17:22:15,143.7,221
2026-10-19 14:55:58,2026-10-19 17:20:00,2026-10-19 17:22:04,144.03,222
2026-10-19 14:56:12,2026-10-19 17:22:04,2026-10-19 17:22:56,145.87,223
2026-10-19 14:56:33,2026-10-19 17:22:15,2026-10-19 17:23:00,145.71,224
2026-10-19 14:57:36,2026-10-19 17:22:56,2026-10-19 17:23:31,145.32,223
2026-10-19 14:57:41,2026-10-19 17:23:00,2026-10-19 17:26:18,145.32,224
2026-10-19 14:57:59,2026-10-19 17:23:31,2026-10-19 17:29:55,145.54,225
2026-10-19 14:58:03,2026-10-19 17:26:18,2026-10-19 17:33:22,148.26,226
2026-10-19 14:59:19,2026-10-19 17:29:55,2026-10-19 17:31:33,150.6,226
2026-10-19 15:00:38,2026-10-19 17:30:15,2026-10-19 17:31:17,149.62,226
2026-10-19 15:00:51,2026-10-19 17:31:17,2026-10-19 17:33:52,150.42,226
2026-10-19 15:01:19,2026-10-19 17:31:33,2026-10-19 17:31:40,150.22,225
2026-10-19 15:01:20,2026-10-19 17:31:40,2026-10-19 17:33:27,150.32,226
2026-10-19 15:01:26,2026-10-19 17:33:22,2026-10-19 17:37:43,151.93,227
2026-10-19 15:02:29,2026-10-19 17:33:27,2026-10-19 17:40:53,150.96,226
2026-10-19 15:03:37,2026-10-19 17:33:52,2026-10-19 17:35:58,150.24,224
2026-10-19 15:04:02,2026-10-19 17:35:58,2026-10-19 17:36:43,151.93,225
2026-10-19 15:04:05,2026-10-19 17:36:43,2026-10-19 17:37:22,152.64,225
2026-10-19 15:04:27,2026-10-19 17:37:22,2026-10-19 17:39:25,152.91,224
2026-10-19 15:05:07,2026-10-19 17:37:43,2026-10-19 17:38:10,152.6,223
2026-10-19 15:06:24,2026-10-19 17:38:10,2026-10-19 17:39:04,151.76,223
2026-10-19 15:06:40,2026-10-19 17:39:04,2026-10-19 17:40:05,152.41,224
2026-10-19 15:07:27,2026-10-19 17:39:25,2026-10-19 17:43:32,151.97,223
2026-10-19 15:07:33,2026-10-19 17:40:05,2026-10-19 17:41:49,152.54,224
2026-10-19 15:09:40,2026-10-19 17:40:53,2026-10-19 17:41:11,151.22,222
2026-10-19 15:10:05,2026-10-19 17:41:11,2026-10-19 17:42:11,151.11,222
2026-10-19 15:10:17,2026-10-19 17:41:49,2026-10-19 17:55:34,151.54,223
2026-10-19 15:11:11,2026-10-19 17:42:11,2026-10-19 17:42:45,151.01,223
2026-10-19 15:11:42,2026-10-19 17:42:45,2026-10-19 17:44:36,151.06,222
2026-10-19 15:11:43,2026-10-19 17:43:32,2026-10-19 17:44:35,151.81,223
2026-10-19 15:12:08,2026-10-19 17:44:35,2026-10-19 17:45:07,152.44,223
2026-10-19 15:12:13,2026-10-19 17:44:36,2026-10-19 17:47:17,152.38,224
2026-10-19 15:12:19,2026-10-19 17:45:07,2026-10-19 17:53:17,152.79,225
2026-10-19 15:13:09,2026-10-19 17:47:17,2026-10-19 17:55:41,154.14,225
2026-10-19 15:13:17,2026-10-19 17:53:17,2026-10-19 17:56:13,160.0,226
2026-10-19 15:13:34,2026-10-19 17:55:34,2026-10-19 17:55:51,162.01,227
2026-10-19 15:13:40,2026-10-19 17:55:41,2026-10-19 17:58:59,162.03,228
2026-10-19 15:14:10,2026-10-19 17:55:51,2026-10-19 17:59:32,161.7,227
2026-10-19 15:14:12,2026-10-19 17:56:13,2026-10-19 17:59:45,162.01,228
2026-10-19 15:15:50,2026-10-19 17:58:59,2026-10-19 18:01:35,163.16,227
2026-10-19 15:15:57,2026-10-19 17:59:32,2026-10-19 18:02:11,163.58,227
2026-10-19 15:16:41,2026-10-19 17:59:45,2026-10-19 18:01:21,163.06,228
2026-10-19 15:17:31,2026-10-19 18:01:21,2026-10-19 18:06:13,163.83,228
2026-10-19 15:17:57,2026-10-19 18:01:35,2026-10-19 18:01:41,163.63,229
2026-10-19 15:18:51,2026-10-19 18:01:41,2026-10-19 18:09:23,162.84,226
2026-10-19 15:19:43,2026-10-19 18:02:11,2026-10-19 18:02:33,162.47,226
2026-10-19 15:20:02,2026-10-19 18:02:33,2026-10-19 18:10:03,162.51,227
2026-10-19 15:20:45,2026-10-19 18:06:13,2026-10-19 18:07:10,165.47,228
2026-10-19 15:20:53,2026-10-19 18:07:10,2026-10-19 18:08:11,166.28,229
2026-10-19 15:22:56,2026-10-19 18:08:11,2026-10-19 18:08:33,165.25,226
2026-10-19 15:23:21,2026-10-19 18:08:33,2026-10-19 18:13:04,165.19,227
2026-10-19 15:23:38,2026-10-19 18:09:23,2026-10-19 18:14:02,165.75,227
2026-10-19 15:23:53,2026-10-19 18:10:03,2026-10-19 18:13:31,166.16,228
2026-10-19 15:23:56,2026-10-19 18:13:04,2026-10-19 18:13:12,169.13,229
2026-10-19 15:24:16,2026-10-19 18:13:12,2026-10-19 18:25:31,168.94,230
2026-10-19 15:24:47,2026-10-19 18:13:31,2026-10-19 18:14:49,168.74,228
2026-10-19 15:26:20,2026-10-19 18:14:02,2026-10-19 18:14:11,167.7,224
2026-10-19 15:26:35,2026-10-19 18:14:11,2026-10-19 18:15:09,167.6,224
2026-10-19 15:26:43,2026-10-19 18:14:49,2026-10-19 18:22:28,168.1,224
2026-10-19 15:27:50,2026-10-19 18:15:09,2026-10-19 18:15:37,167.32,224
2026-10-19 15:27:57,2026-10-19 18:15:37,2026-10-19 18:15:42,167.67,225
2026-10-19 15:28:53,2026-10-19 18:15:42,2026-10-19 18:17:19,166.81,226
2026-10-19 15:29:17,2026-10-19 18:17:19,2026-10-19 18:18:34,168.04,227
2026-10-19 15:29:54,2026-10-19 18:18:34,2026-10-19 18:19:09,168.67,227
2026-10-19 15:30:04,2026-10-19 18:19:09,2026-10-19 18:21:02,169.09,228
2026-10-19 15:30:13,2026-10-19 18:21:02,2026-10-19 18:25:49,170.83,228
2026-10-19 15:30:34,2026-10-19 18:22:28,2026-10-19 18:22:52,171.89,229
2026-10-19 15:30:42,2026-10-19 18:22:52,2026-10-19 18:23:21,172.17,230
2026-10-19 15:30:44,2026-10-19 18:23:21,2026-10-19 18:24:05,172.62,231
2026-10-19 15:31:07,2026-10-19 18:24:05,2026-10-19 18:26:18,172.97,232
2026-10-19 15:31:37,2026-10-19 18:25:31,2026-10-19 18:27:29,173.91,233
2026-10-19 15:31:37,2026-10-19 18:25:49,2026-10-19 18:29:26,174.2,234
2026-10-19 15:33:13,2026-10-19 18:26:18,2026-10-19 18:28:02,173.09,234
2026-10-19 15:33:41,2026-10-19 18:27:29,2026-10-19 18:28:55,173.8,235
2026-10-19 15:34:51,2026-10-19 18:28:02,2026-10-19 18:35:51,173.18,234
2026-10-19 15:35:03,2026-10-19 18:28:55,2026-10-19 18:30:55,173.87,234
2026-10-19 15:35:19,2026-10-19 18:29:26,2026-10-19 18:31:29,174.11,235
2026-10-19 15:35:54,2026-10-19 18:30:55,2026-10-19 18:31:41,175.01,235
2026-10-19 15:36:16,2026-10-19 18:31:29,2026-10-19 18:33:10,175.22,235
2026-10-19 15:38:08,2026-10-19 18:31:41,2026-10-19 18:32:03,173.55,233
2026-10-19 15:38:10,2026-10-19 18:32:03,2026-10-19 18:32:58,173.89,234
2026-10-19 15:38:19,2026-10-19 18:32:58,2026-10-19 18:35:58,174.65,234
2026-10-19 15:38:36,2026-10-19 18:33:10,2026-10-19 18:33:18,174.58,235
2026-10-19 15:39:12,2026-10-19 18:33:18,2026-10-19 18:36:51,174.1,233
2026-10-19 15:39:21,2026-10-19 18:35:51,2026-10-19 18:36:46,176.5,233
2026-10-19 15:39:49,2026-10-19 18:35:58,2026-10-19 18:38:35,176.16,233
2026-10-19 15:40:13,2026-10-19 18:36:46,2026-10-19 18:38:43,176.56,234
2026-10-19 15:40:23,2026-10-19 18:36:51,2026-10-19 18:37:06,176.46,234
2026-10-19 15:40:28,2026-10-19 18:37:06,2026-10-19 18:38:32,176.63,235
2026-10-19 15:40:36,2026-10-19 18:38:32,2026-10-19 18:40:22,177.93,236
2026-10-19 15:40:43,2026-10-19 18:38:35,2026-10-19 18:47:27,177.87,237
2026-10-19 15:40:53,2026-10-19 18:38:43,2026-10-19 18:40:09,177.83,238
2026-10-19 15:41:13,2026-10-19 18:40:09,2026-10-19 18:41:45,178.93,239
2026-10-19 15:41:28,2026-10-19 18:40:22,2026-10-19 18:41:15,178.9,240
2026-10-19 15:42:25,2026-10-19 18:41:15,2026-10-19 18:41:59,178.83,239
2026-10-19 15:42:31,2026-10-19 18:41:45,2026-10-19 18:45:14,179.23,239
2026-10-19 15:43:45,2026-10-19 18:41:59,2026-10-19 18:42:21,178.23,237
2026-10-19 15:43:53,2026-10-19 18:42:21,2026-10-19 18:43:15,178.47,238
2026-10-19 15:44:07,2026-10-19 18:43:15,2026-10-19 18:43:25,179.12,238
2026-10-19 15:44:18,2026-10-19 18:43:25,2026-10-19 18:43:55,179.12,238
2026-10-19 15:44:48,2026-10-19 18:43:55,2026-10-19 18:44:20,179.11,239
2026-10-19 15:45:37,2026-10-19 18:44:20,2026-10-19 18:47:43,178.73,239
2026-10-19 15:45:41,2026-10-19 18:45:14,2026-10-19 18:45:29,179.55,240
2026-10-19 15:45:49,2026-10-19 18:45:29,2026-10-19 18:50:27,179.67,241
2026-10-19 15:46:27,2026-10-19 18:47:27,2026-10-19 18:48:09,181.0,242
2026-10-19 15:46:54,2026-10-19 18:47:43,2026-10-19 18:50:45,180.81,242
2026-10-19 15:48:07,2026-10-19 18:48:09,2026-10-19 18:51:55,180.04,240
2026-10-19 15:48:44,2026-10-19 18:50:27,2026-10-19 18:50:36,181.71,240
2026-10-19 15:48:46,2026-10-19 18:50:36,2026-10-19 18:51:39,181.83,241
2026-10-19 15:48:52,2026-10-19 18:50:45,2026-10-19 18:53:09,181.89,242
2026-10-19 15:48:52,2026-10-19 18:51:39,2026-10-19 18:54:10,182.78,243
2026-10-19 15:49:24,2026-10-19 18:51:55,2026-10-19 18:56:16,182.52,243
2026-10-19 15:49:27,2026-10-19 18:53:09,2026-10-19 18:55:37,183.7,244
2026-10-19 15:49:37,2026-10-19 18:54:10,2026-10-19 18:55:04,184.54,244
2026-10-19 15:50:23,2026-10-19 18:55:04,2026-10-19 18:55:08,184.69,245
2026-10-19 15:50:35,2026-10-19 18:55:08,2026-10-19 18:56:26,184.54,246
2026-10-19 15:50:43,2026-10-19 18:55:37,2026-10-19 18:56:38,184.89,247
2026-10-19 15:51:43,2026-10-19 18:56:16,2026-10-19 18:56:18,184.54,245
2026-10-19 15:53:02,2026-10-19 18:56:18,2026-10-19 18:56:26,183.27,246
2026-10-19 15:53:09,2026-10-19 18:56:26,2026-10-19 18:58:28,183.28,247
2026-10-19 15:53:23,2026-10-19 18:56:26,2026-10-19 18:58:40,183.06,248
2026-10-19 15:53:26,2026-10-19 18:56:38,2026-10-19 18:58:12,183.2,249
2026-10-19 15:54:09,2026-10-19 18:58:12,2026-10-19 18:59:10,184.05,247
2026-10-19 15:54:20,2026-10-19 18:58:28,2026-10-19 19:00:19,184.13,248
2026-10-19 15:54:36,2026-10-19 18:58:40,2026-10-19 19:03:55,184.06,249
2026-10-19 15:55:35,2026-10-19 18:59:10,2026-10-19 18:59:53,183.59,249
2026-10-19 15:56:12,2026-10-19 18:59:53,2026-10-19 19:00:49,183.68,250
2026-10-19 15:56:22,2026-10-19 19:00:19,2026-10-19 19:00:30,183.95,251
2026-10-19 15:56:26,2026-10-19 19:00:30,2026-10-19 19:02:13,184.08,252
2026-10-19 15:56:31,2026-10-19 19:00:49,2026-10-19 19:08:30,184.31,253
2026-10-19 15:56:35,2026-10-19 19:02:13,2026-10-19 19:04:50,185.64,254
2026-10-19 15:56:57,2026-10-19 19:03:55,2026-10-19 19:04:08,186.97,255
2026-10-19 15:57:26,2026-10-19 19:04:08,2026-10-19 19:06:47,186.7,255
2026-10-19 15:57:28,2026-10-19 19:04:50,2026-10-19 19:06:44,187.37,256
2026-10-19 15:58:23,2026-10-19 19:06:44,2026-10-19 19:06:46,188.36,256
2026-10-19 15:59:14,2026-10-19 19:06:46,2026-10-19 19:10:38,187.54,257
2026-10-19 15:59:19,2026-10-19 19:06:47,2026-10-19 19:08:50,187.46,258
2026-10-19 15:59:20,2026-10-19 19:08:30,2026-10-19 19:11:52,189.17,259
2026-10-19 15:59:46,2026-10-19 19:08:50,2026-10-19 19:09:02,189.07,260
2026-10-19 15:59:47,2026-10-19 19:09:02,2026-10-19 19:11:35,189.26,261
2026-10-19 16:00:32,2026-10-19 19:10:38,2026-10-19 19:13:26,190.1,261
2026-10-19 16:01:08,2026-10-19 19:11:35,2026-10-19 19:11:59,190.45,262
2026-10-19 16:01:15,2026-10-19 19:11:52,2026-10-19 19:14:37,190.63,263
2026-10-19 16:01:29,2026-10-19 19:11:59,2026-10-19 19:14:12,190.5,264
2026-10-19 16:02:06,2026-10-19 19:13:26,2026-10-19 19:15:50,191.33,265
2026-10-19 16:02:24,2026-10-19 19:14:12,2026-10-19 19:17:24,191.81,266
2026-10-19 16:04:02,2026-10-19 19:14:37,2026-10-19 19:18:24,190.6,264
2026-10-19 16:04:04,2026-10-19 19:15:50,2026-10-19 19:17:20,191.77,265
2026-10-19 16:04:49,2026-10-19 19:17:20,2026-10-19 19:20:40,192.52,265
2026-10-19 16:05:10,2026-10-19 19:17:24,2026-10-19 19:17:52,192.23,266
2026-10-19 16:05:26,2026-10-19 19:17:52,2026-10-19 19:18:06,192.43,265
2026-10-19 16:05:28,2026-10-19 19:18:06,2026-10-19 19:19:01,192.65,266
2026-10-19 16:06:39,2026-10-19 19:18:24,2026-10-19 19:19:30,191.75,265
2026-10-19 16:07:13,2026-10-19 19:19:01,2026-10-19 19:19:50,191.81,265
2026-10-19 16:07:21,2026-10-19 19:19:30,2026-10-19 19:23:05,192.15,266
2026-10-19 16:08:28,2026-10-19 19:19:50,2026-10-19 19:20:03,191.36,267
2026-10-19 16:08:46,2026-10-19 19:20:03,2026-10-19 19:20:53,191.29,267
2026-10-19 16:08:49,2026-10-19 19:20:40,2026-10-19 19:23:04,191.85,268
2026-10-19 16:08:56,2026-10-19 19:20:53,2026-10-19 19:21:55,191.95,269
2026-10-19 16:09:08,2026-10-19 19:21:55,2026-10-19 19:24:02,192.8,269
2026-10-19 16:09:08,2026-10-19 19:23:04,2026-10-19 19:23:40,193.93,270
2026-10-19 16:10:09,2026-10-19 19:23:05,2026-10-19 19:24:50,192.93,270
2026-10-19 16:10:14,2026-10-19 19:23:40,2026-10-19 19:24:44,193.44,271
2026-10-19 16:10:51,2026-10-19 19:24:02,2026-10-19 19:24:35,193.17,271
2026-10-19 16:10:55,2026-10-19 19:24:35,2026-10-19 19:26:03,193.66,272
2026-10-19 16:11:55,2026-10-19 19:24:44,2026-10-19 19:29:21,192.82,272
2026-10-19 16:12:01,2026-10-19 19:24:50,2026-10-19 19:25:20,192.81,273
2026-10-19 16:12:13,2026-10-19 19:25:20,2026-10-19 19:27:24,193.11,274
2026-10-19 16:12:51,2026-10-19 19:26:03,2026-10-19 19:26:49,193.2,274
2026-10-19 16:13:42,2026-10-19 19:26:49,2026-10-19 19:27:56,193.12,274
2026-10-19 16:14:19,2026-10-19 19:27:24,2026-10-19 19:28:05,193.07,273
2026-10-19 16:14:28,2026-10-19 19:27:56,2026-10-19 19:27:58,193.47,274
2026-10-19 16:14:51,2026-10-19 19:27:58,2026-10-19 19:27:59,193.12,275
2026-10-19 16:15:01,2026-10-19 19:27:59,2026-10-19 19:29:12,192.96,275
2026-10-19 16:15:11,2026-10-19 19:28:05,2026-10-19 19:30:26,192.9,275
2026-10-19 16:15:26,2026-10-19 19:29:12,2026-10-19 19:29:21,193.77,275
2026-10-19 16:16:55,2026-10-19 19:29:21,2026-10-19 19:30:15,192.43,275
2026-10-19 16:17:03,2026-10-19 19:29:21,2026-10-19 19:33:18,192.3,275
2026-10-19 16:18:31,2026-10-19 19:30:15,2026-10-19 19:30:52,191.74,273
2026-10-19 16:19:02,2026-10-19 19:30:26,2026-10-19 19:30:35,191.4,274
2026-10-19 16:19:30,2026-10-19 19:30:35,2026-10-19 19:36:36,191.09,274
2026-10-19 16:19:57,2026-10-19 19:30:52,2026-10-19 19:31:15,190.92,275
2026-10-19 16:20:43,2026-10-19 19:31:15,2026-10-19 19:32:20,190.53,275
2026-10-19 16:21:02,2026-10-19 19:32:20,2026-10-19 19:32:43,191.29,276
2026-10-19 16:21:04,2026-10-19 19:32:43,2026-10-19 19:34:10,191.65,277
2026-10-19 16:21:27,2026-10-19 19:33:18,2026-10-19 19:33:57,191.86,277
2026-10-19 16:22:46,2026-10-19 19:33:57,2026-10-19 19:37:33,191.19,276
2026-10-19 16:22:52,2026-10-19 19:34:10,2026-10-19 19:36:26,191.31,277
2026-10-19 16:23:16,2026-10-19 19:36:26,2026-10-19 19:37:46,193.17,278
2026-10-19 16:23:40,2026-10-19 19:36:36,2026-10-19 19:37:16,192.94,279
2026-10-19 16:23:50,2026-10-19 19:37:16,2026-10-19 19:40:42,193.44,280
2026-10-19 16:23:57,2026-10-19 19:37:33,2026-10-19 19:42:22,193.61,281
2026-10-19 16:24:14,2026-10-19 19:37:46,2026-10-19 19:38:32,193.53,282
2026-10-19 16:24:20,2026-10-19 19:38:32,2026-10-19 19:40:49,194.21,283
2026-10-19 16:24:20,2026-10-19 19:40:42,2026-10-19 19:42:18,196.36,284
2026-10-19 16:24:21,2026-10-19 19:40:49,2026-10-19 19:42:29,196.47,285
2026-10-19 16:25:04,2026-10-19 19:42:18,2026-10-19 19:44:51,197.24,285
2026-10-19 16:25:26,2026-10-19 19:42:22,2026-10-19 19:44:53,196.93,286
2026-10-19 16:26:37,2026-10-19 19:42:29,2026-10-19 19:44:23,195.88,283
2026-10-19 16:27:50,2026-10-19 19:44:23,2026-10-19 19:47:24,196.56,279
2026-10-19 16:28:47,2026-10-19 19:44:51,2026-10-19 19:45:25,196.06,280
2026-10-19 16:31:46,2026-10-19 19:44:53,2026-10-19 19:44:54,193.13,279
2026-10-19 16:33:03,2026-10-19 19:44:54,2026-10-19 19:45:12,191.85,279
2026-10-19 16:34:15,2026-10-19 19:45:12,2026-10-19 19:46:46,190.95,280
2026-10-19 16:34:30,2026-10-19 19:45:25,2026-10-19 19:46:46,190.91,280
2026-10-19 16:35:11,2026-10-19 19:46:46,2026-10-19 19:49:52,191.58,280
2026-10-19 16:35:15,2026-10-19 19:46:46,2026-10-19 19:50:36,191.52,281
2026-10-19 16:35:37,2026-10-19 19:47:24,2026-10-19 19:48:45,191.79,282
2026-10-19 16:35:39,2026-10-19 19:48:45,2026-10-19 19:50:59,193.09,283
2026-10-19 16:37:01,2026-10-19 19:49:52,2026-10-19 19:50:12,192.85,284
2026-10-19 16:37:04,2026-10-19 19:50:12,2026-10-19 19:53:29,193.13,285
2026-10-19 16:37:25,2026-10-19 19:50:36,2026-10-19 19:51:07,193.17,286
2026-10-19 16:38:01,2026-10-19 19:50:59,2026-10-19 19:51:11,192.97,287
2026-10-19 16:38:15,2026-10-19 19:51:07,2026-10-19 19:53:43,192.87,288
2026-10-19 16:39:20,2026-10-19 19:51:11,2026-10-19 19:51:50,191.85,286
2026-10-19 16:39:52,2026-10-19 19:51:50,2026-10-19 19:52:34,191.97,286
2026-10-19 16:41:39,2026-10-19 19:52:34,2026-10-19 19:52:55,190.92,281
2026-10-19 16:42:16,2026-10-19 19:52:55,2026-10-19 19:53:36,190.65,281
2026-10-19 16:42:19,2026-10-19 19:53:29,2026-10-19 19:54:56,191.16,282
2026-10-19 16:43:06,2026-10-19 19:53:36,2026-10-19 19:54:59,190.5,282
2026-10-19 16:43:24,2026-10-19 19:53:43,2026-10-19 19:54:55,190.32,283
2026-10-19 16:43:54,2026-10-19 19:54:55,2026-10-19 19:55:40,191.01,284
2026-10-19 16:44:03,2026-10-19 19:54:56,2026-10-19 19:56:43,190.89,285
2026-10-19 16:44:15,2026-10-19 19:54:59,2026-10-19 19:56:36,190.73,286
2026-10-19 16:44:18,2026-10-19 19:55:40,2026-10-19 20:00:19,191.37,287
2026-10-19 16:44:25,2026-10-19 19:56:36,2026-10-19 20:01:10,192.19,288
2026-10-19 16:44:58,2026-10-19 19:56:43,2026-10-19 20:00:48,191.76,288
2026-10-19 16:45:36,2026-10-19 20:00:19,2026-10-19 20:03:37,194.71,289
2026-10-19 16:46:05,2026-10-19 20:00:48,2026-10-19 20:01:05,194.73,290
2026-10-19 16:46:07,2026-10-19 20:01:05,2026-10-19 20:04:30,194.97,291
2026-10-19 16:46:13,2026-10-19 20:01:10,2026-10-19 20:01:49,194.95,291
2026-10-19 16:47:42,2026-10-19 20:01:49,2026-10-19 20:03:25,194.12,291
2026-10-19 16:48:21,2026-10-19 20:03:25,2026-10-19 20:05:07,195.07,291
2026-10-19 16:48:43,2026-10-19 20:03:37,2026-10-19 20:03:39,194.9,291
2026-10-19 16:49:24,2026-10-19 20:03:39,2026-10-19 20:04:20,194.26,290
2026-10-19 16:49:29,2026-10-19 20:04:20,2026-10-19 20:05:33,194.85,290
2026-10-19 16:49:40,2026-10-19 20:04:30,2026-10-19 20:04:47,194.83,290
2026-10-19 16:50:20,2026-10-19 20:04:47,2026-10-19 20:05:10,194.46,290
2026-10-19 16:51:24,2026-10-19 20:05:07,2026-10-19 20:07:35,193.72,286
2026-10-19 16:51:28,2026-10-19 20:05:10,2026-10-19 20:05:57,193.69,286
2026-10-19 16:51:43,2026-10-19 20:05:33,2026-10-19 20:06:21,193.82,287
2026-10-19 16:51:49,2026-10-19 20:05:57,2026-10-19 20:10:30,194.14,288
2026-10-19 16:53:04,2026-10-19 20:06:21,2026-10-19 20:07:55,193.27,287
2026-10-19 16:53:53,2026-10-19 20:07:35,2026-10-19 20:07:56,193.71,288
2026-10-19 16:54:06,2026-10-19 20:07:55,2026-10-19 20:08:37,193.82,289
2026-10-19 16:54:51,2026-10-19 20:07:56,2026-10-19 20:08:08,193.08,290
2026-10-19 16:55:16,2026-10-19 20:08:08,2026-10-19 20:09:28,192.86,290
2026-10-19 16:55:22,2026-10-19 20:08:37,2026-10-19 20:09:31,193.24,291
2026-10-19 16:55:29,2026-10-19 20:09:28,2026-10-19 20:10:59,193.99,292
2026-10-19 16:55:34,2026-10-19 20:09:31,2026-10-19 20:10:46,193.95,293
2026-10-19 16:55:38,2026-10-19 20:10:30,2026-10-19 20:10:57,194.87,294
2026-10-19 16:56:05,2026-10-19 20:10:46,2026-10-19 20:10:55,194.7,294
2026-10-19 16:56:36,2026-10-19 20:10:55,2026-10-19 20:10:57,194.31,294
2026-10-19 16:57:08,2026-10-19 20:10:57,2026-10-19 20:11:12,193.82,291
2026-10-19 16:57:30,2026-10-19 20:10:57,2026-10-19 20:11:19,193.45,291
2026-10-19 16:57:44,2026-10-19 20:10:59,2026-10-19 20:11:41,193.24,292
2026-10-19 16:57:57,2026-10-19 20:11:12,2026-10-19 20:11:40,193.25,292
2026-10-19 16:59:48,2026-10-19 20:11:19,2026-10-19 20:12:05,191.51,288
2026-10-20 09:00:05,2026-10-20 09:00:05,2026-10-20 09:03:13,0.0,0
2026-10-20 09:01:16,2026-10-20 09:01:16,2026-10-20 09:03:30,0.0,0
2026-10-20 09:02:01,2026-10-20 09:02:01,2026-10-20 09:04:08,0.0,0
2026-10-20 09:02:08,2026-10-20 09:03:13,2026-10-20 09:08:20,1.08,0
2026-10-20 09:02:31,2026-10-20 09:03:30,2026-10-20 09:06:18,0.98,1
2026-10-20 09:02:33,2026-10-20 09:04:08,2026-10-20 09:07:24,1.59,2
2026-10-20 09:03:01,2026-10-20 09:06:18,2026-10-20 09:09:37,3.28,3
2026-10-20 09:03:12,2026-10-20 09:07:24,2026-10-20 09:11:50,4.2,4
2026-10-20 09:03:52,2026-10-20 09:08:20,2026-10-20 09:14:00,4.47,3
2026-10-20 09:04:46,2026-10-20 09:09:37,2026-10-20 09:11:00,4.85,3
2026-10-20 09:05:26,2026-10-20 09:11:00,2026-10-20 09:11:12,5.58,4
2026-10-20 09:05:52,2026-10-20 09:11:12,2026-10-20 09:13:15,5.32,5
2026-10-20 09:06:09,2026-10-20 09:11:50,2026-10-20 09:15:29,5.69,6
2026-10-20 09:06:13,2026-10-20 09:13:15,2026-10-20 09:14:12,7.03,7
2026-10-20 09:06:15,2026-10-20 09:14:00,2026-10-20 09:19:15,7.75,8
2026-10-20 09:06:41,2026-10-20 09:14:12,2026-10-20 09:15:36,7.52,8
2026-10-20 09:06:49,2026-10-20 09:15:29,2026-10-20 09:15:45,8.68,9
2026-10-20 09:07:16,2026-10-20 09:15:36,2026-10-20 09:16:53,8.34,10
2026-10-20 09:07:27,2026-10-20 09:15:45,2026-10-20 09:16:27,8.3,10
2026-10-20 09:07:35,2026-10-20 09:16:27,2026-10-20 09:17:06,8.87,11
2026-10-20 09:08:14,2026-10-20 09:16:53,2026-10-20 09:18:47,8.65,12
2026-10-20 09:08:29,2026-10-20 09:17:06,2026-10-20 09:18:27,8.62,12
2026-10-20 09:09:22,2026-10-20 09:18:27,2026-10-20 09:20:24,9.08,13
2026-10-20 09:09:50,2026-10-20 09:18:47,2026-10-20 09:27:02,8.95,13
2026-10-20 09:10:47,2026-10-20 09:19:15,2026-10-20 09:19:45,8.47,14
2026-10-20 09:11:18,2026-10-20 09:19:45,2026-10-20 09:20:20,8.45,13
2026-10-20 09:11:48,2026-10-20 09:20:20,2026-10-20 09:22:29,8.53,14
2026-10-20 09:14:14,2026-10-20 09:20:24,2026-10-20 09:20:54,6.17,11
2026-10-20 09:14:46,2026-10-20 09:20:54,2026-10-20 09:21:31,6.14,12
2026-10-20 09:15:12,2026-10-20 09:21:31,2026-10-20 09:21:46,6.32,13
2026-10-20 09:15:13,2026-10-20 09:21:46,2026-10-20 09:22:11,6.54,14
2026-10-20 09:15:46,2026-10-20 09:22:11,2026-10-20 09:24:08,6.42,12
2026-10-20 09:16:35,2026-10-20 09:22:29,2026-10-20 09:23:34,5.9,12
2026-10-20 09:16:53,2026-10-20 09:23:34,2026-10-20 09:31:02,6.68,13
2026-10-20 09:18:00,2026-10-20 09:24:08,2026-10-20 09:25:27,6.14,12
2026-10-20 09:18:14,2026-10-20 09:25:27,2026-10-20 09:26:49,7.22,13
2026-10-20 09:18:20,2026-10-20 09:26:49,2026-10-20 09:32:30,8.48,14
2026-10-20 09:18:49,2026-10-20 09:27:02,2026-10-20 09:30:39,8.22,13
2026-10-20 09:18:55,2026-10-20 09:30:39,2026-10-20 09:31:29,11.74,14
2026-10-20 09:18:56,2026-10-20 09:31:02,2026-10-20 09:31:03,12.1,15
2026-10-20 09:19:34,2026-10-20 09:31:03,2026-10-20 09:31:56,11.49,15
2026-10-20 09:20:13,2026-10-20 09:31:29,2026-10-20 09:32:35,11.26,15
2026-10-20 09:21:12,2026-10-20 09:31:56,2026-10-20 09:36:44,10.74,13
2026-10-20 09:21:16,2026-10-20 09:32:30,2026-10-20 09:37:35,11.23,14
2026-10-20 09:22:38,2026-10-20 09:32:35,2026-10-20 09:38:32,9.95,11
2026-10-20 09:23:26,2026-10-20 09:36:44,2026-10-20 09:37:03,13.3,12
2026-10-20 09:23:33,2026-10-20 09:37:03,2026-10-20 09:38:13,13.5,13
2026-10-20 09:25:11,2026-10-20 09:37:35,2026-10-20 09:39:17,12.4,12
2026-10-20 09:25:48,2026-10-20 09:38:13,2026-10-20 09:39:25,12.41,12
2026-10-20 09:27:13,2026-10-20 09:38:32,2026-10-20 09:41:33,11.31,11
2026-10-20 09:27:33,2026-10-20 09:39:17,2026-10-20 09:40:46,11.75,12
2026-10-20 09:28:10,2026-10-20 09:39:25,2026-10-20 09:39:29,11.25,13
2026-10-20 09:29:20,2026-10-20 09:39:29,2026-10-20 09:39:56,10.15,14
2026-10-20 09:29:20,2026-10-20 09:39:56,2026-10-20 09:42:09,10.61,15
2026-10-20 09:29:25,2026-10-20 09:40:46,2026-10-20 09:40:51,11.35,16
2026-10-20 09:29:33,2026-10-20 09:40:51,2026-10-20 09:41:43,11.3,17
2026-10-20 09:30:02,2026-10-20 09:41:33,2026-10-20 09:44:47,11.52,18
2026-10-20 09:30:15,2026-10-20 09:41:43,2026-10-20 09:43:12,11.47,19
2026-10-20 09:30:16,2026-10-20 09:42:09,2026-10-20 09:43:11,11.87,20
2026-10-20 09:30:51,2026-10-20 09:43:11,2026-10-20 09:44:55,12.34,20
2026-10-20 09:31:18,2026-10-20 09:43:12,2026-10-20 09:43:32,11.89,19
2026-10-20 09:32:13,2026-10-20 09:43:32,2026-10-20 09:43:46,11.32,18
2026-10-20 09:32:46,2026-10-20 09:43:46,2026-10-20 09:44:03,11.0,17
2026-10-20 09:33:46,2026-10-20 09:44:03,2026-10-20 09:49:15,10.28,18
2026-10-20 09:33:52,2026-10-20 09:44:47,2026-10-20 09:45:52,10.91,19
2026-10-20 09:34:03,2026-10-20 09:44:55,2026-10-20 09:45:27,10.86,20
2026-10-20 09:34:06,2026-10-20 09:45:27,2026-10-20 09:45:40,11.35,21
2026-10-20 09:34:07,2026-10-20 09:45:40,2026-10-20 09:47:22,11.56,22
2026-10-20 09:34:22,2026-10-20 09:45:52,2026-10-20 09:48:06,11.5,23
2026-10-20 09:34:27,2026-10-20 09:47:22,2026-10-20 09:49:58,12.93,24
2026-10-20 09:34:58,2026-10-20 09:48:06,2026-10-20 09:49:18,13.12,25
2026-10-20 09:35:48,2026-10-20 09:49:15,2026-10-20 09:49:18,13.44,26
2026-10-20 09:35:58,2026-10-20 09:49:18,2026-10-20 09:49:30,13.33,27
2026-10-20 09:36:25,2026-10-20 09:49:18,2026-10-20 09:52:30,12.88,28
2026-10-20 09:37:17,2026-10-20 09:49:30,2026-10-20 09:50:24,12.22,27
2026-10-20 09:38:26,2026-10-20 09:49:58,2026-10-20 09:54:26,11.53,26
2026-10-20 09:39:52,2026-10-20 09:50:24,2026-10-20 09:52:47,10.54,23
2026-10-20 09:39:56,2026-10-20 09:52:30,2026-10-20 09:53:54,12.56,24
2026-10-20 09:40:42,2026-10-20 09:52:47,2026-10-20 09:53:31,12.07,24
2026-10-20 09:41:06,2026-10-20 09:53:31,2026-10-20 09:55:17,12.42,23
2026-10-20 09:41:35,2026-10-20 09:53:54,2026-10-20 09:55:11,12.33,23
2026-10-20 09:41:40,2026-10-20 09:54:26,2026-10-20 09:57:04,12.77,24
2026-10-20 09:41:46,2026-10-20 09:55:11,2026-10-20 09:55:33,13.42,24
2026-10-20 09:42:26,2026-10-20 09:55:17,2026-10-20 09:56:12,12.85,24
2026-10-20 09:42:33,2026-10-20 09:55:33,2026-10-20 10:14:25,13.0,25
2026-10-20 09:42:58,2026-10-20 09:56:12,2026-10-20 09:59:10,13.24,26
2026-10-20 09:43:17,2026-10-20 09:57:04,2026-10-20 09:58:23,13.78,25
2026-10-20 09:43:50,2026-10-20 09:58:23,2026-10-20 10:02:23,14.54,24
2026-10-20 09:43:58,2026-10-20 09:59:10,2026-10-20 10:01:15,15.21,25
2026-10-20 09:45:55,2026-10-20 10:01:15,2026-10-20 10:01:33,15.33,20
2026-10-20 09:46:02,2026-10-20 10:01:33,2026-10-20 10:05:39,15.51,21
2026-10-20 09:46:24,2026-10-20 10:02:23,2026-10-20 10:03:51,15.98,22
2026-10-20 09:46:49,2026-10-20 10:03:51,2026-10-20 10:07:26,17.04,23
2026-10-20 09:47:44,2026-10-20 10:05:39,2026-10-20 10:10:57,17.92,23
2026-10-20 09:47:58,2026-10-20 10:07:26,2026-10-20 10:12:03,19.45,24
2026-10-20 09:48:26,2026-10-20 10:10:57,2026-10-20 10:12:22,22.53,24
2026-10-20 09:48:47,2026-10-20 10:12:03,2026-10-20 10:12:48,23.27,25
2026-10-20 09:48:48,2026-10-20 10:12:22,2026-10-20 10:14:01,23.57,26
2026-10-20 09:48:56,2026-10-20 10:12:48,2026-10-20 10:14:38,23.86,27
2026-10-20 09:50:16,2026-10-20 10:14:01,2026-10-20 10:17:39,23.76,23
2026-10-20 09:51:06,2026-10-20 10:14:25,2026-10-20 10:15:57,23.32,23
2026-10-20 09:52:36,2026-10-20 10:14:38,2026-10-20 10:21:33,22.03,23
2026-10-20 09:52:49,2026-10-20 10:15:57,2026-10-20 10:16:54,23.13,23
2026-10-20 09:53:02,2026-10-20 10:16:54,2026-10-20 10:21:49,23.87,24
2026-10-20 09:53:09,2026-10-20 10:17:39,2026-10-20 10:21:01,24.48,25
2026-10-20 09:53:58,2026-10-20 10:21:01,2026-10-20 10:24:35,27.05,24
2026-10-20 09:54:39,2026-10-20 10:21:33,2026-10-20 10:21:36,26.9,24
2026-10-20 09:55:18,2026-10-20 10:21:36,2026-10-20 10:26:23,26.31,23
2026-10-20 09:55:31,2026-10-20 10:21:49,2026-10-20 10:23:07,26.3,24
2026-10-20 09:55:36,2026-10-20 10:23:07,2026-10-20 10:27:15,27.52,24
2026-10-20 09:57:07,2026-10-20 10:24:35,2026-10-20 10:24:43,27.47,23
2026-10-20 09:57:18,2026-10-20 10:24:43,2026-10-20 10:28:11,27.42,24
2026-10-20 09:58:05,2026-10-20 10:26:23,2026-10-20 10:26:29,28.31,25
2026-10-20 09:58:43,2026-10-20 10:26:29,2026-10-20 10:26:54,27.77,25
2026-10-20 09:58:56,2026-10-20 10:26:54,2026-10-20 10:27:03,27.96,26
2026-10-20 09:59:29,2026-10-20 10:27:03,2026-10-20 10:27:54,27.57,26
2026-10-20 10:00:38,2026-10-20 10:27:15,2026-10-20 10:31:01,26.62,27
2026-10-20 10:00:41,2026-10-20 10:27:54,2026-10-20 10:28:40,27.22,28
2026-10-20 10:01:00,2026-10-20 10:28:11,2026-10-20 10:32:08,27.17,29
2026-10-20 10:01:22,2026-10-20 10:28:40,2026-10-20 10:29:33,27.28,29
2026-10-20 10:01:51,2026-10-20 10:29:33,2026-10-20 10:30:02,27.7,29
2026-10-20 10:02:02,2026-10-20 10:30:02,2026-10-20 10:30:12,28.01,30
2026-10-20 10:02:03,2026-10-20 10:30:12,2026-10-20 10:31:13,28.15,31
2026-10-20 10:02:33,2026-10-20 10:31:01,2026-10-20 10:33:21,28.47,31
2026-10-20 10:02:36,2026-10-20 10:31:13,2026-10-20 10:36:08,28.63,32
2026-10-20 10:02:53,2026-10-20 10:32:08,2026-10-20 10:32:13,29.25,33
2026-10-20 10:03:32,2026-10-20 10:32:13,2026-10-20 10:32:26,28.68,34
2026-10-20 10:03:42,2026-10-20 10:32:26,2026-10-20 10:32:31,28.72,35
2026-10-20 10:04:03,2026-10-20 10:32:31,2026-10-20 10:39:55,28.46,35
2026-10-20 10:04:49,2026-10-20 10:33:21,2026-10-20 10:35:47,28.54,36
2026-10-20 10:04:53,2026-10-20 10:35:47,2026-10-20 10:39:18,30.9,37
2026-10-20 10:05:27,2026-10-20 10:36:08,2026-10-20 10:36:09,30.68,38
2026-10-20 10:06:29,2026-10-20 10:36:09,2026-10-20 10:36:28,29.67,38
2026-10-20 10:06:35,2026-10-20 10:36:28,2026-10-20 10:37:58,29.89,39
2026-10-20 10:06:35,2026-10-20 10:37:58,2026-10-20 10:39:02,31.38,40
2026-10-20 10:06:36,2026-10-20 10:39:02,2026-10-20 10:42:03,32.44,41
2026-10-20 10:06:46,2026-10-20 10:39:18,2026-10-20 10:39:22,32.52,42
2026-10-20 10:07:00,2026-10-20 10:39:22,2026-10-20 10:40:12,32.37,43
2026-10-20 10:07:09,2026-10-20 10:39:55,2026-10-20 10:42:36,32.78,44
2026-10-20 10:07:35,2026-10-20 10:40:12,2026-10-20 10:42:18,32.61,44
2026-10-20 10:07:41,2026-10-20 10:42:03,2026-10-20 10:48:52,34.37,45
2026-10-20 10:07:56,2026-10-20 10:42:18,2026-10-20 10:44:22,34.37,46
2026-10-20 10:08:08,2026-10-20 10:42:36,2026-10-20 10:45:42,34.47,47
2026-10-20 10:08:23,2026-10-20 10:44:22,2026-10-20 10:46:41,35.99,48
2026-10-20 10:09:13,2026-10-20 10:45:42,2026-10-20 10:47:04,36.48,49
2026-10-20 10:09:33,2026-10-20 10:46:41,2026-10-20 10:48:39,37.14,50
2026-10-20 10:09:34,2026-10-20 10:47:04,2026-10-20 10:48:55,37.5,51
2026-10-20 10:09:55,2026-10-20 10:48:39,2026-10-20 10:51:40,38.74,52
2026-10-20 10:10:07,2026-10-20 10:48:52,2026-10-20 10:51:32,38.76,53
2026-10-20 10:10:08,2026-10-20 10:48:55,2026-10-20 10:50:46,38.78,54
2026-10-20 10:10:17,2026-10-20 10:50:46,2026-10-20 10:53:38,40.5,55
2026-10-20 10:11:49,2026-10-20 10:51:32,2026-10-20 10:53:30,39.72,55
2026-10-20 10:12:18,2026-10-20 10:51:40,2026-10-20 10:52:41,39.37,55
2026-10-20 10:12:47,2026-10-20 10:52:41,2026-10-20 10:54:21,39.89,55
2026-10-20 10:12:48,2026-10-20 10:53:30,2026-10-20 10:54:23,40.71,56
2026-10-20 10:12:57,2026-10-20 10:53:38,2026-10-20 10:53:43,40.69,56
2026-10-20 10:13:51,2026-10-20 10:53:43,2026-10-20 10:55:47,39.87,57
2026-10-20 10:15:42,2026-10-20 10:54:21,2026-10-20 10:57:50,38.65,55
2026-10-20 10:15:43,2026-10-20 10:54:23,2026-10-20 11:01:19,38.66,56
2026-10-20 10:17:10,2026-10-20 10:55:47,2026-10-20 10:57:56,38.62,55
2026-10-20 10:18:30,2026-10-20 10:57:50,2026-10-20 11:02:48,39.34,55
2026-10-20 10:18:38,2026-10-20 10:57:56,2026-10-20 10:58:49,39.3,56
2026-10-20 10:18:43,2026-10-20 10:58:49,2026-10-20 11:04:06,40.1,57
2026-10-20 10:19:07,2026-10-20 11:01:19,2026-10-20 11:05:12,42.19,58
2026-10-20 10:19:24,2026-10-20 11:02:48,2026-10-20 11:03:03,43.39,59
2026-10-20 10:19:53,2026-10-20 11:03:03,2026-10-20 11:06:34,43.17,60
2026-10-20 10:20:11,2026-10-20 11:04:06,2026-10-20 11:04:33,43.9,61
2026-10-20 10:20:34,2026-10-20 11:04:33,2026-10-20 11:05:09,44.0,62
2026-10-20 10:21:44,2026-10-20 11:05:09,2026-10-20 11:08:31,43.41,60
2026-10-20 10:21:46,2026-10-20 11:05:12,2026-10-20 11:06:49,43.44,61
2026-10-20 10:22:33,2026-10-20 11:06:34,2026-10-20 11:06:54,44.02,61
2026-10-20 10:22:58,2026-10-20 11:06:49,2026-10-20 11:10:57,43.84,62
2026-10-20 10:23:10,2026-10-20 11:06:54,2026-10-20 11:08:40,43.73,62
2026-10-20 10:23:15,2026-10-20 11:08:31,2026-10-20 11:12:28,45.26,63
2026-10-20 10:23:15,2026-10-20 11:08:40,2026-10-20 11:10:58,45.41,64
2026-10-20 10:23:47,2026-10-20 11:10:57,2026-10-20 11:12:51,47.17,65
2026-10-20 10:24:33,2026-10-20 11:10:58,2026-10-20 11:11:49,46.43,66
2026-10-20 10:24:54,2026-10-20 11:11:49,2026-10-20 11:14:05,46.92,65
2026-10-20 10:24:59,2026-10-20 11:12:28,2026-10-20 11:14:43,47.48,66
2026-10-20 10:25:24,2026-10-20 11:12:51,2026-10-20 11:14:13,47.45,67
2026-10-20 10:25:50,2026-10-20 11:14:05,2026-10-20 11:14:25,48.24,68
2026-10-20 10:26:33,2026-10-20 11:14:13,2026-10-20 11:18:44,47.67,67
2026-10-20 10:26:36,2026-10-20 11:14:25,2026-10-20 11:21:12,47.82,68
2026-10-20 10:29:57,2026-10-20 11:14:43,2026-10-20 11:20:22,44.78,62
2026-10-20 10:31:01,2026-10-20 11:18:44,2026-10-20 11:20:34,47.72,61
2026-10-20 10:31:14,2026-10-20 11:20:22,2026-10-20 11:21:09,49.12,60
2026-10-20 10:31:16,2026-10-20 11:20:34,2026-10-20 11:24:51,49.29,61
2026-10-20 10:32:01,2026-10-20 11:21:09,2026-10-20 11:21:56,49.15,62
2026-10-20 10:32:07,2026-10-20 11:21:12,2026-10-20 11:23:47,49.07,63
2026-10-20 10:32:32,2026-10-20 11:21:56,2026-10-20 11:22:17,49.39,60
2026-10-20 10:32:57,2026-10-20 11:22:17,2026-10-20 11:23:02,49.34,61
2026-10-20 10:32:59,2026-10-20 11:23:02,2026-10-20 11:23:19,50.05,62
2026-10-20 10:33:30,2026-10-20 11:23:19,2026-10-20 11:26:42,49.81,62
2026-10-20 10:33:49,2026-10-20 11:23:47,2026-10-20 11:29:49,49.97,63
2026-10-20 10:34:26,2026-10-20 11:24:51,2026-10-20 11:27:16,50.42,64
2026-10-20 10:34:55,2026-10-20 11:26:42,2026-10-20 11:32:54,51.78,65
2026-10-20 10:35:08,2026-10-20 11:27:16,2026-10-20 11:28:04,52.13,66
2026-10-20 10:38:55,2026-10-20 11:28:04,2026-10-20 11:33:28,49.16,62
2026-10-20 10:39:00,2026-10-20 11:29:49,2026-10-20 11:32:04,50.82,63
2026-10-20 10:39:01,2026-10-20 11:32:04,2026-10-20 11:33:35,53.06,64
2026-10-20 10:39:24,2026-10-20 11:32:54,2026-10-20 11:33:34,53.5,62
2026-10-20 10:40:06,2026-10-20 11:33:28,2026-10-20 11:35:41,53.36,62
2026-10-20 10:40:30,2026-10-20 11:33:34,2026-10-20 11:34:50,53.06,62
2026-10-20 10:40:33,2026-10-20 11:33:35,2026-10-20 11:35:52,53.02,63
2026-10-20 10:41:10,2026-10-20 11:34:50,2026-10-20 11:37:15,53.68,64
2026-10-20 10:41:12,2026-10-20 11:35:41,2026-10-20 11:42:12,54.48,65
2026-10-20 10:42:15,2026-10-20 11:35:52,2026-10-20 11:35:56,53.62,65
2026-10-20 10:42:29,2026-10-20 11:35:56,2026-10-20 11:39:53,53.46,65
2026-10-20 10:42:40,2026-10-20 11:37:15,2026-10-20 11:39:54,54.57,65
2026-10-20 10:42:45,2026-10-20 11:39:53,2026-10-20 11:39:53,57.12,66
2026-10-20 10:42:54,2026-10-20 11:39:53,2026-10-20 11:40:25,56.98,67
2026-10-20 10:44:00,2026-10-20 11:39:54,2026-10-20 11:41:44,55.9,68
2026-10-20 10:44:53,2026-10-20 11:40:25,2026-10-20 11:41:53,55.54,68
2026-10-20 10:45:13,2026-10-20 11:41:44,2026-10-20 11:45:25,56.51,69
2026-10-20 10:45:20,2026-10-20 11:41:53,2026-10-20 11:44:08,56.55,70
2026-10-20 10:45:27,2026-10-20 11:42:12,2026-10-20 11:45:38,56.75,71
2026-10-20 10:45:39,2026-10-20 11:44:08,2026-10-20 11:44:50,58.48,72
2026-10-20 10:46:11,2026-10-20 11:44:50,2026-10-20 11:45:41,58.64,72
2026-10-20 10:46:26,2026-10-20 11:45:25,2026-10-20 11:50:52,58.98,73
2026-10-20 10:47:02,2026-10-20 11:45:38,2026-10-20 11:46:51,58.6,73
2026-10-20 10:47:49,2026-10-20 11:45:41,2026-10-20 11:49:42,57.88,73
2026-10-20 10:48:02,2026-10-20 11:46:51,2026-10-20 11:50:27,58.83,74
2026-10-20 10:48:15,2026-10-20 11:49:42,2026-10-20 11:57:38,61.44,75
2026-10-20 10:50:12,2026-10-20 11:50:27,2026-10-20 11:53:38,60.26,73
2026-10-20 10:51:32,2026-10-20 11:50:52,2026-10-20 11:51:48,59.34,73
2026-10-20 10:51:34,2026-10-20 11:51:48,2026-10-20 11:55:33,60.23,73
2026-10-20 10:51:47,2026-10-20 11:53:38,2026-10-20 11:56:31,61.85,73
2026-10-20 10:51:57,2026-10-20 11:55:33,2026-10-20 12:08:44,63.61,74
2026-10-20 10:53:38,2026-10-20 11:56:31,2026-10-20 11:58:50,62.89,73
2026-10-20 10:53:55,2026-10-20 11:57:38,2026-10-20 11:59:38,63.72,72
2026-10-20 10:54:09,2026-10-20 11:58:50,2026-10-20 11:59:20,64.69,73
2026-10-20 10:54:25,2026-10-20 11:59:20,2026-10-20 12:01:57,64.91,72
2026-10-20 10:54:34,2026-10-20 11:59:38,2026-10-20 12:00:15,65.05,73
2026-10-20 10:54:54,2026-10-20 12:00:15,2026-10-20 12:02:30,65.36,74
2026-10-20 10:54:56,2026-10-20 12:01:57,2026-10-20 12:02:11,67.02,75
2026-10-20 10:55:01,2026-10-20 12:02:11,2026-10-20 12:02:35,67.17,76
2026-10-20 10:55:19,2026-10-20 12:02:30,2026-10-20 12:04:44,67.19,77
2026-10-20 10:56:17,2026-10-20 12:02:35,2026-10-20 12:06:13,66.31,77
2026-10-20 10:56:17,2026-10-20 12:04:44,2026-10-20 12:05:31,68.45,78
2026-10-20 10:57:42,2026-10-20 12:05:31,2026-10-20 12:07:23,67.82,79
2026-10-20 10:58:13,2026-10-20 12:06:13,2026-10-20 12:07:13,68.0,78
2026-10-20 10:59:35,2026-10-20 12:07:13,2026-10-20 12:08:02,67.64,78
2026-10-20 10:59:43,2026-10-20 12:07:23,2026-10-20 12:12:31,67.68,79
2026-10-20 10:59:55,2026-10-20 12:08:02,2026-10-20 12:08:26,68.12,80
2026-10-20 11:00:19,2026-10-20 12:08:26,2026-10-20 12:09:17,68.13,81
2026-10-20 11:00:57,2026-10-20 12:08:44,2026-10-20 12:12:12,67.79,82
2026-10-20 11:01:06,2026-10-20 12:09:17,2026-10-20 12:09:21,68.18,83
2026-10-20 11:03:17,2026-10-20 12:09:21,2026-10-20 12:11:34,66.06,81
2026-10-20 11:03:28,2026-10-20 12:11:34,2026-10-20 12:12:28,68.1,82
2026-10-20 11:04:41,2026-10-20 12:12:12,2026-10-20 12:13:29,67.51,81
2026-10-20 11:04:48,2026-10-20 12:12:28,2026-10-20 12:14:26,67.68,82
2026-10-20 11:04:57,2026-10-20 12:12:31,2026-10-20 12:16:26,67.56,83
2026-10-20 11:05:21,2026-10-20 12:13:29,2026-10-20 12:14:39,68.13,82
2026-10-20 11:07:10,2026-10-20 12:14:26,2026-10-20 12:14:47,67.27,80
2026-10-20 11:07:25,2026-10-20 12:14:39,2026-10-20 12:15:32,67.22,81
2026-10-20 11:08:56,2026-10-20 12:14:47,2026-10-20 12:17:28,65.85,80
2026-10-20 11:09:13,2026-10-20 12:15:32,2026-10-20 12:17:46,66.33,81
2026-10-20 11:09:23,2026-10-20 12:16:26,2026-10-20 12:22:15,67.05,82
2026-10-20 11:09:49,2026-10-20 12:17:28,2026-10-20 12:25:21,67.64,83
2026-10-20 11:09:50,2026-10-20 12:17:46,2026-10-20 12:18:13,67.94,84
2026-10-20 11:09:53,2026-10-20 12:18:13,2026-10-20 12:19:28,68.33,85
2026-10-20 11:09:59,2026-10-20 12:19:28,2026-10-20 12:22:03,69.48,86
2026-10-20 11:10:12,2026-10-20 12:22:03,2026-10-20 12:22:23,71.85,87
2026-10-20 11:10:42,2026-10-20 12:22:15,2026-10-20 12:24:41,71.55,88
2026-10-20 11:11:38,2026-10-20 12:22:23,2026-10-20 12:23:46,70.75,87
2026-10-20 11:11:52,2026-10-20 12:23:46,2026-10-20 12:25:36,71.9,87
2026-10-20 11:13:13,2026-10-20 12:24:41,2026-10-20 12:25:29,71.46,86
2026-10-20 11:13:41,2026-10-20 12:25:21,2026-10-20 12:31:44,71.68,87
2026-10-20 11:13:54,2026-10-20 12:25:29,2026-10-20 12:27:07,71.58,88
2026-10-20 11:14:00,2026-10-20 12:25:36,2026-10-20 12:26:56,71.59,89
2026-10-20 11:14:05,2026-10-20 12:26:56,2026-10-20 12:27:32,72.85,89
2026-10-20 11:14:31,2026-10-20 12:27:07,2026-10-20 12:30:02,72.61,88
2026-10-20 11:15:10,2026-10-20 12:27:32,2026-10-20 12:32:16,72.38,88
2026-10-20 11:15:38,2026-10-20 12:30:02,2026-10-20 12:31:41,74.41,89
2026-10-20 11:16:23,2026-10-20 12:31:41,2026-10-20 12:33:57,75.3,90
2026-10-20 11:16:52,2026-10-20 12:31:44,2026-10-20 12:32:58,74.86,91
2026-10-20 11:17:30,2026-10-20 12:32:16,2026-10-20 12:32:30,74.77,92
2026-10-20 11:18:17,2026-10-20 12:32:30,2026-10-20 12:34:28,74.21,93
2026-10-20 11:19:09,2026-10-20 12:32:58,2026-10-20 12:37:54,73.82,93
2026-10-20 11:20:43,2026-10-20 12:33:57,2026-10-20 12:37:15,73.24,92
2026-10-20 11:21:24,2026-10-20 12:34:28,2026-10-20 12:40:57,73.07,91
2026-10-20 11:21:25,2026-10-20 12:37:15,2026-10-20 12:39:08,75.83,92
2026-10-20 11:21:25,2026-10-20 12:37:54,2026-10-20 12:39:11,76.49,93
2026-10-20 11:22:13,2026-10-20 12:39:08,2026-10-20 12:41:25,76.93,93
2026-10-20 11:22:40,2026-10-20 12:39:11,2026-10-20 12:43:45,76.53,93
2026-10-20 11:23:37,2026-10-20 12:40:57,2026-10-20 12:42:05,77.33,92
2026-10-20 11:23:49,2026-10-20 12:41:25,2026-10-20 12:42:01,77.59,92
2026-10-20 11:23:57,2026-10-20 12:42:01,2026-10-20 12:47:43,78.08,93
2026-10-20 11:24:23,2026-10-20 12:42:05,2026-10-20 12:42:53,77.69,94
2026-10-20 11:24:24,2026-10-20 12:42:53,2026-10-20 12:43:10,78.48,95
2026-10-20 11:24:54,2026-10-20 12:43:10,2026-10-20 12:44:07,78.26,95
2026-10-20 11:24:55,2026-10-20 12:43:45,2026-10-20 12:43:58,78.84,96
2026-10-20 11:25:07,2026-10-20 12:43:58,2026-10-20 12:44:47,78.84,97
2026-10-20 11:25:25,2026-10-20 12:44:07,2026-10-20 12:44:24,78.7,98
2026-10-20 11:25:30,2026-10-20 12:44:24,2026-10-20 12:47:18,78.91,99
2026-10-20 11:25:35,2026-10-20 12:44:47,2026-10-20 12:46:58,79.2,100
2026-10-20 11:25:51,2026-10-20 12:46:58,2026-10-20 12:49:30,81.11,101
2026-10-20 11:26:14,2026-10-20 12:47:18,2026-10-20 12:47:27,81.06,102
2026-10-20 11:26:40,2026-10-20 12:47:27,2026-10-20 12:47:50,80.78,103
2026-10-20 11:26:46,2026-10-20 12:47:43,2026-10-20 12:50:07,80.94,103
2026-10-20 11:26:56,2026-10-20 12:47:50,2026-10-20 12:55:29,80.89,104
2026-10-20 11:27:03,2026-10-20 12:49:30,2026-10-20 12:53:53,82.45,105
2026-10-20 11:27:14,2026-10-20 12:50:07,2026-10-20 12:50:44,82.89,106
2026-10-20 11:27:29,2026-10-20 12:50:44,2026-10-20 12:51:26,83.26,106
2026-10-20 11:27:50,2026-10-20 12:51:26,2026-10-20 12:52:27,83.6,107
2026-10-20 11:27:50,2026-10-20 12:52:27,2026-10-20 12:52:43,84.62,108
2026-10-20 11:28:02,2026-10-20 12:52:43,2026-10-20 12:54:24,84.7,109
2026-10-20 11:28:05,2026-10-20 12:53:53,2026-10-20 12:59:30,85.8,109
2026-10-20 11:28:13,2026-10-20 12:54:24,2026-10-20 13:00:18,86.18,110
2026-10-20 11:28:19,2026-10-20 12:55:29,2026-10-20 12:59:35,87.16,111
2026-10-20 11:28:35,2026-10-20 12:59:30,2026-10-20 13:03:29,90.92,112
2026-10-20 11:28:43,2026-10-20 12:59:35,2026-10-20 13:00:58,90.87,113
2026-10-20 11:29:52,2026-10-20 13:00:18,2026-10-20 13:01:05,90.43,113
2026-10-20 11:30:10,2026-10-20 13:00:58,2026-10-20 13:02:38,90.8,114
2026-10-20 11:30:18,2026-10-20 13:01:05,2026-10-20 13:05:49,90.79,115
2026-10-20 11:32:07,2026-10-20 13:02:38,2026-10-20 13:04:20,90.51,115
2026-10-20 11:32:24,2026-10-20 13:03:29,2026-10-20 13:10:45,91.09,116
2026-10-20 11:32:24,2026-10-20 13:04:20,2026-10-20 13:09:11,91.93,117
2026-10-20 11:32:27,2026-10-20 13:05:49,2026-10-20 13:08:06,93.36,118
2026-10-20 11:33:06,2026-10-20 13:08:06,2026-10-20 13:08:12,95.01,118
2026-10-20 11:34:27,2026-10-20 13:08:12,2026-10-20 13:10:25,93.76,116
2026-10-20 11:34:27,2026-10-20 13:09:11,2026-10-20 13:09:31,94.74,117
2026-10-20 11:34:41,2026-10-20 13:09:31,2026-10-20 13:09:37,94.84,118
2026-10-20 11:34:47,2026-10-20 13:09:37,2026-10-20 13:10:37,94.83,119
2026-10-20 11:35:04,2026-10-20 13:10:25,2026-10-20 13:12:49,95.35,119
2026-10-20 11:35:09,2026-10-20 13:10:37,2026-10-20 13:11:19,95.47,120
2026-10-20 11:35:17,2026-10-20 13:10:45,2026-10-20 13:10:49,95.47,121
2026-10-20 11:35:56,2026-10-20 13:10:49,2026-10-20 13:10:53,94.88,120
2026-10-20 11:36:12,2026-10-20 13:10:53,2026-10-20 13:13:33,94.68,120
2026-10-20 11:36:15,2026-10-20 13:11:19,2026-10-20 13:14:34,95.06,121
2026-10-20 11:37:48,2026-10-20 13:12:49,2026-10-20 13:14:39,95.02,121
2026-10-20 11:38:19,2026-10-20 13:13:33,2026-10-20 13:15:14,95.24,122
2026-10-20 11:39:46,2026-10-20 13:14:34,2026-10-20 13:16:26,94.79,123
2026-10-20 11:40:22,2026-10-20 13:14:39,2026-10-20 13:15:25,94.29,121
2026-10-20 11:41:50,2026-10-20 13:15:14,2026-10-20 13:19:05,93.4,120
2026-10-20 11:42:12,2026-10-20 13:15:25,2026-10-20 13:16:37,93.2,119
2026-10-20 11:42:31,2026-10-20 13:16:26,2026-10-20 13:17:48,93.92,120
2026-10-20 11:42:36,2026-10-20 13:16:37,2026-10-20 13:18:43,94.01,121
2026-10-20 11:43:02,2026-10-20 13:17:48,2026-10-20 13:20:32,94.77,122
2026-10-20 11:44:23,2026-10-20 13:18:43,2026-10-20 13:18:44,94.33,122
2026-10-20 11:45:08,2026-10-20 13:18:44,2026-10-20 13:22:26,93.6,122
2026-10-20 11:45:44,2026-10-20 13:19:05,2026-10-20 13:19:17,93.35,120
2026-10-20 11:46:21,2026-10-20 13:19:17,2026-10-20 13:20:06,92.93,121
2026-10-20 11:46:37,2026-10-20 13:20:06,2026-10-20 13:20:49,93.49,122
2026-10-20 11:47:13,2026-10-20 13:20:32,2026-10-20 13:24:13,93.31,122
2026-10-20 11:47:42,2026-10-20 13:20:49,2026-10-20 13:28:17,93.12,123
2026-10-20 11:47:52,2026-10-20 13:22:26,2026-10-20 13:23:50,94.57,124
2026-10-20 11:47:55,2026-10-20 13:23:50,2026-10-20 13:27:57,95.92,125
2026-10-20 11:48:16,2026-10-20 13:24:13,2026-10-20 13:26:06,95.95,126
2026-10-20 11:48:22,2026-10-20 13:26:06,2026-10-20 13:26:13,97.73,127
2026-10-20 11:49:57,2026-10-20 13:26:13,2026-10-20 13:30:27,96.27,127
2026-10-20 11:52:18,2026-10-20 13:27:57,2026-10-20 13:28:08,95.65,125
2026-10-20 11:52:22,2026-10-20 13:28:08,2026-10-20 13:29:06,95.77,126
2026-10-20 11:52:44,2026-10-20 13:28:17,2026-10-20 13:28:40,95.56,127
2026-10-20 11:53:48,2026-10-20 13:28:40,2026-10-20 13:29:15,94.86,127
2026-10-20 11:54:41,2026-10-20 13:29:06,2026-10-20 13:29:47,94.42,128
2026-10-20 11:54:51,2026-10-20 13:29:15,2026-10-20 13:31:43,94.39,129
2026-10-20 11:55:19,2026-10-20 13:29:47,2026-10-20 13:30:57,94.46,130
2026-10-20 11:55:24,2026-10-20 13:30:27,2026-10-20 13:33:57,95.04,131
2026-10-20 11:55:34,2026-10-20 13:30:57,2026-10-20 13:31:14,95.38,131
2026-10-20 11:55:55,2026-10-20 13:31:14,2026-10-20 13:33:53,95.32,132
2026-10-20 11:56:38,2026-10-20 13:31:43,2026-10-20 13:34:06,95.09,132
2026-10-20 11:57:09,2026-10-20 13:33:53,2026-10-20 13:34:26,96.73,133
2026-10-20 11:57:46,2026-10-20 13:33:57,2026-10-20 13:35:15,96.18,133
2026-10-20 11:58:34,2026-10-20 13:34:06,2026-10-20 13:36:16,95.52,134
2026-10-20 11:58:52,2026-10-20 13:34:26,2026-10-20 13:38:22,95.57,134
2026-10-20 11:59:24,2026-10-20 13:35:15,2026-10-20 13:35:24,95.84,134
2026-10-20 11:59:44,2026-10-20 13:35:24,2026-10-20 13:40:36,95.67,134
2026-10-20 12:00:01,2026-10-20 13:36:16,2026-10-20 13:37:09,96.26,135
2026-10-20 12:00:30,2026-10-20 13:37:09,2026-10-20 13:38:05,96.66,135
2026-10-20 12:00:35,2026-10-20 13:38:05,2026-10-20 13:43:30,97.5,136
2026-10-20 12:00:56,2026-10-20 13:38:22,2026-10-20 13:38:53,97.45,137
2026-10-20 12:00:58,2026-10-20 13:38:53,2026-10-20 13:40:05,97.91,138
2026-10-20 12:01:43,2026-10-20 13:40:05,2026-10-20 13:43:08,98.37,139
2026-10-20 12:01:45,2026-10-20 13:40:36,2026-10-20 13:42:11,98.84,140
2026-10-20 12:01:48,2026-10-20 13:42:11,2026-10-20 13:42:32,100.38,141
2026-10-20 12:02:20,2026-10-20 13:42:32,2026-10-20 13:49:47,100.2,140
2026-10-20 12:03:06,2026-10-20 13:43:08,2026-10-20 13:45:46,100.03,139
2026-10-20 12:03:07,2026-10-20 13:43:30,2026-10-20 13:48:06,100.37,140
2026-10-20 12:04:02,2026-10-20 13:45:46,2026-10-20 13:47:49,101.74,141
2026-10-20 12:04:52,2026-10-20 13:47:49,2026-10-20 13:50:12,102.97,141
2026-10-20 12:06:42,2026-10-20 13:48:06,2026-10-20 13:55:03,101.4,140
2026-10-20 12:07:31,2026-10-20 13:49:47,2026-10-20 13:53:16,102.26,139
2026-10-20 12:07:37,2026-10-20 13:50:12,2026-10-20 13:52:57,102.59,140
2026-10-20 12:07:43,2026-10-20 13:52:57,2026-10-20 13:57:08,105.24,141
2026-10-20 12:08:38,2026-10-20 13:53:16,2026-10-20 13:53:31,104.62,140
2026-10-20 12:08:48,2026-10-20 13:53:31,2026-10-20 13:54:36,104.71,140
2026-10-20 12:09:01,2026-10-20 13:54:36,2026-10-20 13:55:12,105.59,141
2026-10-20 12:09:08,2026-10-20 13:55:03,2026-10-20 14:03:55,105.93,142
2026-10-20 12:09:56,2026-10-20 13:55:12,2026-10-20 13:55:51,105.27,141
2026-10-20 12:10:06,2026-10-20 13:55:51,2026-10-20 13:55:52,105.74,142
2026-10-20 12:10:24,2026-10-20 13:55:52,2026-10-20 13:55:57,105.47,143
2026-10-20 12:10:28,2026-10-20 13:55:57,2026-10-20 13:58:06,105.49,144
2026-10-20 12:11:42,2026-10-20 13:57:08,2026-10-20 14:02:46,105.43,144
2026-10-20 12:12:02,2026-10-20 13:58:06,2026-10-20 14:00:02,106.07,145
2026-10-20 12:12:06,2026-10-20 14:00:02,2026-10-20 14:01:43,107.93,146
2026-10-20 12:13:02,2026-10-20 14:01:43,2026-10-20 14:02:47,108.69,144
2026-10-20 12:14:11,2026-10-20 14:02:46,2026-10-20 14:03:52,108.58,144
2026-10-20 12:15:29,2026-10-20 14:02:47,2026-10-20 14:03:40,107.3,142
2026-10-20 12:15:34,2026-10-20 14:03:40,2026-10-20 14:04:59,108.11,142
2026-10-20 12:15:42,2026-10-20 14:03:52,2026-10-20 14:06:49,108.17,143
2026-10-20 12:16:44,2026-10-20 14:03:55,2026-10-20 14:06:27,107.17,143
2026-10-20 12:16:48,2026-10-20 14:04:59,2026-10-20 14:05:30,108.18,144
2026-10-20 12:16:56,2026-10-20 14:05:30,2026-10-20 14:07:55,108.57,145
2026-10-20 12:17:11,2026-10-20 14:06:27,2026-10-20 14:06:36,109.27,146
2026-10-20 12:17:27,2026-10-20 14:06:36,2026-10-20 14:07:53,109.14,147
2026-10-20 12:17:47,2026-10-20 14:06:49,2026-10-20 14:08:43,109.04,146
2026-10-20 12:18:08,2026-10-20 14:07:53,2026-10-20 14:12:35,109.75,147
2026-10-20 12:18:26,2026-10-20 14:07:55,2026-10-20 14:09:18,109.48,147
2026-10-20 12:18:38,2026-10-20 14:08:43,2026-10-20 14:08:55,110.08,148
2026-10-20 12:18:51,2026-10-20 14:08:55,2026-10-20 14:09:14,110.06,149
2026-10-20 12:19:45,2026-10-20 14:09:14,2026-10-20 14:09:23,109.48,149
2026-10-20 12:19:56,2026-10-20 14:09:18,2026-10-20 14:11:48,109.36,150
2026-10-20 12:20:11,2026-10-20 14:09:23,2026-10-20 14:12:18,109.19,151
2026-10-20 12:20:18,2026-10-20 14:11:48,2026-10-20 14:18:20,111.51,152
2026-10-20 12:21:39,2026-10-20 14:12:18,2026-10-20 14:17:10,110.65,153
2026-10-20 12:22:05,2026-10-20 14:12:35,2026-10-20 14:12:53,110.5,153
2026-10-20 12:23:01,2026-10-20 14:12:53,2026-10-20 14:14:25,109.88,152
2026-10-20 12:23:08,2026-10-20 14:14:25,2026-10-20 14:23:51,111.29,153
2026-10-20 12:24:11,2026-10-20 14:17:10,2026-10-20 14:18:28,112.98,153
2026-10-20 12:24:54,2026-10-20 14:18:20,2026-10-20 14:19:27,113.44,153
2026-10-20 12:26:10,2026-10-20 14:18:28,2026-10-20 14:18:39,112.31,151
2026-10-20 12:26:33,2026-10-20 14:18:39,2026-10-20 14:23:07,112.11,152
2026-10-20 12:27:08,2026-10-20 14:19:27,2026-10-20 14:19:45,112.32,151
2026-10-20 12:28:14,2026-10-20 14:19:45,2026-10-20 14:21:12,111.51,151
2026-10-20 12:28:37,2026-10-20 14:21:12,2026-10-20 14:23:52,112.58,152
2026-10-20 12:28:41,2026-10-20 14:23:07,2026-10-20 14:24:42,114.43,153
2026-10-20 12:28:51,2026-10-20 14:23:51,2026-10-20 14:24:46,114.99,154
2026-10-20 12:29:04,2026-10-20 14:23:52,2026-10-20 14:24:03,114.81,155
2026-10-20 12:30:43,2026-10-20 14:24:03,2026-10-20 14:26:18,113.33,155
2026-10-20 12:30:48,2026-10-20 14:24:42,2026-10-20 14:26:52,113.9,156
2026-10-20 12:31:50,2026-10-20 14:24:46,2026-10-20 14:30:34,112.93,155
2026-10-20 12:31:55,2026-10-20 14:26:18,2026-10-20 14:28:22,114.39,156
2026-10-20 12:32:10,2026-10-20 14:26:52,2026-10-20 14:29:23,114.7,157
2026-10-20 12:34:24,2026-10-20 14:28:22,2026-10-20 14:29:59,113.96,154
2026-10-20 12:36:07,2026-10-20 14:29:23,2026-10-20 14:30:37,113.28,154
2026-10-20 12:36:11,2026-10-20 14:29:59,2026-10-20 14:35:55,113.81,155
2026-10-20 12:37:07,2026-10-20 14:30:34,2026-10-20 14:31:41,113.46,156
2026-10-20 12:37:37,2026-10-20 14:30:37,2026-10-20 14:33:24,113.0,156
2026-10-20 12:38:48,2026-10-20 14:31:41,2026-10-20 14:32:11,112.88,156
2026-10-20 12:38:49,2026-10-20 14:32:11,2026-10-20 14:45:03,113.37,157
2026-10-20 12:39:33,2026-10-20 14:33:24,2026-10-20 14:36:45,113.85,156
2026-10-20 12:40:17,2026-10-20 14:35:55,2026-10-20 14:37:54,115.64,157
2026-10-20 12:40:23,2026-10-20 14:36:45,2026-10-20 14:38:02,116.36,158
2026-10-20 12:41:14,2026-10-20 14:37:54,2026-10-20 14:38:32,116.66,158
2026-10-20 12:42:45,2026-10-20 14:38:02,2026-10-20 14:38:56,115.27,156
2026-10-20 12:42:50,2026-10-20 14:38:32,2026-10-20 14:38:49,115.7,157
2026-10-20 12:43:15,2026-10-20 14:38:49,2026-10-20 14:39:55,115.57,156
2026-10-20 12:43:30,2026-10-20 14:38:56,2026-10-20 14:39:53,115.44,157
2026-10-20 12:43:42,2026-10-20 14:39:53,2026-10-20 14:41:51,116.19,158
2026-10-20 12:44:05,2026-10-20 14:39:55,2026-10-20 14:43:35,115.83,157
2026-10-20 12:44:55,2026-10-20 14:41:51,2026-10-20 14:42:40,116.93,155
2026-10-20 12:45:39,2026-10-20 14:42:40,2026-10-20 14:45:38,117.01,156
2026-10-20 12:45:59,2026-10-20 14:43:35,2026-10-20 14:48:01,117.6,157
2026-10-20 12:46:21,2026-10-20 14:45:03,2026-10-20 14:51:35,118.71,158
2026-10-20 12:46:23,2026-10-20 14:45:38,2026-10-20 14:47:15,119.25,159
2026-10-20 12:46:38,2026-10-20 14:47:15,2026-10-20 14:49:10,120.62,160
2026-10-20 12:47:12,2026-10-20 14:48:01,2026-10-20 14:51:33,120.81,160
2026-10-20 12:47:18,2026-10-20 14:49:10,2026-10-20 14:50:21,121.86,160
2026-10-20 12:47:26,2026-10-20 14:50:21,2026-10-20 14:51:37,122.91,161
2026-10-20 12:48:21,2026-10-20 14:51:33,2026-10-20 14:54:59,123.2,159
2026-10-20 12:48:42,2026-10-20 14:51:35,2026-10-20 14:54:05,122.88,160
2026-10-20 12:49:13,2026-10-20 14:51:37,2026-10-20 14:54:07,122.4,161
2026-10-20 12:49:24,2026-10-20 14:54:05,2026-10-20 14:56:25,124.67,162
2026-10-20 12:49:54,2026-10-20 14:54:07,2026-10-20 14:54:19,124.21,162
2026-10-20 12:50:21,2026-10-20 14:54:19,2026-10-20 14:54:46,123.96,162
2026-10-20 12:50:25,2026-10-20 14:54:46,2026-10-20 14:59:20,124.34,163
2026-10-20 12:50:55,2026-10-20 14:54:59,2026-10-20 14:58:36,124.06,163
2026-10-20 12:51:02,2026-10-20 14:56:25,2026-10-20 14:58:03,125.37,164
2026-10-20 12:51:36,2026-10-20 14:58:03,2026-10-20 15:01:14,126.45,164
2026-10-20 12:52:15,2026-10-20 14:58:36,2026-10-20 15:01:49,126.36,165
2026-10-20 12:52:25,2026-10-20 14:59:20,2026-10-20 15:03:10,126.92,166
2026-10-20 12:52:58,2026-10-20 15:01:14,2026-10-20 15:01:54,128.27,165
2026-10-20 12:53:22,2026-10-20 15:01:49,2026-10-20 15:03:20,128.44,166
2026-10-20 12:53:26,2026-10-20 15:01:54,2026-10-20 15:04:14,128.46,167
2026-10-20 12:54:33,2026-10-20 15:03:10,2026-10-20 15:07:17,128.62,166
2026-10-20 12:55:08,2026-10-20 15:03:20,2026-10-20 15:03:30,128.2,167
2026-10-20 12:55:12,2026-10-20 15:03:30,2026-10-20 15:04:57,128.31,168
2026-10-20 12:55:34,2026-10-20 15:04:14,2026-10-20 15:07:21,128.66,168
2026-10-20 12:56:41,2026-10-20 15:04:57,2026-10-20 15:05:47,128.27,169
2026-10-20 12:57:24,2026-10-20 15:05:47,2026-10-20 15:11:20,128.39,170
2026-10-20 12:58:09,2026-10-20 15:07:17,2026-10-20 15:11:28,129.13,171
2026-10-20 12:58:22,2026-10-20 15:07:21,2026-10-20 15:08:48,128.99,172
2026-10-20 12:58:23,2026-10-20 15:08:48,2026-10-20 15:09:28,130.41,173
2026-10-20 12:58:32,2026-10-20 15:09:28,2026-10-20 15:10:53,130.93,174
2026-10-20 12:58:34,2026-10-20 15:10:53,2026-10-20 15:11:30,132.31,175
2026-10-20 12:58:50,2026-10-20 15:11:20,2026-10-20 15:19:23,132.49,176
2026-10-20 12:58:57,2026-10-20 15:11:28,2026-10-20 15:11:43,132.53,177
2026-10-20 12:59:45,2026-10-20 15:11:30,2026-10-20 15:13:42,131.75,176
2026-10-20 12:59:58,2026-10-20 15:11:43,2026-10-20 15:15:07,131.75,177
2026-10-20 13:00:20,2026-10-20 15:13:42,2026-10-20 15:16:48,133.36,177
2026-10-20 13:01:29,2026-10-20 15:15:07,2026-10-20 15:17:12,133.63,176
2026-10-20 13:01:32,2026-10-20 15:16:48,2026-10-20 15:16:58,135.26,177
2026-10-20 13:02:12,2026-10-20 15:16:58,2026-10-20 15:17:33,134.77,178
2026-10-20 13:02:38,2026-10-20 15:17:12,2026-10-20 15:19:02,134.57,179
2026-10-20 13:02:50,2026-10-20 15:17:33,2026-10-20 15:19:22,134.72,179
2026-10-20 13:03:33,2026-10-20 15:19:02,2026-10-20 15:19:43,135.47,179
2026-10-20 13:03:36,2026-10-20 15:19:22,2026-10-20 15:19:46,135.77,180
2026-10-20 13:04:33,2026-10-20 15:19:23,2026-10-20 15:19:24,134.83,180
2026-10-20 13:05:10,2026-10-20 15:19:24,2026-10-20 15:19:43,134.23,181
2026-10-20 13:05:13,2026-10-20 15:19:43,2026-10-20 15:22:28,134.5,182
2026-10-20 13:05:39,2026-10-20 15:19:43,2026-10-20 15:20:02,134.07,183
2026-10-20 13:05:49,2026-10-20 15:19:46,2026-10-20 15:22:07,133.95,184
2026-10-20 13:06:19,2026-10-20 15:20:02,2026-10-20 15:22:03,133.72,184
2026-10-20 13:07:08,2026-10-20 15:22:03,2026-10-20 15:24:17,134.92,185
2026-10-20 13:07:16,2026-10-20 15:22:07,2026-10-20 15:22:27,134.85,186
2026-10-20 13:07:24,2026-10-20 15:22:27,2026-10-20 15:25:37,135.04,187
2026-10-20 13:07:30,2026-10-20 15:22:28,2026-10-20 15:23:46,134.97,188
2026-10-20 13:08:06,2026-10-20 15:23:46,2026-10-20 15:28:30,135.68,189
2026-10-20 13:08:29,2026-10-20 15:24:17,2026-10-20 15:27:23,135.79,188
2026-10-20 13:08:31,2026-10-20 15:25:37,2026-10-20 15:29:03,137.1,189
2026-10-20 13:09:02,2026-10-20 15:27:23,2026-10-20 15:29:13,138.35,190
2026-10-20 13:10:00,2026-10-20 15:28:30,2026-10-20 15:28:37,138.5,188
2026-10-20 13:10:59,2026-10-20 15:28:37,2026-10-20 15:28:44,137.62,184
2026-10-20 13:11:13,2026-10-20 15:28:44,2026-10-20 15:33:57,137.5,185
2026-10-20 13:11:39,2026-10-20 15:29:03,2026-10-20 15:29:58,137.4,185
2026-10-20 13:12:02,2026-10-20 15:29:13,2026-10-20 15:34:12,137.18,186
2026-10-20 13:12:27,2026-10-20 15:29:58,2026-10-20 15:34:54,137.52,187
2026-10-20 13:13:05,2026-10-20 15:33:57,2026-10-20 15:36:16,140.87,187
2026-10-20 13:13:53,2026-10-20 15:34:12,2026-10-20 15:34:32,140.31,187
2026-10-20 13:14:03,2026-10-20 15:34:32,2026-10-20 15:39:14,140.48,188
2026-10-20 13:14:07,2026-10-20 15:34:54,2026-10-20 15:40:47,140.78,189
2026-10-20 13:15:07,2026-10-20 15:36:16,2026-10-20 15:37:23,141.16,188
2026-10-20 13:15:41,2026-10-20 15:37:23,2026-10-20 15:44:39,141.72,187
2026-10-20 13:16:02,2026-10-20 15:39:14,2026-10-20 15:46:34,143.2,188
2026-10-20 13:16:40,2026-10-20 15:40:47,2026-10-20 15:45:19,144.12,187
2026-10-20 13:17:24,2026-10-20 15:44:39,2026-10-20 15:48:07,147.24,188
2026-10-20 13:18:27,2026-10-20 15:45:19,2026-10-20 15:45:25,146.87,188
2026-10-20 13:19:10,2026-10-20 15:45:25,2026-10-20 15:47:12,146.24,186
2026-10-20 13:19:30,2026-10-20 15:46:34,2026-10-20 15:48:03,147.06,186
2026-10-20 13:19:45,2026-10-20 15:47:12,2026-10-20 15:47:50,147.44,187
2026-10-20 13:19:46,2026-10-20 15:47:50,2026-10-20 15:50:01,148.06,188
2026-10-20 13:20:43,2026-10-20 15:48:03,2026-10-20 15:49:19,147.33,187
2026-10-20 13:20:55,2026-10-20 15:48:07,2026-10-20 15:48:46,147.19,187
2026-10-20 13:21:09,2026-10-20 15:48:46,2026-10-20 15:50:49,147.63,188
2026-10-20 13:21:39,2026-10-20 15:49:19,2026-10-20 15:50:14,147.68,189
2026-10-20 13:21:56,2026-10-20 15:50:01,2026-10-20 15:51:50,148.09,190
2026-10-20 13:22:47,2026-10-20 15:50:14,2026-10-20 15:55:29,147.44,190
2026-10-20 13:22:48,2026-10-20 15:50:49,2026-10-20 15:55:12,148.01,191
2026-10-20 13:23:20,2026-10-20 15:51:50,2026-10-20 15:52:05,148.5,192
2026-10-20 13:24:33,2026-10-20 15:52:05,2026-10-20 15:53:42,147.55,191
2026-10-20 13:25:14,2026-10-20 15:53:42,2026-10-20 15:54:53,148.48,192
2026-10-20 13:26:14,2026-10-20 15:54:53,2026-10-20 15:55:33,148.65,191
2026-10-20 13:26:46,2026-10-20 15:55:12,2026-10-20 15:56:35,148.43,192
2026-10-20 13:27:23,2026-10-20 15:55:29,2026-10-20 15:59:27,148.11,193
2026-10-20 13:27:27,2026-10-20 15:55:33,2026-10-20 15:56:42,148.1,194
2026-10-20 13:27:33,2026-10-20 15:56:35,2026-10-20 15:57:35,149.02,195
2026-10-20 13:28:02,2026-10-20 15:56:42,2026-10-20 15:59:29,148.67,195
2026-10-20 13:28:19,2026-10-20 15:57:35,2026-10-20 15:59:02,149.26,194
2026-10-20 13:28:30,2026-10-20 15:59:02,2026-10-20 16:02:50,150.54,195
2026-10-20 13:29:28,2026-10-20 15:59:27,2026-10-20 16:02:25,149.99,193
2026-10-20 13:29:40,2026-10-20 15:59:29,2026-10-20 16:02:14,149.81,194
2026-10-20 13:29:49,2026-10-20 16:02:14,2026-10-20 16:03:39,152.42,194
2026-10-20 13:29:53,2026-10-20 16:02:25,2026-10-20 16:02:43,152.54,195
2026-10-20 13:30:25,2026-10-20 16:02:43,2026-10-20 16:04:54,152.3,196
2026-10-20 13:31:09,2026-10-20 16:02:50,2026-10-20 16:05:19,151.69,195
2026-10-20 13:31:14,2026-10-20 16:03:39,2026-10-20 16:06:48,152.41,195
2026-10-20 13:31:43,2026-10-20 16:04:54,2026-10-20 16:08:23,153.17,196
2026-10-20 13:32:18,2026-10-20 16:05:19,2026-10-20 16:05:35,153.01,196
2026-10-20 13:32:20,2026-10-20 16:05:35,2026-10-20 16:07:39,153.25,197
2026-10-20 13:32:37,2026-10-20 16:06:48,2026-10-20 16:07:27,154.17,198
2026-10-20 13:32:54,2026-10-20 16:07:27,2026-10-20 16:12:09,154.55,199
2026-10-20 13:33:04,2026-10-20 16:07:39,2026-10-20 16:09:14,154.59,200
2026-10-20 13:34:22,2026-10-20 16:08:23,2026-10-20 16:14:01,154.01,198
2026-10-20 13:34:25,2026-10-20 16:09:14,2026-10-20 16:09:32,154.83,199
2026-10-20 13:34:31,2026-10-20 16:09:32,2026-10-20 16:13:07,155.02,199
2026-10-20 13:34:48,2026-10-20 16:12:09,2026-10-20 16:13:05,157.34,200
2026-10-20 13:34:59,2026-10-20 16:13:05,2026-10-20 16:15:21,158.1,201
2026-10-20 13:34:59,2026-10-20 16:13:07,2026-10-20 16:15:00,158.13,202
2026-10-20 13:35:09,2026-10-20 16:14:01,2026-10-20 16:15:40,158.86,203
2026-10-20 13:35:12,2026-10-20 16:15:00,2026-10-20 16:15:03,159.79,204
2026-10-20 13:35:49,2026-10-20 16:15:03,2026-10-20 16:16:26,159.24,203
2026-10-20 13:35:54,2026-10-20 16:15:21,2026-10-20 16:16:14,159.45,204
2026-10-20 13:35:56,2026-10-20 16:15:40,2026-10-20 16:16:26,159.74,205
2026-10-20 13:36:01,2026-10-20 16:16:14,2026-10-20 16:16:41,160.22,206
2026-10-20 13:36:10,2026-10-20 16:16:26,2026-10-20 16:17:52,160.26,207
2026-10-20 13:37:00,2026-10-20 16:16:26,2026-10-20 16:16:56,159.45,207
2026-10-20 13:37:01,2026-10-20 16:16:41,2026-10-20 16:19:13,159.67,208
2026-10-20 13:37:08,2026-10-20 16:16:56,2026-10-20 16:19:39,159.81,209
2026-10-20 13:37:55,2026-10-20 16:17:52,2026-10-20 16:21:31,159.96,209
2026-10-20 13:38:32,2026-10-20 16:19:13,2026-10-20 16:23:26,160.69,208
2026-10-20 13:38:38,2026-10-20 16:19:39,2026-10-20 16:19:51,161.01,209
2026-10-20 13:39:09,2026-10-20 16:19:51,2026-10-20 16:20:50,160.69,209
2026-10-20 13:39:23,2026-10-20 16:20:50,2026-10-20 16:24:31,161.45,210
2026-10-20 13:39:37,2026-10-20 16:21:31,2026-10-20 16:24:03,161.9,211
2026-10-20 13:39:50,2026-10-20 16:23:26,2026-10-20 16:25:41,163.6,212
2026-10-20 13:39:57,2026-10-20 16:24:03,2026-10-20 16:25:27,164.1,213
2026-10-20 13:40:09,2026-10-20 16:24:31,2026-10-20 16:24:38,164.36,213
2026-10-20 13:40:10,2026-10-20 16:24:38,2026-10-20 16:27:32,164.48,214
2026-10-20 13:41:54,2026-10-20 16:25:27,2026-10-20 16:29:10,163.56,214
2026-10-20 13:42:24,2026-10-20 16:25:41,2026-10-20 16:26:16,163.28,214
2026-10-20 13:42:51,2026-10-20 16:26:16,2026-10-20 16:28:22,163.42,214
2026-10-20 13:42:54,2026-10-20 16:27:32,2026-10-20 16:27:47,164.64,215
2026-10-20 13:43:44,2026-10-20 16:27:47,2026-10-20 16:31:05,164.04,214
2026-10-20 13:43:45,2026-10-20 16:28:22,2026-10-20 16:28:49,164.63,215
2026-10-20 13:44:19,2026-10-20 16:28:49,2026-10-20 16:28:51,164.51,216
2026-10-20 13:44:24,2026-10-20 16:28:51,2026-10-20 16:35:01,164.44,217
2026-10-20 13:46:00,2026-10-20 16:29:10,2026-10-20 16:31:12,163.16,217
2026-10-20 13:46:28,2026-10-20 16:31:05,2026-10-20 16:32:15,164.62,218
2026-10-20 13:46:44,2026-10-20 16:31:12,2026-10-20 16:31:35,164.47,219
2026-10-20 13:46:54,2026-10-20 16:31:35,2026-10-20 16:32:43,164.68,220
2026-10-20 13:47:04,2026-10-20 16:32:15,2026-10-20 16:33:00,165.18,221
2026-10-20 13:47:04,2026-10-20 16:32:43,2026-10-20 16:32:48,165.65,222
2026-10-20 13:47:30,2026-10-20 16:32:48,2026-10-20 16:33:48,165.3,223
2026-10-20 13:48:02,2026-10-20 16:33:00,2026-10-20 16:34:13,164.98,223
2026-10-20 13:48:45,2026-10-20 16:33:48,2026-10-20 16:34:45,165.06,223
2026-10-20 13:48:59,2026-10-20 16:34:13,2026-10-20 16:37:12,165.23,224
2026-10-20 13:49:06,2026-10-20 16:34:45,2026-10-20 16:40:16,165.65,225
2026-10-20 13:50:08,2026-10-20 16:35:01,2026-10-20 16:37:08,164.89,225
2026-10-20 13:52:08,2026-10-20 16:37:08,2026-10-20 16:42:04,165.01,225
2026-10-20 13:52:23,2026-10-20 16:37:12,2026-10-20 16:41:31,164.82,226
2026-10-20 13:52:26,2026-10-20 16:40:16,2026-10-20 16:42:34,167.85,227
2026-10-20 13:53:04,2026-10-20 16:41:31,2026-10-20 16:43:10,168.45,227
2026-10-20 13:53:05,2026-10-20 16:42:04,2026-10-20 16:45:37,168.97,228
2026-10-20 13:55:34,2026-10-20 16:42:34,2026-10-20 16:43:09,166.99,224
2026-10-20 13:56:14,2026-10-20 16:43:09,2026-10-20 16:43:11,166.92,222
2026-10-20 13:56:58,2026-10-20 16:43:10,2026-10-20 16:43:45,166.21,223
2026-10-20 13:57:24,2026-10-20 16:43:11,2026-10-20 16:43:15,165.78,223
2026-10-20 13:57:41,2026-10-20 16:43:15,2026-10-20 16:43:25,165.57,224
2026-10-20 13:58:05,2026-10-20 16:43:25,2026-10-20 16:43:27,165.34,225
2026-10-20 13:58:10,2026-10-20 16:43:27,2026-10-20 16:45:10,165.28,225
2026-10-20 13:58:22,2026-10-20 16:43:45,2026-10-20 16:43:54,165.39,226
2026-10-20 13:58:24,2026-10-20 16:43:54,2026-10-20 16:45:36,165.5,227
2026-10-20 13:58:26,2026-10-20 16:45:10,2026-10-20 16:46:12,166.73,228
2026-10-20 13:59:06,2026-10-20 16:45:36,2026-10-20 16:48:56,166.51,229
2026-10-20 13:59:49,2026-10-20 16:45:37,2026-10-20 16:48:19,165.79,230
2026-10-20 13:59:54,2026-10-20 16:46:12,2026-10-20 16:47:12,166.29,231
2026-10-20 14:00:22,2026-10-20 16:47:12,2026-10-20 16:48:16,166.82,231
2026-10-20 14:00:30,2026-10-20 16:48:16,2026-10-20 16:48:20,167.76,232
2026-10-20 14:01:21,2026-10-20 16:48:19,2026-10-20 16:49:42,166.97,233
2026-10-20 14:02:49,2026-10-20 16:48:20,2026-10-20 16:49:15,165.53,231
2026-10-20 14:03:10,2026-10-20 16:48:56,2026-10-20 16:51:03,165.77,232
2026-10-20 14:04:24,2026-10-20 16:49:15,2026-10-20 16:53:55,164.85,230
2026-10-20 14:04:41,2026-10-20 16:49:42,2026-10-20 16:52:33,165.01,231
2026-10-20 14:04:59,2026-10-20 16:51:03,2026-10-20 16:54:57,166.07,232
2026-10-20 14:05:00,2026-10-20 16:52:33,2026-10-20 16:52:55,167.55,232
2026-10-20 14:05:14,2026-10-20 16:52:55,2026-10-20 16:54:35,167.69,233
2026-10-20 14:05:14,2026-10-20 16:53:55,2026-10-20 16:54:37,168.67,234
2026-10-20 14:05:27,2026-10-20 16:54:35,2026-10-20 16:55:26,169.13,235
2026-10-20 14:05:58,2026-10-20 16:54:37,2026-10-20 16:54:51,168.64,235
2026-10-20 14:05:59,2026-10-20 16:54:51,2026-10-20 16:56:14,168.85,236
2026-10-20 14:06:57,2026-10-20 16:54:57,2026-10-20 16:58:43,168.0,234
2026-10-20 14:06:59,2026-10-20 16:55:26,2026-10-20 16:56:00,168.43,235
2026-10-20 14:07:30,2026-10-20 16:56:00,2026-10-20 17:02:21,168.51,236
2026-10-20 14:07:58,2026-10-20 16:56:14,2026-10-20 16:56:19,168.26,235
2026-10-20 14:08:11,2026-10-20 16:56:19,2026-10-20 16:57:40,168.13,236
2026-10-20 14:08:22,2026-10-20 16:57:40,2026-10-20 16:58:50,169.3,237
2026-10-20 14:09:53,2026-10-20 16:58:43,2026-10-20 17:05:42,168.84,233
2026-10-20 14:11:19,2026-10-20 16:58:50,2026-10-20 16:59:55,167.51,234
2026-10-20 14:11:48,2026-10-20 16:59:55,2026-10-20 17:01:24,168.12,235
2026-10-20 14:12:34,2026-10-20 17:01:24,2026-10-20 17:02:00,168.84,234
2026-10-20 14:13:31,2026-10-20 17:02:00,2026-10-20 17:04:40,168.48,233
2026-10-20 14:13:47,2026-10-20 17:02:21,2026-10-20 17:05:56,168.58,234
2026-10-20 14:14:11,2026-10-20 17:04:40,2026-10-20 17:06:04,170.48,235
2026-10-20 14:14:35,2026-10-20 17:05:42,2026-10-20 17:05:49,171.12,235
2026-10-20 14:14:51,2026-10-20 17:05:49,2026-10-20 17:06:43,170.96,236
2026-10-20 14:15:23,2026-10-20 17:05:56,2026-10-20 17:08:11,170.54,237
2026-10-20 14:15:30,2026-10-20 17:06:04,2026-10-20 17:06:32,170.57,238
2026-10-20 14:15:43,2026-10-20 17:06:32,2026-10-20 17:07:58,170.83,239
2026-10-20 14:17:11,2026-10-20 17:06:43,2026-10-20 17:08:28,169.54,239
2026-10-20 14:17:18,2026-10-20 17:07:58,2026-10-20 17:09:29,170.67,240
2026-10-20 14:17:47,2026-10-20 17:08:11,2026-10-20 17:09:01,170.4,241
2026-10-20 14:17:53,2026-10-20 17:08:28,2026-10-20 17:13:51,170.57,242
2026-10-20 14:17:57,2026-10-20 17:09:01,2026-10-20 17:12:43,171.06,243
2026-10-20 14:19:15,2026-10-20 17:09:29,2026-10-20 17:11:49,170.23,241
2026-10-20 14:19:33,2026-10-20 17:11:49,2026-10-20 17:13:12,172.27,241
2026-10-20 14:20:02,2026-10-20 17:12:43,2026-10-20 17:13:59,172.67,241
2026-10-20 14:20:25,2026-10-20 17:13:12,2026-10-20 17:13:42,172.77,242
2026-10-20 14:21:43,2026-10-20 17:13:42,2026-10-20 17:17:23,172.0,242
2026-10-20 14:22:00,2026-10-20 17:13:51,2026-10-20 17:15:51,171.84,243
2026-10-20 14:23:11,2026-10-20 17:13:59,2026-10-20 17:14:32,170.79,243
2026-10-20 14:23:26,2026-10-20 17:14:32,2026-10-20 17:17:52,171.1,244
2026-10-20 14:24:40,2026-10-20 17:15:51,2026-10-20 17:18:17,171.19,242
2026-10-20 14:25:00,2026-10-20 17:17:23,2026-10-20 17:18:35,172.38,241
2026-10-20 14:26:28,2026-10-20 17:17:52,2026-10-20 17:18:06,171.4,241
2026-10-20 14:26:49,2026-10-20 17:18:06,2026-10-20 17:20:27,171.29,242
2026-10-20 14:26:50,2026-10-20 17:18:17,2026-10-20 17:20:16,171.45,243
2026-10-20 14:26:53,2026-10-20 17:18:35,2026-10-20 17:19:19,171.7,243
2026-10-20 14:27:22,2026-10-20 17:19:19,2026-10-20 17:20:16,171.96,244
2026-10-20 14:28:04,2026-10-20 17:20:16,2026-10-20 17:22:01,172.21,245
2026-10-20 14:28:53,2026-10-20 17:20:16,2026-10-20 17:21:46,171.4,245
2026-10-20 14:29:00,2026-10-20 17:20:27,2026-10-20 17:20:57,171.45,246
2026-10-20 14:29:13,2026-10-20 17:20:57,2026-10-20 17:23:31,171.73,247
2026-10-20 14:29:28,2026-10-20 17:21:46,2026-10-20 17:22:09,172.3,247
2026-10-20 14:30:15,2026-10-20 17:22:01,2026-10-20 17:22:01,171.78,247
2026-10-20 14:30:21,2026-10-20 17:22:01,2026-10-20 17:22:56,171.67,248
2026-10-20 14:30:27,2026-10-20 17:22:09,2026-10-20 17:25:27,171.69,249
2026-10-20 14:31:31,2026-10-20 17:22:56,2026-10-20 17:25:03,171.42,248
2026-10-20 14:31:48,2026-10-20 17:23:31,2026-10-20 17:24:29,171.72,248
2026-10-20 14:32:11,2026-10-20 17:24:29,2026-10-20 17:25:05,172.3,248
2026-10-20 14:33:07,2026-10-20 17:25:03,2026-10-20 17:27:06,171.93,249
2026-10-20 14:33:10,2026-10-20 17:25:05,2026-10-20 17:31:31,171.91,250
2026-10-20 14:33:45,2026-10-20 17:25:27,2026-10-20 17:25:35,171.69,250
2026-10-20 14:33:54,2026-10-20 17:25:35,2026-10-20 17:30:57,171.67,251
2026-10-20 14:33:55,2026-10-20 17:27:06,2026-10-20 17:29:34,173.19,252
2026-10-20 14:34:04,2026-10-20 17:29:34,2026-10-20 17:29:50,175.49,253
2026-10-20 14:35:01,2026-10-20 17:29:50,2026-10-20 17:31:34,174.81,254
2026-10-20 14:35:52,2026-10-20 17:30:57,2026-10-20 17:32:29,175.08,255
2026-10-20 14:36:12,2026-10-20 17:31:31,2026-10-20 17:32:15,175.31,255
2026-10-20 14:36:55,2026-10-20 17:31:34,2026-10-20 17:32:52,174.65,255
2026-10-20 14:37:29,2026-10-20 17:32:15,2026-10-20 17:34:00,174.76,256
2026-10-20 14:37:55,2026-10-20 17:32:29,2026-10-20 17:34:34,174.57,256
2026-10-20 14:39:00,2026-10-20 17:32:52,2026-10-20 17:33:56,173.87,253
2026-10-20 14:39:46,2026-10-20 17:33:56,2026-10-20 17:34:16,174.17,254
2026-10-20 14:39:57,2026-10-20 17:34:00,2026-10-20 17:34:44,174.06,253
2026-10-20 14:40:22,2026-10-20 17:34:16,2026-10-20 17:39:55,173.9,254
2026-10-20 14:40:47,2026-10-20 17:34:34,2026-10-20 17:44:01,173.78,255
2026-10-20 14:41:23,2026-10-20 17:34:44,2026-10-20 17:36:23,173.35,256
2026-10-20 14:41:28,2026-10-20 17:36:23,2026-10-20 17:36:27,174.9,257
2026-10-20 14:41:49,2026-10-20 17:36:27,2026-10-20 17:36:48,174.64,258
2026-10-20 14:42:15,2026-10-20 17:36:48,2026-10-20 17:38:54,174.55,258
2026-10-20 14:42:30,2026-10-20 17:38:54,2026-10-20 17:41:13,176.41,259
2026-10-20 14:42:57,2026-10-20 17:39:55,2026-10-20 17:40:21,176.98,259
2026-10-20 14:43:20,2026-10-20 17:40:21,2026-10-20 17:43:35,177.03,260
2026-10-20 14:43:22,2026-10-20 17:41:13,2026-10-20 17:45:34,177.85,261
2026-10-20 14:43:49,2026-10-20 17:43:35,2026-10-20 17:44:43,179.77,261
2026-10-20 14:43:55,2026-10-20 17:44:01,2026-10-20 17:47:51,180.11,262
2026-10-20 14:43:59,2026-10-20 17:44:43,2026-10-20 17:45:07,180.72,263
2026-10-20 14:44:36,2026-10-20 17:45:07,2026-10-20 17:45:17,180.51,264
2026-10-20 14:46:05,2026-10-20 17:45:17,2026-10-20 17:49:57,179.2,263
2026-10-20 14:46:14,2026-10-20 17:45:34,2026-10-20 17:45:44,179.34,264
2026-10-20 14:46:22,2026-10-20 17:45:44,2026-10-20 17:47:00,179.36,265
2026-10-20 14:46:51,2026-10-20 17:47:00,2026-10-20 17:48:38,180.15,266
2026-10-20 14:47:41,2026-10-20 17:47:51,2026-10-20 17:48:59,180.17,266
2026-10-20 14:48:02,2026-10-20 17:48:38,2026-10-20 17:49:47,180.59,266
2026-10-20 14:49:24,2026-10-20 17:48:59,2026-10-20 17:50:16,179.57,266
2026-10-20 14:49:46,2026-10-20 17:49:47,2026-10-20 17:56:09,180.03,267
2026-10-20 14:50:23,2026-10-20 17:49:57,2026-10-20 17:50:34,179.57,267
2026-10-20 14:50:32,2026-10-20 17:50:16,2026-10-20 17:51:25,179.72,268
2026-10-20 14:50:34,2026-10-20 17:50:34,2026-10-20 17:55:13,179.99,269
2026-10-20 14:50:37,2026-10-20 17:51:25,2026-10-20 17:53:26,180.8,270
2026-10-20 14:51:34,2026-10-20 17:53:26,2026-10-20 17:58:53,181.87,270
2026-10-20 14:53:13,2026-10-20 17:55:13,2026-10-20 17:55:47,182.0,269
2026-10-20 14:53:27,2026-10-20 17:55:47,2026-10-20 18:01:50,182.33,270
2026-10-20 14:53:36,2026-10-20 17:56:09,2026-10-20 17:58:51,182.55,271
2026-10-20 14:53:54,2026-10-20 17:58:51,2026-10-20 18:07:23,184.95,272
2026-10-20 14:55:46,2026-10-20 17:58:53,2026-10-20 18:00:57,183.13,268
2026-10-20 14:55:55,2026-10-20 18:00:57,2026-10-20 18:01:07,185.02,269
2026-10-20 14:56:07,2026-10-20 18:01:07,2026-10-20 18:03:52,185.0,270
2026-10-20 14:56:17,2026-10-20 18:01:50,2026-10-20 18:03:20,185.54,271
2026-10-20 14:56:22,2026-10-20 18:03:20,2026-10-20 18:05:13,186.97,272
2026-10-20 14:56:36,2026-10-20 18:03:52,2026-10-20 18:04:32,187.27,272
2026-10-20 14:56:52,2026-10-20 18:04:32,2026-10-20 18:05:28,187.66,273
2026-10-20 14:57:01,2026-10-20 18:05:13,2026-10-20 18:06:10,188.19,274
2026-10-20 14:57:30,2026-10-20 18:05:28,2026-10-20 18:07:39,187.95,275
2026-10-20 14:58:04,2026-10-20 18:06:10,2026-10-20 18:08:56,188.09,275
2026-10-20 14:58:12,2026-10-20 18:07:23,2026-10-20 18:11:29,189.17,276
2026-10-20 14:59:06,2026-10-20 18:07:39,2026-10-20 18:14:14,188.57,276
2026-10-20 15:00:04,2026-10-20 18:08:56,2026-10-20 18:10:14,188.87,276
2026-10-20 15:00:17,2026-10-20 18:10:14,2026-10-20 18:10:23,189.94,277
2026-10-20 15:00:51,2026-10-20 18:10:23,2026-10-20 18:11:55,189.53,278
2026-10-20 15:00:56,2026-10-20 18:11:29,2026-10-20 18:16:26,190.56,279
2026-10-20 15:00:56,2026-10-20 18:11:55,2026-10-20 18:13:21,190.99,280
2026-10-20 15:01:52,2026-10-20 18:13:21,2026-10-20 18:16:10,191.48,279
2026-10-20 15:02:07,2026-10-20 18:14:14,2026-10-20 18:15:32,192.1,279
2026-10-20 15:03:21,2026-10-20 18:15:32,2026-10-20 18:15:41,192.18,278
2026-10-20 15:04:23,2026-10-20 18:15:41,2026-10-20 18:17:49,191.29,277
2026-10-20 15:05:09,2026-10-20 18:16:10,2026-10-20 18:16:13,191.01,277
2026-10-20 15:06:21,2026-10-20 18:16:13,2026-10-20 18:17:20,189.88,277
2026-10-20 15:06:51,2026-10-20 18:16:26,2026-10-20 18:17:01,189.59,278
2026-10-20 15:06:51,2026-10-20 18:17:01,2026-10-20 18:17:35,190.17,279
2026-10-20 15:07:16,2026-10-20 18:17:20,2026-10-20 18:18:36,190.06,280
2026-10-20 15:08:01,2026-10-20 18:17:35,2026-10-20 18:18:15,189.57,279
2026-10-20 15:08:04,2026-10-20 18:17:49,2026-10-20 18:19:06,189.75,280
2026-10-20 15:08:54,2026-10-20 18:18:15,2026-10-20 18:19:36,189.35,280
2026-10-20 15:09:32,2026-10-20 18:18:36,2026-10-20 18:20:02,189.06,280
2026-10-20 15:10:01,2026-10-20 18:19:06,2026-10-20 18:23:29,189.08,281
2026-10-20 15:10:05,2026-10-20 18:19:36,2026-10-20 18:20:47,189.53,282
2026-10-20 15:10:17,2026-10-20 18:20:02,2026-10-20 18:23:54,189.75,283
2026-10-20 15:10:31,2026-10-20 18:20:47,2026-10-20 18:24:21,190.27,284
2026-10-20 15:11:04,2026-10-20 18:23:29,2026-10-20 18:27:37,192.42,284
2026-10-20 15:11:20,2026-10-20 18:23:54,2026-10-20 18:24:04,192.56,285
2026-10-20 15:11:22,2026-10-20 18:24:04,2026-10-20 18:25:26,192.71,285
2026-10-20 15:11:47,2026-10-20 18:24:21,2026-10-20 18:24:27,192.58,283
2026-10-20 15:13:06,2026-10-20 18:24:27,2026-10-20 18:25:22,191.34,284
2026-10-20 15:13:27,2026-10-20 18:25:22,2026-10-20 18:25:41,191.91,285
2026-10-20 15:13:32,2026-10-20 18:25:26,2026-10-20 18:27:51,191.91,286
2026-10-20 15:13:46,2026-10-20 18:25:41,2026-10-20 18:31:20,191.92,286
2026-10-20 15:14:11,2026-10-20 18:27:37,2026-10-20 18:28:46,193.44,287
2026-10-20 15:14:23,2026-10-20 18:27:51,2026-10-20 18:28:57,193.47,288
2026-10-20 15:15:17,2026-10-20 18:28:46,2026-10-20 18:30:32,193.48,288
2026-10-20 15:16:55,2026-10-20 18:28:57,2026-10-20 18:32:18,192.04,288
2026-10-20 15:16:58,2026-10-20 18:30:32,2026-10-20 18:31:37,193.58,289
2026-10-20 15:17:08,2026-10-20 18:31:20,2026-10-20 18:39:23,194.2,289
2026-10-20 15:17:25,2026-10-20 18:31:37,2026-10-20 18:36:16,194.21,289
2026-10-20 15:18:46,2026-10-20 18:32:18,2026-10-20 18:36:22,193.54,289
2026-10-20 15:19:10,2026-10-20 18:36:16,2026-10-20 18:39:09,197.1,289
2026-10-20 15:19:57,2026-10-20 18:36:22,2026-10-20 18:41:56,196.42,284
2026-10-20 15:19:58,2026-10-20 18:39:09,2026-10-20 18:40:06,199.18,285
2026-10-20 15:20:36,2026-10-20 18:39:23,2026-10-20 18:41:34,198.78,285
2026-10-20 15:23:02,2026-10-20 18:40:06,2026-10-20 18:40:10,197.07,282
2026-10-20 15:23:09,2026-10-20 18:40:10,2026-10-20 18:43:02,197.03,283
2026-10-20 15:23:29,2026-10-20 18:41:34,2026-10-20 18:42:39,198.08,284
2026-10-20 15:24:29,2026-10-20 18:41:56,2026-10-20 18:46:02,197.45,283
2026-10-20 15:25:32,2026-10-20 18:42:39,2026-10-20 18:49:23,197.11,284
2026-10-20 15:26:16,2026-10-20 18:43:02,2026-10-20 18:44:30,196.77,284
2026-10-20 15:26:49,2026-10-20 18:44:30,2026-10-20 18:45:30,197.68,285
2026-10-20 15:27:05,2026-10-20 18:45:30,2026-10-20 18:45:58,198.42,286
2026-10-20 15:27:25,2026-10-20 18:45:58,2026-10-20 18:46:49,198.54,286
2026-10-20 15:27:46,2026-10-20 18:46:02,2026-10-20 18:48:32,198.27,287
2026-10-20 15:28:29,2026-10-20 18:46:49,2026-10-20 18:47:39,198.33,288
2026-10-20 15:28:56,2026-10-20 18:47:39,2026-10-20 18:48:09,198.71,286
2026-10-20 15:29:04,2026-10-20 18:48:09,2026-10-20 18:48:55,199.08,286
2026-10-20 15:29:37,2026-10-20 18:48:32,2026-10-20 18:48:34,198.92,286
2026-10-20 15:29:53,2026-10-20 18:48:34,2026-10-20 18:56:09,198.69,287
2026-10-20 15:30:16,2026-10-20 18:48:55,2026-10-20 18:50:22,198.66,287
2026-10-20 15:30:31,2026-10-20 18:49:23,2026-10-20 18:55:55,198.88,288
2026-10-20 15:30:51,2026-10-20 18:50:22,2026-10-20 18:50:29,199.52,289
2026-10-20 15:31:12,2026-10-20 18:50:29,2026-10-20 18:55:15,199.29,290
2026-10-20 15:31:22,2026-10-20 18:55:15,2026-10-20 18:55:33,203.88,291
2026-10-20 15:31:49,2026-10-20 18:55:33,2026-10-20 18:55:58,203.73,292
2026-10-20 15:32:01,2026-10-20 18:55:55,2026-10-20 18:59:30,203.89,293
2026-10-20 15:32:04,2026-10-20 18:55:58,2026-10-20 18:57:16,203.91,294
2026-10-20 15:33:05,2026-10-20 18:56:09,2026-10-20 18:56:46,203.06,295
2026-10-20 15:33:44,2026-10-20 18:56:46,2026-10-20 18:57:30,203.02,296
2026-10-20 15:36:07,2026-10-20 18:57:16,2026-10-20 18:57:23,201.16,293
2026-10-20 15:36:20,2026-10-20 18:57:23,2026-10-20 18:57:42,201.05,293
2026-10-20 15:36:21,2026-10-20 18:57:30,2026-10-20 19:04:07,201.14,294
2026-10-20 15:37:16,2026-10-20 18:57:42,2026-10-20 19:01:31,200.43,295
2026-10-20 15:37:32,2026-10-20 18:59:30,2026-10-20 19:01:59,201.97,295
2026-10-20 15:38:46,2026-10-20 19:01:31,2026-10-20 19:06:31,202.75,296
2026-10-20 15:39:00,2026-10-20 19:01:59,2026-10-20 19:02:17,202.97,297
2026-10-20 15:39:12,2026-10-20 19:02:17,2026-10-20 19:02:44,203.09,298
2026-10-20 15:39:19,2026-10-20 19:02:44,2026-10-20 19:03:30,203.41,298
2026-10-20 15:40:50,2026-10-20 19:03:30,2026-10-20 19:07:17,202.66,298
2026-10-20 15:42:12,2026-10-20 19:04:07,2026-10-20 19:05:15,201.91,299
2026-10-20 15:43:26,2026-10-20 19:05:15,2026-10-20 19:09:08,201.81,300
2026-10-20 15:44:29,2026-10-20 19:06:31,2026-10-20 19:08:56,202.04,301
2026-10-20 15:44:57,2026-10-20 19:07:17,2026-10-20 19:08:14,202.33,301
2026-10-20 15:44:59,2026-10-20 19:08:14,2026-10-20 19:10:34,203.24,302
2026-10-20 15:45:29,2026-10-20 19:08:56,2026-10-20 19:09:34,203.45,301
2026-10-20 15:45:35,2026-10-20 19:09:08,2026-10-20 19:14:11,203.55,302
2026-10-20 15:46:05,2026-10-20 19:09:34,2026-10-20 19:12:17,203.49,303
2026-10-20 15:46:33,2026-10-20 19:10:34,2026-10-20 19:10:38,204.02,304
2026-10-20 15:47:10,2026-10-20 19:10:38,2026-10-20 19:11:29,203.47,304
2026-10-20 15:47:23,2026-10-20 19:11:29,2026-10-20 19:16:02,204.09,304
2026-10-20 15:47:48,2026-10-20 19:12:17,2026-10-20 19:13:55,204.48,305
2026-10-20 15:47:52,2026-10-20 19:13:55,2026-10-20 19:14:57,206.05,305
2026-10-20 15:48:08,2026-10-20 19:14:11,2026-10-20 19:17:31,206.05,304
2026-10-20 15:48:44,2026-10-20 19:14:57,2026-10-20 19:15:43,206.21,305
2026-10-20 15:48:51,2026-10-20 19:15:43,2026-10-20 19:20:17,206.87,305
2026-10-20 15:49:10,2026-10-20 19:16:02,2026-10-20 19:17:44,206.88,306
2026-10-20 15:49:27,2026-10-20 19:17:31,2026-10-20 19:18:46,208.08,306
2026-10-20 15:50:43,2026-10-20 19:17:44,2026-10-20 19:17:58,207.01,305
2026-10-20 15:51:16,2026-10-20 19:17:58,2026-10-20 19:18:39,206.7,305
2026-10-20 15:51:55,2026-10-20 19:18:39,2026-10-20 19:21:52,206.73,305
2026-10-20 15:51:57,2026-10-20 19:18:46,2026-10-20 19:20:08,206.82,306
2026-10-20 15:52:27,2026-10-20 19:20:08,2026-10-20 19:21:02,207.68,306
2026-10-20 15:54:21,2026-10-20 19:20:17,2026-10-20 19:23:17,205.92,306
2026-10-20 15:54:29,2026-10-20 19:21:02,2026-10-20 19:21:44,206.54,307
2026-10-20 15:54:33,2026-10-20 19:21:44,2026-10-20 19:24:37,207.17,308
2026-10-20 15:54:37,2026-10-20 19:21:52,2026-10-20 19:25:03,207.24,309
2026-10-20 15:54:59,2026-10-20 19:23:17,2026-10-20 19:24:26,208.3,309
2026-10-20 15:55:11,2026-10-20 19:24:26,2026-10-20 19:29:57,209.25,310
2026-10-20 15:56:03,2026-10-20 19:24:37,2026-10-20 19:24:54,208.56,308
2026-10-20 15:56:42,2026-10-20 19:24:54,2026-10-20 19:25:55,208.19,307
2026-10-20 15:56:48,2026-10-20 19:25:03,2026-10-20 19:25:57,208.26,308
2026-10-20 15:57:38,2026-10-20 19:25:55,2026-10-20 19:27:42,208.29,308
2026-10-20 15:58:29,2026-10-20 19:25:57,2026-10-20 19:26:38,207.47,309
2026-10-20 15:59:12,2026-10-20 19:26:38,2026-10-20 19:29:49,207.43,309
2026-10-20 15:59:22,2026-10-20 19:27:42,2026-10-20 19:29:28,208.33,310
2026-10-20 15:59:27,2026-10-20 19:29:28,2026-10-20 19:30:40,210.01,311
2026-10-20 15:59:50,2026-10-20 19:29:49,2026-10-20 19:29:59,209.98,310
2026-10-20 15:59:56,2026-10-20 19:29:57,2026-10-20 19:30:58,210.0,311
2026-10-20 16:00:09,2026-10-20 19:29:59,2026-10-20 19:30:08,209.83,312
2026-10-20 16:00:22,2026-10-20 19:30:08,2026-10-20 19:31:40,209.77,313
2026-10-20 16:00:30,2026-10-20 19:30:40,2026-10-20 19:31:01,210.16,314
2026-10-20 16:01:14,2026-10-20 19:30:58,2026-10-20 19:33:23,209.74,315
2026-10-20 16:02:10,2026-10-20 19:31:01,2026-10-20 19:35:09,208.85,316
2026-10-20 16:02:52,2026-10-20 19:31:40,2026-10-20 19:35:01,208.8,313
2026-10-20 16:03:32,2026-10-20 19:33:23,2026-10-20 19:35:03,209.84,314
2026-10-20 16:05:15,2026-10-20 19:35:01,2026-10-20 19:35:25,209.77,313
2026-10-20 16:05:35,2026-10-20 19:35:03,2026-10-20 19:36:09,209.46,313
2026-10-20 16:06:31,2026-10-20 19:35:09,2026-10-20 19:35:11,208.64,313
2026-10-20 16:06:51,2026-10-20 19:35:11,2026-10-20 19:35:25,208.33,313
2026-10-20 16:06:52,2026-10-20 19:35:25,2026-10-20 19:39:35,208.54,314
2026-10-20 16:07:35,2026-10-20 19:35:25,2026-10-20 19:37:57,207.84,314
2026-10-20 16:07:47,2026-10-20 19:36:09,2026-10-20 19:36:59,208.36,314
2026-10-20 16:08:19,2026-10-20 19:36:59,2026-10-20 19:49:33,208.67,315
2026-10-20 16:08:28,2026-10-20 19:37:57,2026-10-20 19:38:42,209.48,315
2026-10-20 16:09:33,2026-10-20 19:38:42,2026-10-20 19:39:56,209.16,314
2026-10-20 16:09:47,2026-10-20 19:39:35,2026-10-20 19:42:25,209.8,315
2026-10-20 16:10:06,2026-10-20 19:39:56,2026-10-20 19:43:36,209.84,316
2026-10-20 16:10:08,2026-10-20 19:42:25,2026-10-20 19:44:21,212.27,317
2026-10-20 16:10:10,2026-10-20 19:43:36,2026-10-20 19:43:44,213.43,318
2026-10-20 16:10:17,2026-10-20 19:43:44,2026-10-20 19:44:59,213.45,319
2026-10-20 16:10:17,2026-10-20 19:44:21,2026-10-20 19:46:16,214.06,320
2026-10-20 16:11:03,2026-10-20 19:44:59,2026-10-20 19:45:16,213.94,321
2026-10-20 16:11:04,2026-10-20 19:45:16,2026-10-20 19:46:27,214.2,322
2026-10-20 16:11:46,2026-10-20 19:46:16,2026-10-20 19:48:14,214.51,323
2026-10-20 16:12:03,2026-10-20 19:46:27,2026-10-20 19:46:32,214.41,324
2026-10-20 16:12:35,2026-10-20 19:46:32,2026-10-20 19:48:25,213.94,324
2026-10-20 16:12:42,2026-10-20 19:48:14,2026-10-20 19:51:38,215.54,325
2026-10-20 16:13:08,2026-10-20 19:48:25,2026-10-20 19:48:51,215.28,324
2026-10-20 16:13:11,2026-10-20 19:48:51,2026-10-20 19:53:46,215.67,325
2026-10-20 16:13:25,2026-10-20 19:49:33,2026-10-20 19:51:00,216.12,326
2026-10-20 16:14:07,2026-10-20 19:51:00,2026-10-20 19:51:16,216.89,326
2026-10-20 16:14:40,2026-10-20 19:51:16,2026-10-20 19:51:59,216.59,327
2026-10-20 16:14:55,2026-10-20 19:51:38,2026-10-20 19:52:03,216.71,328
2026-10-20 16:15:15,2026-10-20 19:51:59,2026-10-20 19:52:23,216.73,327
2026-10-20 16:16:10,2026-10-20 19:52:03,2026-10-20 19:53:42,215.89,326
2026-10-20 16:16:15,2026-10-20 19:52:23,2026-10-20 19:53:09,216.13,326
2026-10-20 16:16:21,2026-10-20 19:53:09,2026-10-20 19:55:24,216.8,327
2026-10-20 16:16:42,2026-10-20 19:53:42,2026-10-20 19:53:49,217.01,325
2026-10-20 16:16:55,2026-10-20 19:53:46,2026-10-20 19:55:26,216.85,326
2026-10-20 16:17:05,2026-10-20 19:53:49,2026-10-20 20:04:54,216.75,326
2026-10-20 16:18:18,2026-10-20 19:55:24,2026-10-20 19:56:38,217.09,326
2026-10-20 16:19:29,2026-10-20 19:55:26,2026-10-20 19:57:32,215.95,326
2026-10-20 16:19:47,2026-10-20 19:56:38,2026-10-20 19:56:49,216.85,326
2026-10-20 16:19:48,2026-10-20 19:56:49,2026-10-20 19:57:05,217.02,327
2026-10-20 16:20:19,2026-10-20 19:57:05,2026-10-20 19:57:53,216.77,327
2026-10-20 16:20:32,2026-10-20 19:57:32,2026-10-20 20:00:27,217.0,328
2026-10-20 16:22:14,2026-10-20 19:57:53,2026-10-20 20:00:33,215.66,327
2026-10-20 16:22:35,2026-10-20 20:00:27,2026-10-20 20:02:46,217.86,328
2026-10-20 16:22:49,2026-10-20 20:00:33,2026-10-20 20:00:37,217.73,329
2026-10-20 16:23:38,2026-10-20 20:00:37,2026-10-20 20:01:49,216.98,329
2026-10-20 16:24:35,2026-10-20 20:01:49,2026-10-20 20:07:37,217.23,328
2026-10-20 16:24:50,2026-10-20 20:02:46,2026-10-20 20:03:35,217.93,328
2026-10-20 16:24:52,2026-10-20 20:03:35,2026-10-20 20:04:36,218.72,329
2026-10-20 16:25:18,2026-10-20 20:04:36,2026-10-20 20:04:41,219.3,330
2026-10-20 16:25:52,2026-10-20 20:04:41,2026-10-20 20:05:14,218.81,329
2026-10-20 16:26:12,2026-10-20 20:04:54,2026-10-20 20:06:27,218.7,330
2026-10-20 16:26:17,2026-10-20 20:05:14,2026-10-20 20:05:52,218.96,330
2026-10-20 16:26:57,2026-10-20 20:05:52,2026-10-20 20:05:54,218.92,331
2026-10-20 16:27:09,2026-10-20 20:05:54,2026-10-20 20:08:28,218.75,332
2026-10-20 16:28:15,2026-10-20 20:06:27,2026-10-20 20:07:10,218.19,331
2026-10-20 16:28:19,2026-10-20 20:07:10,2026-10-20 20:11:52,218.85,332
2026-10-20 16:29:38,2026-10-20 20:07:37,2026-10-20 20:09:55,217.98,329
2026-10-20 16:30:13,2026-10-20 20:08:28,2026-10-20 20:08:43,218.26,330
2026-10-20 16:30:35,2026-10-20 20:08:43,2026-10-20 20:09:51,218.14,331
2026-10-20 16:30:51,2026-10-20 20:09:51,2026-10-20 20:22:17,219.0,332
2026-10-20 16:31:11,2026-10-20 20:09:55,2026-10-20 20:12:02,218.74,332
2026-10-20 16:31:30,2026-10-20 20:11:52,2026-10-20 20:12:41,220.37,332
2026-10-20 16:31:49,2026-10-20 20:12:02,2026-10-20 20:12:46,220.22,332
2026-10-20 16:32:10,2026-10-20 20:12:41,2026-10-20 20:13:55,220.51,333
2026-10-20 16:34:27,2026-10-20 20:12:46,2026-10-20 20:14:47,218.33,328
2026-10-20 16:34:53,2026-10-20 20:13:55,2026-10-20 20:14:16,219.04,328
2026-10-20 16:35:05,2026-10-20 20:14:16,2026-10-20 20:14:26,219.18,328
2026-10-20 16:35:37,2026-10-20 20:14:26,2026-10-20 20:15:28,218.81,329
2026-10-20 16:35:37,2026-10-20 20:14:47,2026-10-20 20:22:54,219.16,330
2026-10-20 16:35:50,2026-10-20 20:15:28,2026-10-20 20:16:37,219.64,331
2026-10-20 16:36:21,2026-10-20 20:16:37,2026-10-20 20:17:38,220.27,332
2026-10-20 16:36:34,2026-10-20 20:17:38,2026-10-20 20:19:54,221.07,333
2026-10-20 16:37:19,2026-10-20 20:19:54,2026-10-20 20:22:26,222.59,332
2026-10-20 16:38:06,2026-10-20 20:22:17,2026-10-20 20:24:22,224.18,333
2026-10-20 16:38:21,2026-10-20 20:22:26,2026-10-20 20:23:53,224.08,334
2026-10-20 16:38:26,2026-10-20 20:22:54,2026-10-20 20:28:07,224.46,335
2026-10-20 16:38:35,2026-10-20 20:23:53,2026-10-20 20:26:10,225.3,336
2026-10-20 16:38:42,2026-10-20 20:24:22,2026-10-20 20:26:19,225.68,337
2026-10-20 16:39:01,2026-10-20 20:26:10,2026-10-20 20:29:07,227.15,338
2026-10-20 16:40:59,2026-10-20 20:26:19,2026-10-20 20:27:48,225.34,338
2026-10-20 16:43:32,2026-10-20 20:27:48,2026-10-20 20:29:07,224.26,330
2026-10-20 16:45:09,2026-10-20 20:28:07,2026-10-20 20:28:25,222.96,329
2026-10-20 16:45:32,2026-10-20 20:28:25,2026-10-20 20:29:05,222.89,329
2026-10-20 16:45:34,2026-10-20 20:29:05,2026-10-20 20:29:52,223.52,330
2026-10-20 16:45:35,2026-10-20 20:29:07,2026-10-20 20:30:40,223.53,331
2026-10-20 16:46:02,2026-10-20 20:29:07,2026-10-20 20:33:48,223.1,330
2026-10-20 16:46:57,2026-10-20 20:29:52,2026-10-20 20:34:25,222.93,330
2026-10-20 16:47:11,2026-10-20 20:30:40,2026-10-20 20:31:08,223.48,331
2026-10-20 16:48:04,2026-10-20 20:31:08,2026-10-20 20:33:02,223.07,331
2026-10-20 16:49:13,2026-10-20 20:33:02,2026-10-20 20:33:12,223.82,328
2026-10-20 16:49:24,2026-10-20 20:33:12,2026-10-20 20:35:36,223.79,328
2026-10-20 16:49:31,2026-10-20 20:33:48,2026-10-20 20:34:10,224.29,329
2026-10-20 16:49:42,2026-10-20 20:34:10,2026-10-20 20:36:39,224.47,330
2026-10-20 16:50:46,2026-10-20 20:34:25,2026-10-20 20:37:21,223.65,330
2026-10-20 16:51:06,2026-10-20 20:35:36,2026-10-20 20:35:52,224.49,330
2026-10-20 16:51:53,2026-10-20 20:35:52,2026-10-20 20:37:38,223.99,331
2026-10-20 16:52:22,2026-10-20 20:36:39,2026-10-20 20:37:16,224.28,332
2026-10-20 16:52:34,2026-10-20 20:37:16,2026-10-20 20:40:50,224.7,332
2026-10-20 16:53:29,2026-10-20 20:37:21,2026-10-20 20:39:23,223.87,332
2026-10-20 16:53:30,2026-10-20 20:37:38,2026-10-20 20:39:58,224.13,333
2026-10-20 16:53:35,2026-10-20 20:39:23,2026-10-20 20:42:29,225.8,334
2026-10-20 16:53:52,2026-10-20 20:39:58,2026-10-20 20:46:09,226.1,335
2026-10-20 16:53:54,2026-10-20 20:40:50,2026-10-20 20:42:49,226.94,336
2026-10-20 16:54:33,2026-10-20 20:42:29,2026-10-20 20:46:12,227.94,336
2026-10-20 16:54:41,2026-10-20 20:42:49,2026-10-20 20:43:49,228.14,335
2026-10-20 16:55:25,2026-10-20 20:43:49,2026-10-20 20:43:51,228.4,334
2026-10-20 16:55:40,2026-10-20 20:43:51,2026-10-20 20:44:07,228.18,334
2026-10-20 16:56:01,2026-10-20 20:44:07,2026-10-20 20:47:22,228.11,334
2026-10-20 16:56:23,2026-10-20 20:46:09,2026-10-20 20:50:06,229.76,333
2026-10-20 16:57:08,2026-10-20 20:46:12,2026-10-20 20:47:47,229.07,334
2026-10-20 16:57:19,2026-10-20 20:47:22,2026-10-20 20:48:24,230.05,335
2026-10-20 16:57:25,2026-10-20 20:47:47,2026-10-20 20:51:20,230.36,336
2026-10-20 16:57:29,2026-10-20 20:48:24,2026-10-20 20:51:43,230.93,337
2026-10-20 16:57:51,2026-10-20 20:50:06,2026-10-20 20:50:26,232.25,337
2026-10-20 16:58:03,2026-10-20 20:50:26,2026-10-20 20:53:06,232.38,338
2026-10-20 16:58:03,2026-10-20 20:51:20,2026-10-20 20:55:32,233.27,339
2026-10-20 16:58:11,2026-10-20 20:51:43,2026-10-20 20:57:54,233.53,340
2026-10-20 16:59:21,2026-10-20 20:53:06,2026-10-20 21:00:32,233.75,339
2026-10-20 16:59:23,2026-10-20 20:55:32,2026-10-20 20:59:05,236.15,340
2026-10-21 09:00:45,2026-10-21 09:00:45,2026-10-21 09:01:51,0.0,0
2026-10-21 09:00:54,2026-10-21 09:00:54,2026-10-21 09:01:18,0.0,0
2026-10-21 09:01:01,2026-10-21 09:01:01,2026-10-21 09:02:20,0.0,0
2026-10-21 09:01:15,2026-10-21 09:01:18,2026-10-21 09:05:18,0.06,0
2026-10-21 09:01:30,2026-10-21 09:01:51,2026-10-21 09:02:58,0.35,0
2026-10-21 09:01:44,2026-10-21 09:02:20,2026-10-21 09:03:06,0.6,1
2026-10-21 09:02:48,2026-10-21 09:02:58,2026-10-21 09:04:43,0.17,0
2026-10-21 09:02:51,2026-10-21 09:03:06,2026-10-21 09:04:57,0.26,1
2026-10-21 09:03:29,2026-10-21 09:04:43,2026-10-21 09:07:24,1.24,0
2026-10-21 09:03:32,2026-10-21 09:04:57,2026-10-21 09:11:13,1.42,1
2026-10-21 09:03:50,2026-10-21 09:05:18,2026-10-21 09:05:35,1.48,2
2026-10-21 09:04:21,2026-10-21 09:05:35,2026-10-21 09:08:58,1.23,3
2026-10-21 09:05:22,2026-10-21 09:07:24,2026-10-21 09:08:30,2.04,1
2026-10-21 09:05:28,2026-10-21 09:08:30,2026-10-21 09:12:05,3.04,2
2026-10-21 09:05:53,2026-10-21 09:08:58,2026-10-21 09:09:31,3.09,2
2026-10-21 09:06:38,2026-10-21 09:09:31,2026-10-21 09:10:30,2.87,3
2026-10-21 09:07:04,2026-10-21 09:10:30,2026-10-21 09:11:37,3.43,4
2026-10-21 09:07:24,2026-10-21 09:11:13,2026-10-21 09:14:47,3.83,5
2026-10-21 09:07:27,2026-10-21 09:11:37,2026-10-21 09:11:43,4.17,5
2026-10-21 09:07:31,2026-10-21 09:11:43,2026-10-21 09:15:03,4.2,6
2026-10-21 09:07:52,2026-10-21 09:12:05,2026-10-21 09:14:21,4.22,7
2026-10-21 09:08:14,2026-10-21 09:14:21,2026-10-21 09:15:30,6.12,8
2026-10-21 09:08:39,2026-10-21 09:14:47,2026-10-21 09:22:38,6.13,8
2026-10-21 09:08:47,2026-10-21 09:15:03,2026-10-21 09:17:17,6.27,9
2026-10-21 09:09:04,2026-10-21 09:15:30,2026-10-21 09:16:13,6.44,9
2026-10-21 09:09:14,2026-10-21 09:16:13,2026-10-21 09:22:43,6.98,10
2026-10-21 09:10:10,2026-10-21 09:17:17,2026-10-21 09:21:59,7.13,10
2026-10-21 09:10:11,2026-10-21 09:21:59,2026-10-21 09:22:15,11.79,11
2026-10-21 09:10:36,2026-10-21 09:22:15,2026-10-21 09:24:16,11.65,11
2026-10-21 09:10:42,2026-10-21 09:22:38,2026-10-21 09:23:35,11.93,12
2026-10-21 09:10:43,2026-10-21 09:22:43,2026-10-21 09:24:27,12.01,13
2026-10-21 09:11:30,2026-10-21 09:23:35,2026-10-21 09:31:01,12.09,13
2026-10-21 09:11:45,2026-10-21 09:24:16,2026-10-21 09:25:27,12.51,12
2026-10-21 09:13:53,2026-10-21 09:24:27,2026-10-21 09:24:28,10.56,12
2026-10-21 09:14:12,2026-10-21 09:24:28,2026-10-21 09:28:49,10.26,13
2026-10-21 09:14:13,2026-10-21 09:25:27,2026-10-21 09:29:33,11.23,14
2026-10-21 09:14:49,2026-10-21 09:28:49,2026-10-21 09:29:07,13.99,13
2026-10-21 09:15:43,2026-10-21 09:29:07,2026-10-21 09:29:38,13.41,12
2026-10-21 09:16:03,2026-10-21 09:29:33,2026-10-21 09:29:55,13.5,13
2026-10-21 09:16:21,2026-10-21 09:29:38,2026-10-21 09:34:20,13.29,13
2026-10-21 09:16:54,2026-10-21 09:29:55,2026-10-21 09:30:28,13.01,14
2026-10-21 09:17:08,2026-10-21 09:30:28,2026-10-21 09:32:24,13.33,15
2026-10-21 09:17:21,2026-10-21 09:31:01,2026-10-21 09:33:27,13.66,15
2026-10-21 09:17:39,2026-10-21 09:32:24,2026-10-21 09:37:04,14.76,16
2026-10-21 09:17:50,2026-10-21 09:33:27,2026-10-21 09:41:39,15.62,17
2026-10-21 09:18:38,2026-10-21 09:34:20,2026-10-21 09:35:04,15.71,18
2026-10-21 09:19:10,2026-10-21 09:35:04,2026-10-21 09:41:20,15.9,19
2026-10-21 09:21:27,2026-10-21 09:37:04,2026-10-21 09:37:11,15.61,20
2026-10-21 09:21:58,2026-10-21 09:37:11,2026-10-21 09:37:14,15.23,21
2026-10-21 09:22:43,2026-10-21 09:37:14,2026-10-21 09:39:19,14.51,19
2026-10-21 09:23:13,2026-10-21 09:39:19,2026-10-21 09:40:10,16.1,19
2026-10-21 09:23:16,2026-10-21 09:40:10,2026-10-21 09:41:01,16.9,20
2026-10-21 09:23:17,2026-10-21 09:41:01,2026-10-21 09:44:18,17.72,21
2026-10-21 09:23:38,2026-10-21 09:41:20,2026-10-21 09:41:43,17.71,21
2026-10-21 09:24:39,2026-10-21 09:41:39,2026-10-21 09:42:00,17.0,19
2026-10-21 09:25:37,2026-10-21 09:41:43,2026-10-21 09:43:18,16.11,19
2026-10-21 09:25:42,2026-10-21 09:42:00,2026-10-21 09:42:09,16.31,20
2026-10-21 09:26:01,2026-10-21 09:42:09,2026-10-21 09:47:32,16.13,21
2026-10-21 09:26:03,2026-10-21 09:43:18,2026-10-21 09:43:41,17.25,22
2026-10-21 09:26:16,2026-10-21 09:43:41,2026-10-21 09:47:34,17.43,23
2026-10-21 09:27:13,2026-10-21 09:44:18,2026-10-21 09:45:19,17.08,24
2026-10-21 09:27:31,2026-10-21 09:45:19,2026-10-21 09:48:03,17.8,25
2026-10-21 09:27:58,2026-10-21 09:47:32,2026-10-21 09:49:26,19.57,26
2026-10-21 09:28:05,2026-10-21 09:47:34,2026-10-21 09:49:26,19.49,27
2026-10-21 09:29:44,2026-10-21 09:48:03,2026-10-21 09:49:27,18.33,24
2026-10-21 09:29:45,2026-10-21 09:49:26,2026-10-21 09:49:49,19.69,25
2026-10-21 09:31:08,2026-10-21 09:49:26,2026-10-21 09:50:23,18.3,23
2026-10-21 09:31:43,2026-10-21 09:49:27,2026-10-21 09:53:59,17.73,24
2026-10-21 09:34:11,2026-10-21 09:49:49,2026-10-21 09:52:54,15.64,23
2026-10-21 09:34:30,2026-10-21 09:50:23,2026-10-21 09:51:56,15.87,23
2026-10-21 09:34:48,2026-10-21 09:51:56,2026-10-21 09:52:32,17.14,24
2026-10-21 09:34:54,2026-10-21 09:52:32,2026-10-21 09:52:51,17.63,25
2026-10-21 09:34:59,2026-10-21 09:52:51,2026-10-21 09:55:16,17.85,26
2026-10-21 09:35:03,2026-10-21 09:52:54,2026-10-21 09:53:33,17.85,27
2026-10-21 09:36:04,2026-10-21 09:53:33,2026-10-21 09:55:42,17.47,27
2026-10-21 09:36:35,2026-10-21 09:53:59,2026-10-21 09:57:53,17.41,28
2026-10-21 09:39:06,2026-10-21 09:55:16,2026-10-21 09:55:18,16.16,26
2026-10-21 09:39:07,2026-10-21 09:55:18,2026-10-21 10:01:07,16.18,27
2026-10-21 09:39:24,2026-10-21 09:55:42,2026-10-21 09:56:19,16.29,27
2026-10-21 09:40:01,2026-10-21 09:56:19,2026-10-21 09:59:47,16.3,28
2026-10-21 09:40:08,2026-10-21 09:57:53,2026-10-21 09:57:55,17.74,29
2026-10-21 09:40:34,2026-10-21 09:57:55,2026-10-21 09:58:47,17.34,29
2026-10-21 09:40:57,2026-10-21 09:58:47,2026-10-21 09:59:15,17.83,30
2026-10-21 09:41:13,2026-10-21 09:59:15,2026-10-21 09:59:27,18.04,30
2026-10-21 09:41:19,2026-10-21 09:59:27,2026-10-21 10:01:28,18.14,31
2026-10-21 09:41:42,2026-10-21 09:59:47,2026-10-21 10:02:37,18.09,30
2026-10-21 09:41:42,2026-10-21 10:01:07,2026-10-21 10:01:52,19.4,31
2026-10-21 09:41:45,2026-10-21 10:01:28,2026-10-21 10:04:43,19.71,31
2026-10-21 09:43:27,2026-10-21 10:01:52,2026-10-21 10:02:38,18.41,29
2026-10-21 09:44:30,2026-10-21 10:02:37,2026-10-21 10:06:10,18.11,28
2026-10-21 09:44:33,2026-10-21 10:02:38,2026-10-21 10:03:13,18.08,29
2026-10-21 09:44:43,2026-10-21 10:03:13,2026-10-21 10:03:54,18.51,30
2026-10-21 09:45:11,2026-10-21 10:03:54,2026-10-21 10:08:35,18.72,31
2026-10-21 09:45:19,2026-10-21 10:04:43,2026-10-21 10:10:38,19.4,32
2026-10-21 09:45:45,2026-10-21 10:06:10,2026-10-21 10:07:03,20.42,32
2026-10-21 09:45:56,2026-10-21 10:07:03,2026-10-21 10:11:58,21.11,33
2026-10-21 09:46:06,2026-10-21 10:08:35,2026-10-21 10:08:45,22.48,34
2026-10-21 09:46:29,2026-10-21 10:08:45,2026-10-21 10:14:51,22.28,35
2026-10-21 09:46:29,2026-10-21 10:10:38,2026-10-21 10:11:19,24.14,36
2026-10-21 09:46:56,2026-10-21 10:11:19,2026-10-21 10:15:56,24.38,37
2026-10-21 09:47:07,2026-10-21 10:11:58,2026-10-21 10:12:49,24.85,38
2026-10-21 09:47:21,2026-10-21 10:12:49,2026-10-21 10:14:05,25.46,39
2026-10-21 09:47:53,2026-10-21 10:14:05,2026-10-21 10:14:24,26.2,38
2026-10-21 09:49:51,2026-10-21 10:14:24,2026-10-21 10:14:25,24.56,34
2026-10-21 09:50:20,2026-10-21 10:14:25,2026-10-21 10:16:24,24.08,35
2026-10-21 09:51:24,2026-10-21 10:14:51,2026-10-21 10:15:00,23.45,35
2026-10-21 09:52:53,2026-10-21 10:15:00,2026-10-21 10:16:11,22.12,33
2026-10-21 09:52:59,2026-10-21 10:15:56,2026-10-21 10:17:23,22.96,33
2026-10-21 09:53:09,2026-10-21 10:16:11,2026-10-21 10:17:36,23.02,34
2026-10-21 09:53:35,2026-10-21 10:16:24,2026-10-21 10:18:05,22.82,34
2026-10-21 09:53:57,2026-10-21 10:17:23,2026-10-21 10:21:19,23.44,35
2026-10-21 09:54:06,2026-10-21 10:17:36,2026-10-21 10:23:09,23.49,35
2026-10-21 09:54:34,2026-10-21 10:18:05,2026-10-21 10:18:43,23.52,36
2026-10-21 09:54:41,2026-10-21 10:18:43,2026-10-21 10:19:49,24.04,37
2026-10-21 09:55:43,2026-10-21 10:19:49,2026-10-21 10:20:41,24.09,35
2026-10-21 09:57:22,2026-10-21 10:20:41,2026-10-21 10:23:03,23.32,35
2026-10-21 09:57:23,2026-10-21 10:21:19,2026-10-21 10:21:29,23.94,36
2026-10-21 09:58:06,2026-10-21 10:21:29,2026-10-21 10:21:30,23.37,35
2026-10-21 09:58:26,2026-10-21 10:21:30,2026-10-21 10:25:43,23.06,36
2026-10-21 10:00:02,2026-10-21 10:23:03,2026-10-21 10:23:36,23.02,33
2026-10-21 10:01:12,2026-10-21 10:23:09,2026-10-21 10:24:27,21.95,33
2026-10-21 10:01:52,2026-10-21 10:23:36,2026-10-21 10:27:27,21.72,32
2026-10-21 10:02:29,2026-10-21 10:24:27,2026-10-21 10:28:40,21.97,33
2026-10-21 10:03:07,2026-10-21 10:25:43,2026-10-21 10:27:22,22.6,32
2026-10-21 10:03:32,2026-10-21 10:27:22,2026-10-21 10:33:45,23.84,32
2026-10-21 10:04:01,2026-10-21 10:27:27,2026-10-21 10:27:49,23.44,32
2026-10-21 10:04:02,2026-10-21 10:27:49,2026-10-21 10:28:10,23.78,33
2026-10-21 10:04:08,2026-10-21 10:28:10,2026-10-21 10:28:18,24.04,34
2026-10-21 10:05:46,2026-10-21 10:28:18,2026-10-21 10:30:11,22.53,34
2026-10-21 10:06:34,2026-10-21 10:28:40,2026-10-21 10:32:44,22.1,34
2026-10-21 10:07:07,2026-10-21 10:30:11,2026-10-21 10:31:16,23.08,34
2026-10-21 10:07:09,2026-10-21 10:31:16,2026-10-21 10:33:56,24.12,35
2026-10-21 10:07:19,2026-10-21 10:32:44,2026-10-21 10:37:32,25.4,36
2026-10-21 10:07:23,2026-10-21 10:33:45,2026-10-21 10:33:53,26.37,37
2026-10-21 10:07:25,2026-10-21 10:33:53,2026-10-21 10:34:20,26.47,38
2026-10-21 10:08:10,2026-10-21 10:33:56,2026-10-21 10:39:10,25.77,39
2026-10-21 10:08:56,2026-10-21 10:34:20,2026-10-21 10:37:06,25.41,38
2026-10-21 10:09:16,2026-10-21 10:37:06,2026-10-21 10:42:36,27.82,39
2026-10-21 10:09:37,2026-10-21 10:37:32,2026-10-21 10:39:30,27.9,40
2026-10-21 10:10:32,2026-10-21 10:39:10,2026-10-21 10:39:47,28.63,41
2026-10-21 10:10:35,2026-10-21 10:39:30,2026-10-21 10:39:50,28.92,42
2026-10-21 10:11:17,2026-10-21 10:39:47,2026-10-21 10:40:18,28.49,42
2026-10-21 10:13:17,2026-10-21 10:39:50,2026-10-21 10:40:52,26.55,40
2026-10-21 10:13:25,2026-10-21 10:40:18,2026-10-21 10:40:31,26.89,41
2026-10-21 10:13:26,2026-10-21 10:40:31,2026-10-21 10:41:19,27.08,42
2026-10-21 10:14:34,2026-10-21 10:40:52,2026-10-21 10:42:17,26.31,40
2026-10-21 10:15:57,2026-10-21 10:41:19,2026-10-21 10:44:09,25.37,38
2026-10-21 10:16:10,2026-10-21 10:42:17,2026-10-21 10:43:41,26.12,39
2026-10-21 10:16:29,2026-10-21 10:42:36,2026-10-21 10:51:40,26.1,38
2026-10-21 10:16:31,2026-10-21 10:43:41,2026-10-21 10:46:41,27.16,39
2026-10-21 10:16:47,2026-10-21 10:44:09,2026-10-21 10:48:29,27.37,40
2026-10-21 10:17:21,2026-10-21 10:46:41,2026-10-21 10:47:28,29.32,41
2026-10-21 10:17:22,2026-10-21 10:47:28,2026-10-21 10:48:31,30.11,42
2026-10-21 10:18:04,2026-10-21 10:48:29,2026-10-21 10:48:55,30.42,41
2026-10-21 10:18:18,2026-10-21 10:48:31,2026-10-21 10:50:02,30.22,41
2026-10-21 10:18:46,2026-10-21 10:48:55,2026-10-21 10:49:39,30.15,41
2026-10-21 10:19:24,2026-10-21 10:49:39,2026-10-21 10:49:40,30.25,42
2026-10-21 10:21:58,2026-10-21 10:49:40,2026-10-21 10:52:43,27.69,38
2026-10-21 10:22:11,2026-10-21 10:50:02,2026-10-21 10:51:13,27.84,39
2026-10-21 10:22:16,2026-10-21 10:51:13,2026-10-21 10:52:18,28.96,40
2026-10-21 10:23:23,2026-10-21 10:51:40,2026-10-21 10:52:53,28.29,39
2026-10-21 10:24:42,2026-10-21 10:52:18,2026-10-21 10:53:57,27.6,38
2026-10-21 10:25:09,2026-10-21 10:52:43,2026-10-21 11:01:12,27.56,39
2026-10-21 10:25:36,2026-10-21 10:52:53,2026-10-21 10:53:50,27.28,40
2026-10-21 10:25:44,2026-10-21 10:53:50,2026-10-21 10:54:08,28.1,40
2026-10-21 10:25:46,2026-10-21 10:53:57,2026-10-21 10:59:36,28.18,41
2026-10-21 10:25:52,2026-10-21 10:54:08,2026-10-21 10:54:37,28.26,42
2026-10-21 10:26:03,2026-10-21 10:54:37,2026-10-21 10:57:14,28.57,43
2026-10-21 10:26:39,2026-10-21 10:57:14,2026-10-21 11:01:31,30.58,44
2026-10-21 10:27:37,2026-10-21 10:59:36,2026-10-21 11:01:25,31.99,43
2026-10-21 10:27:48,2026-10-21 11:01:12,2026-10-21 11:01:39,33.4,44
2026-10-21 10:27:56,2026-10-21 11:01:25,2026-10-21 11:01:50,33.47,44
2026-10-21 10:28:00,2026-10-21 11:01:31,2026-10-21 11:02:16,33.52,45
2026-10-21 10:28:41,2026-10-21 11:01:39,2026-10-21 11:03:49,32.96,43
2026-10-21 10:28:56,2026-10-21 11:01:50,2026-10-21 11:04:23,32.9,44
2026-10-21 10:28:57,2026-10-21 11:02:16,2026-10-21 11:05:19,33.32,45
2026-10-21 10:29:06,2026-10-21 11:03:49,2026-10-21 11:04:04,34.72,46
2026-10-21 10:30:15,2026-10-21 11:04:04,2026-10-21 11:06:17,33.81,46
2026-10-21 10:30:15,2026-10-21 11:04:23,2026-10-21 11:04:50,34.13,47
2026-10-21 10:30:19,2026-10-21 11:04:50,2026-10-21 11:05:44,34.51,48
2026-10-21 10:30:59,2026-10-21 11:05:19,2026-10-21 11:05:49,34.34,49
2026-10-21 10:31:33,2026-10-21 11:05:44,2026-10-21 11:07:36,34.18,49
2026-10-21 10:31:44,2026-10-21 11:05:49,2026-10-21 11:09:23,34.07,50
2026-10-21 10:32:04,2026-10-21 11:06:17,2026-10-21 11:09:41,34.22,51
2026-10-21 10:32:12,2026-10-21 11:07:36,2026-10-21 11:07:45,35.4,52
2026-10-21 10:32:14,2026-10-21 11:07:45,2026-10-21 11:09:39,35.52,53
2026-10-21 10:32:21,2026-10-21 11:09:23,2026-10-21 11:12:03,37.02,54
2026-10-21 10:33:01,2026-10-21 11:09:39,2026-10-21 11:10:55,36.62,54
2026-10-21 10:33:13,2026-10-21 11:09:41,2026-10-21 11:15:07,36.46,55
2026-10-21 10:34:29,2026-10-21 11:10:55,2026-10-21 11:10:59,36.42,52
2026-10-21 10:34:41,2026-10-21 11:10:59,2026-10-21 11:11:16,36.3,53
2026-10-21 10:35:40,2026-10-21 11:11:16,2026-10-21 11:21:00,35.61,54
2026-10-21 10:35:45,2026-10-21 11:12:03,2026-10-21 11:14:47,36.3,55
2026-10-21 10:35:48,2026-10-21 11:14:47,2026-10-21 11:15:58,38.98,56
2026-10-21 10:36:21,2026-10-21 11:15:07,2026-10-21 11:16:28,38.76,57
2026-10-21 10:36:36,2026-10-21 11:15:58,2026-10-21 11:21:47,39.38,58
2026-10-21 10:36:39,2026-10-21 11:16:28,2026-10-21 11:17:50,39.81,59
2026-10-21 10:36:48,2026-10-21 11:17:50,2026-10-21 11:19:50,41.03,60
2026-10-21 10:37:11,2026-10-21 11:19:50,2026-10-21 11:20:40,42.66,60
2026-10-21 10:37:23,2026-10-21 11:20:40,2026-10-21 11:21:14,43.28,61
2026-10-21 10:37:28,2026-10-21 11:21:00,2026-10-21 11:22:15,43.54,62
2026-10-21 10:38:39,2026-10-21 11:21:14,2026-10-21 11:21:18,42.6,62
2026-10-21 10:38:44,2026-10-21 11:21:18,2026-10-21 11:21:42,42.58,63
2026-10-21 10:40:08,2026-10-21 11:21:42,2026-10-21 11:23:12,41.58,60
2026-10-21 10:41:29,2026-10-21 11:21:47,2026-10-21 11:24:27,40.3,57
2026-10-21 10:41:35,2026-10-21 11:22:15,2026-10-21 11:22:35,40.66,58
2026-10-21 10:42:03,2026-10-21 11:22:35,2026-10-21 11:25:06,40.53,59
2026-10-21 10:42:30,2026-10-21 11:23:12,2026-10-21 11:30:51,40.71,59
2026-10-21 10:42:33,2026-10-21 11:24:27,2026-10-21 11:29:59,41.9,60
2026-10-21 10:42:59,2026-10-21 11:25:06,2026-10-21 11:28:07,42.12,60
2026-10-21 10:43:06,2026-10-21 11:28:07,2026-10-21 11:30:50,45.02,61
2026-10-21 10:43:42,2026-10-21 11:29:59,2026-10-21 11:31:09,46.28,61
2026-10-21 10:44:44,2026-10-21 11:30:50,2026-10-21 11:31:15,46.09,61
2026-10-21 10:44:58,2026-10-21 11:30:51,2026-10-21 11:32:04,45.89,62
2026-10-21 10:45:22,2026-10-21 11:31:09,2026-10-21 11:31:21,45.79,63
2026-10-21 10:45:41,2026-10-21 11:31:15,2026-10-21 11:32:05,45.57,64
2026-10-21 10:47:19,2026-10-21 11:31:21,2026-10-21 11:31:25,44.03,64
2026-10-21 10:47:24,2026-10-21 11:31:25,2026-10-21 11:34:28,44.01,65
2026-10-21 10:47:53,2026-10-21 11:32:04,2026-10-21 11:42:25,44.18,65
2026-10-21 10:48:13,2026-10-21 11:32:05,2026-10-21 11:33:36,43.86,66
2026-10-21 10:48:19,2026-10-21 11:33:36,2026-10-21 11:34:45,45.29,67
2026-10-21 10:48:32,2026-10-21 11:34:28,2026-10-21 11:37:03,45.94,66
2026-10-21 10:48:40,2026-10-21 11:34:45,2026-10-21 11:35:11,46.08,67
2026-10-21 10:49:19,2026-10-21 11:35:11,2026-10-21 11:35:14,45.87,67
2026-10-21 10:49:58,2026-10-21 11:35:14,2026-10-21 11:36:04,45.27,66
2026-10-21 10:49:59,2026-10-21 11:36:04,2026-10-21 11:36:28,46.08,67
2026-10-21 10:50:52,2026-10-21 11:36:28,2026-10-21 11:40:15,45.59,67
2026-10-21 10:51:24,2026-10-21 11:37:03,2026-10-21 11:37:10,45.66,67
2026-10-21 10:51:57,2026-10-21 11:37:10,2026-10-21 11:41:51,45.23,67
2026-10-21 10:54:01,2026-10-21 11:40:15,2026-10-21 11:40:36,46.24,63
2026-10-21 10:54:26,2026-10-21 11:40:36,2026-10-21 11:42:36,46.17,63
2026-10-21 10:55:09,2026-10-21 11:41:51,2026-10-21 11:44:44,46.69,63
2026-10-21 10:55:31,2026-10-21 11:42:25,2026-10-21 11:43:37,46.91,64
2026-10-21 10:56:03,2026-10-21 11:42:36,2026-10-21 11:45:54,46.56,65
2026-10-21 10:56:39,2026-10-21 11:43:37,2026-10-21 11:45:12,46.97,66
2026-10-21 10:57:13,2026-10-21 11:44:44,2026-10-21 11:47:48,47.51,67
2026-10-21 10:57:36,2026-10-21 11:45:12,2026-10-21 11:53:51,47.6,67
2026-10-21 10:57:45,2026-10-21 11:45:54,2026-10-21 11:48:18,48.15,68
2026-10-21 10:58:00,2026-10-21 11:47:48,2026-10-21 11:52:24,49.8,69
2026-10-21 10:58:06,2026-10-21 11:48:18,2026-10-21 11:48:37,50.2,70
2026-10-21 10:58:20,2026-10-21 11:48:37,2026-10-21 11:49:18,50.28,71
2026-10-21 10:59:28,2026-10-21 11:49:18,2026-10-21 11:51:11,49.83,72
2026-10-21 10:59:33,2026-10-21 11:51:11,2026-10-21 11:55:53,51.62,73
2026-10-21 11:01:08,2026-10-21 11:52:24,2026-10-21 11:54:11,51.26,73
2026-10-21 11:02:33,2026-10-21 11:53:51,2026-10-21 11:55:26,51.3,68
2026-10-21 11:04:28,2026-10-21 11:54:11,2026-10-21 11:55:17,49.71,66
2026-10-21 11:04:47,2026-10-21 11:55:17,2026-10-21 11:55:36,50.49,67
2026-10-21 11:04:48,2026-10-21 11:55:26,2026-10-21 11:55:53,50.64,68
2026-10-21 11:05:25,2026-10-21 11:55:36,2026-10-21 11:59:04,50.19,67
2026-10-21 11:05:39,2026-10-21 11:55:53,2026-10-21 11:56:00,50.23,68
2026-10-21 11:06:04,2026-10-21 11:55:53,2026-10-21 11:56:00,49.82,67
2026-10-21 11:06:05,2026-10-21 11:56:00,2026-10-21 11:57:12,49.91,68
2026-10-21 11:06:39,2026-10-21 11:56:00,2026-10-21 11:59:35,49.35,68
2026-10-21 11:06:43,2026-10-21 11:57:12,2026-10-21 11:59:32,50.47,69
2026-10-21 11:06:54,2026-10-21 11:59:04,2026-10-21 12:00:43,52.17,70
2026-10-21 11:07:02,2026-10-21 11:59:32,2026-10-21 12:01:52,52.49,71
2026-10-21 11:07:33,2026-10-21 11:59:35,2026-10-21 12:00:04,52.03,72
2026-10-21 11:08:02,2026-10-21 12:00:04,2026-10-21 12:03:28,52.04,71
2026-10-21 11:08:10,2026-10-21 12:00:43,2026-10-21 12:01:28,52.57,72
2026-10-21 11:09:33,2026-10-21 12:01:28,2026-10-21 12:02:06,51.9,72
2026-10-21 11:11:16,2026-10-21 12:01:52,2026-10-21 12:03:15,50.6,69
2026-10-21 11:11:19,2026-10-21 12:02:06,2026-10-21 12:04:55,50.78,69
2026-10-21 11:12:47,2026-10-21 12:03:15,2026-10-21 12:05:48,50.47,69
2026-10-21 11:12:48,2026-10-21 12:03:28,2026-10-21 12:03:48,50.67,70
2026-10-21 11:13:51,2026-10-21 12:03:48,2026-10-21 12:08:58,49.94,71
2026-10-21 11:14:38,2026-10-21 12:04:55,2026-10-21 12:04:55,50.28,72
2026-10-21 11:14:42,2026-10-21 12:04:55,2026-10-21 12:08:19,50.22,73
2026-10-21 11:15:22,2026-10-21 12:05:48,2026-10-21 12:10:25,50.44,72
2026-10-21 11:15:35,2026-10-21 12:08:19,2026-10-21 12:08:59,52.73,73
2026-10-21 11:16:33,2026-10-21 12:08:58,2026-10-21 12:09:35,52.42,72
2026-10-21 11:16:36,2026-10-21 12:08:59,2026-10-21 12:11:57,52.37,73
2026-10-21 11:17:02,2026-10-21 12:09:35,2026-10-21 12:12:51,52.55,74
2026-10-21 11:17:03,2026-10-21 12:10:25,2026-10-21 12:13:32,53.37,75
2026-10-21 11:17:05,2026-10-21 12:11:57,2026-10-21 12:12:02,54.86,76
2026-10-21 11:17:16,2026-10-21 12:12:02,2026-10-21 12:12:06,54.77,77
2026-10-21 11:17:40,2026-10-21 12:12:06,2026-10-21 12:13:06,54.43,78
2026-10-21 11:18:14,2026-10-21 12:12:51,2026-10-21 12:15:14,54.62,78
2026-10-21 11:19:07,2026-10-21 12:13:06,2026-10-21 12:17:02,53.98,79
2026-10-21 11:19:56,2026-10-21 12:13:32,2026-10-21 12:16:13,53.6,79
2026-10-21 11:20:54,2026-10-21 12:15:14,2026-10-21 12:15:23,54.33,79
2026-10-21 11:21:00,2026-10-21 12:15:23,2026-10-21 12:16:25,54.38,79
2026-10-21 11:22:25,2026-10-21 12:16:13,2026-10-21 12:17:05,53.81,75
2026-10-21 11:22:57,2026-10-21 12:16:25,2026-10-21 12:16:37,53.47,75
2026-10-21 11:23:44,2026-10-21 12:16:37,2026-10-21 12:18:37,52.88,75
2026-10-21 11:23:45,2026-10-21 12:17:02,2026-10-21 12:17:31,53.29,76
2026-10-21 11:24:15,2026-10-21 12:17:05,2026-10-21 12:19:07,52.83,77
2026-10-21 11:24:44,2026-10-21 12:17:31,2026-10-21 12:17:42,52.79,77
2026-10-21 11:25:07,2026-10-21 12:17:42,2026-10-21 12:18:34,52.57,77
2026-10-21 11:27:19,2026-10-21 12:18:34,2026-10-21 12:20:23,51.25,78
2026-10-21 11:27:39,2026-10-21 12:18:37,2026-10-21 12:19:18,50.96,79
2026-10-21 11:28:06,2026-10-21 12:19:07,2026-10-21 12:22:38,51.02,80
2026-10-21 11:28:25,2026-10-21 12:19:18,2026-10-21 12:20:50,50.88,80
2026-10-21 11:28:44,2026-10-21 12:20:23,2026-10-21 12:21:35,51.65,81
2026-10-21 11:29:20,2026-10-21 12:20:50,2026-10-21 12:20:58,51.51,82
2026-10-21 11:30:26,2026-10-21 12:20:58,2026-10-21 12:26:24,50.53,82
2026-10-21 11:31:18,2026-10-21 12:21:35,2026-10-21 12:26:35,50.29,79
2026-10-21 11:32:59,2026-10-21 12:22:38,2026-10-21 12:33:41,49.66,76
2026-10-21 11:33:40,2026-10-21 12:26:24,2026-10-21 12:31:32,52.74,76
2026-10-21 11:34:35,2026-10-21 12:26:35,2026-10-21 12:31:29,51.99,76
2026-10-21 11:35:06,2026-10-21 12:31:29,2026-10-21 12:33:10,56.38,76
2026-10-21 11:35:32,2026-10-21 12:31:32,2026-10-21 12:36:38,56.0,75
2026-10-21 11:35:41,2026-10-21 12:33:10,2026-10-21 12:36:24,57.47,76
2026-10-21 11:35:46,2026-10-21 12:33:41,2026-10-21 12:34:07,57.91,77
2026-10-21 11:36:35,2026-10-21 12:34:07,2026-10-21 12:35:13,57.54,76
2026-10-21 11:37:23,2026-10-21 12:35:13,2026-10-21 12:35:52,57.83,75
2026-10-21 11:37:27,2026-10-21 12:35:52,2026-10-21 12:36:14,58.41,76
2026-10-21 11:37:46,2026-10-21 12:36:14,2026-10-21 12:38:10,58.46,77
2026-10-21 11:38:09,2026-10-21 12:36:24,2026-10-21 12:38:25,58.26,78
2026-10-21 11:38:19,2026-10-21 12:36:38,2026-10-21 12:37:37,58.31,79
2026-10-21 11:39:02,2026-10-21 12:37:37,2026-10-21 12:37:56,58.58,80
2026-10-21 11:39:24,2026-10-21 12:37:56,2026-10-21 12:39:48,58.53,81
2026-10-21 11:39:51,2026-10-21 12:38:10,2026-10-21 12:42:11,58.31,82
2026-10-21 11:40:09,2026-10-21 12:38:25,2026-10-21 12:38:45,58.28,83
2026-10-21 11:40:45,2026-10-21 12:38:45,2026-10-21 12:40:21,57.99,82
2026-10-21 11:42:06,2026-10-21 12:39:48,2026-10-21 12:40:48,57.69,82
2026-10-21 11:42:35,2026-10-21 12:40:21,2026-10-21 12:50:00,57.76,82
2026-10-21 11:43:07,2026-10-21 12:40:48,2026-10-21 12:41:00,57.69,82
2026-10-21 11:43:51,2026-10-21 12:41:00,2026-10-21 12:41:02,57.14,82
2026-10-21 11:44:03,2026-10-21 12:41:02,2026-10-21 12:44:50,56.97,83
2026-10-21 11:44:37,2026-10-21 12:42:11,2026-10-21 12:44:25,57.57,84
2026-10-21 11:44:58,2026-10-21 12:44:25,2026-10-21 12:44:40,59.46,84
2026-10-21 11:45:04,2026-10-21 12:44:40,2026-10-21 12:46:50,59.61,85
2026-10-21 11:45:13,2026-10-21 12:44:50,2026-10-21 12:47:10,59.62,85
2026-10-21 11:45:52,2026-10-21 12:46:50,2026-10-21 12:50:01,60.97,86
2026-10-21 11:46:29,2026-10-21 12:47:10,2026-10-21 12:49:17,60.69,86
2026-10-21 11:46:33,2026-10-21 12:49:17,2026-10-21 12:50:02,62.72,87
2026-10-21 11:48:53,2026-10-21 12:50:00,2026-10-21 12:51:12,61.11,85
2026-10-21 11:49:26,2026-10-21 12:50:01,2026-10-21 12:52:12,60.59,85
2026-10-21 11:50:59,2026-10-21 12:50:02,2026-10-21 12:51:39,59.05,86
2026-10-21 11:51:10,2026-10-21 12:51:12,2026-10-21 12:52:47,60.03,87
2026-10-21 11:51:22,2026-10-21 12:51:39,2026-10-21 12:56:53,60.29,87
2026-10-21 11:52:10,2026-10-21 12:52:12,2026-10-21 12:55:49,60.05,88
2026-10-21 11:52:11,2026-10-21 12:52:47,2026-10-21 12:58:35,60.6,89
2026-10-21 11:52:40,2026-10-21 12:55:49,2026-10-21 12:55:59,63.14,89
2026-10-21 11:53:10,2026-10-21 12:55:59,2026-10-21 12:56:47,62.81,90
2026-10-21 11:53:21,2026-10-21 12:56:47,2026-10-21 12:57:22,63.42,91
2026-10-21 11:53:25,2026-10-21 12:56:53,2026-10-21 12:57:28,63.47,92
2026-10-21 11:53:37,2026-10-21 12:57:22,2026-10-21 12:58:32,63.73,93
2026-10-21 11:54:56,2026-10-21 12:57:28,2026-10-21 12:58:04,62.53,92
2026-10-21 11:55:24,2026-10-21 12:58:04,2026-10-21 13:00:07,62.66,92
2026-10-21 11:55:39,2026-10-21 12:58:32,2026-10-21 12:59:30,62.9,91
2026-10-21 11:56:06,2026-10-21 12:58:35,2026-10-21 13:02:09,62.48,88
2026-10-21 11:56:09,2026-10-21 12:59:30,2026-10-21 13:01:03,63.35,89
2026-10-21 11:57:39,2026-10-21 13:00:07,2026-10-21 13:03:46,62.47,89
2026-10-21 11:57:40,2026-10-21 13:01:03,2026-10-21 13:05:29,63.38,90
2026-10-21 11:57:46,2026-10-21 13:02:09,2026-10-21 13:06:25,64.39,91
2026-10-21 11:57:46,2026-10-21 13:03:46,2026-10-21 13:08:16,66.01,92
2026-10-21 11:58:25,2026-10-21 13:05:29,2026-10-21 13:06:18,67.07,93
2026-10-21 11:58:38,2026-10-21 13:06:18,2026-10-21 13:08:31,67.66,94
2026-10-21 11:58:41,2026-10-21 13:06:25,2026-10-21 13:07:40,67.74,95
2026-10-21 11:59:14,2026-10-21 13:07:40,2026-10-21 13:08:59,68.42,95
2026-10-21 11:59:26,2026-10-21 13:08:16,2026-10-21 13:08:26,68.83,96
2026-10-21 11:59:28,2026-10-21 13:08:26,2026-10-21 13:10:00,68.96,97
2026-10-21 11:59:36,2026-10-21 13:08:31,2026-10-21 13:15:00,68.92,96
2026-10-21 12:00:50,2026-10-21 13:08:59,2026-10-21 13:09:16,68.14,95
2026-10-21 12:01:12,2026-10-21 13:09:16,2026-10-21 13:09:27,68.07,96
2026-10-21 12:01:41,2026-10-21 13:09:27,2026-10-21 13:10:52,67.77,96
2026-10-21 12:02:20,2026-10-21 13:10:00,2026-10-21 13:10:19,67.67,95
2026-10-21 12:02:29,2026-10-21 13:10:19,2026-10-21 13:14:00,67.85,96
2026-10-21 12:03:21,2026-10-21 13:10:52,2026-10-21 13:16:13,67.53,96
2026-10-21 12:03:44,2026-10-21 13:14:00,2026-10-21 13:15:25,70.26,96
2026-10-21 12:03:49,2026-10-21 13:15:00,2026-10-21 13:15:36,71.18,96
2026-10-21 12:04:57,2026-10-21 13:15:25,2026-10-21 13:17:05,70.48,95
2026-10-21 12:05:29,2026-10-21 13:15:36,2026-10-21 13:16:16,70.11,96
2026-10-21 12:05:50,2026-10-21 13:16:13,2026-10-21 13:18:14,70.39,96
2026-10-21 12:05:57,2026-10-21 13:16:16,2026-10-21 13:18:50,70.32,97
2026-10-21 12:06:25,2026-10-21 13:17:05,2026-10-21 13:17:15,70.68,98
2026-10-21 12:06:46,2026-10-21 13:17:15,2026-10-21 13:17:41,70.48,99
2026-10-21 12:07:09,2026-10-21 13:17:41,2026-10-21 13:18:52,70.54,100
2026-10-21 12:07:42,2026-10-21 13:18:14,2026-10-21 13:20:13,70.53,101
2026-10-21 12:08:22,2026-10-21 13:18:50,2026-10-21 13:23:13,70.46,101
2026-10-21 12:08:40,2026-10-21 13:18:52,2026-10-21 13:20:10,70.2,102
2026-10-21 12:09:03,2026-10-21 13:20:10,2026-10-21 13:29:03,71.12,101
2026-10-21 12:09:32,2026-10-21 13:20:13,2026-10-21 13:22:21,70.68,102
2026-10-21 12:09:55,2026-10-21 13:22:21,2026-10-21 13:22:39,72.44,102
2026-10-21 12:11:12,2026-10-21 13:22:39,2026-10-21 13:29:23,71.44,102
2026-10-21 12:11:48,2026-10-21 13:23:13,2026-10-21 13:24:51,71.42,103
2026-10-21 12:12:12,2026-10-21 13:24:51,2026-10-21 13:25:29,72.66,101
2026-10-21 12:13:50,2026-10-21 13:25:29,2026-10-21 13:26:36,71.65,99
2026-10-21 12:14:49,2026-10-21 13:26:36,2026-10-21 13:26:46,71.78,100
2026-10-21 12:15:43,2026-10-21 13:26:46,2026-10-21 13:34:48,71.05,99
2026-10-21 12:15:46,2026-10-21 13:29:03,2026-10-21 13:31:28,73.29,100
2026-10-21 12:15:51,2026-10-21 13:29:23,2026-10-21 13:30:48,73.52,101
2026-10-21 12:15:51,2026-10-21 13:30:48,2026-10-21 13:32:06,74.95,102
2026-10-21 12:16:53,2026-10-21 13:31:28,2026-10-21 13:32:37,74.58,100
2026-10-21 12:17:05,2026-10-21 13:32:06,2026-10-21 13:35:35,75.02,99
2026-10-21 12:18:47,2026-10-21 13:32:37,2026-10-21 13:34:06,73.85,96
2026-10-21 12:19:35,2026-10-21 13:34:06,2026-10-21 13:34:48,74.51,95
2026-10-21 12:19:43,2026-10-21 13:34:48,2026-10-21 13:40:48,75.08,96
2026-10-21 12:20:18,2026-10-21 13:34:48,2026-10-21 13:35:28,74.5,97
2026-10-21 12:20:57,2026-10-21 13:35:28,2026-10-21 13:36:31,74.51,96
2026-10-21 12:21:20,2026-10-21 13:35:35,2026-10-21 13:36:27,74.25,96
2026-10-21 12:21:31,2026-10-21 13:36:27,2026-10-21 13:40:20,74.93,97
2026-10-21 12:22:27,2026-10-21 13:36:31,2026-10-21 13:37:02,74.06,97
2026-10-21 12:22:31,2026-10-21 13:37:02,2026-10-21 13:38:52,74.52,98
2026-10-21 12:22:36,2026-10-21 13:38:52,2026-10-21 13:43:40,76.27,99
2026-10-21 12:23:05,2026-10-21 13:40:20,2026-10-21 13:41:07,77.25,99
2026-10-21 12:24:49,2026-10-21 13:40:48,2026-10-21 13:46:26,75.99,100
2026-10-21 12:24:58,2026-10-21 13:41:07,2026-10-21 13:42:18,76.16,101
2026-10-21 12:25:08,2026-10-21 13:42:18,2026-10-21 13:43:12,77.16,102
2026-10-21 12:25:35,2026-10-21 13:43:12,2026-10-21 13:44:05,77.63,103
2026-10-21 12:25:44,2026-10-21 13:43:40,2026-10-21 13:46:37,77.92,104
2026-10-21 12:26:35,2026-10-21 13:44:05,2026-10-21 13:44:09,77.5,104
2026-10-21 12:28:39,2026-10-21 13:44:09,2026-10-21 13:57:41,75.51,104
2026-10-21 12:28:50,2026-10-21 13:46:26,2026-10-21 13:46:28,77.62,105
2026-10-21 12:28:54,2026-10-21 13:46:28,2026-10-21 13:46:51,77.56,106
2026-10-21 12:29:15,2026-10-21 13:46:37,2026-10-21 13:47:57,77.35,107
2026-10-21 12:30:25,2026-10-21 13:46:51,2026-10-21 13:47:45,76.43,108
2026-10-21 12:30:31,2026-10-21 13:47:45,2026-10-21 13:51:32,77.23,109
2026-10-21 12:30:53,2026-10-21 13:47:57,2026-10-21 13:51:38,77.07,110
2026-10-21 12:32:02,2026-10-21 13:51:32,2026-10-21 13:58:32,79.5,109
2026-10-21 12:32:16,2026-10-21 13:51:38,2026-10-21 13:53:26,79.37,110
2026-10-21 12:32:17,2026-10-21 13:53:26,2026-10-21 13:53:45,81.15,111
2026-10-21 12:33:04,2026-10-21 13:53:45,2026-10-21 13:54:36,80.67,112
2026-10-21 12:33:18,2026-10-21 13:54:36,2026-10-21 13:55:02,81.31,112
2026-10-21 12:33:22,2026-10-21 13:55:02,2026-10-21 13:55:39,81.66,113
2026-10-21 12:33:36,2026-10-21 13:55:39,2026-10-21 13:56:33,82.06,114
2026-10-21 12:33:46,2026-10-21 13:56:33,2026-10-21 13:57:50,82.79,114
2026-10-21 12:33:53,2026-10-21 13:57:41,2026-10-21 13:59:22,83.8,115
2026-10-21 12:34:51,2026-10-21 13:57:50,2026-10-21 14:00:09,82.98,115
2026-10-21 12:34:53,2026-10-21 13:58:32,2026-10-21 13:58:41,83.65,116
2026-10-21 12:35:03,2026-10-21 13:58:41,2026-10-21 14:00:25,83.65,117
2026-10-21 12:35:49,2026-10-21 13:59:22,2026-10-21 14:00:00,83.55,117
2026-10-21 12:36:47,2026-10-21 14:00:00,2026-10-21 14:00:15,83.22,114
2026-10-21 12:38:18,2026-10-21 14:00:09,2026-10-21 14:03:15,81.86,112
2026-10-21 12:39:33,2026-10-21 14:00:15,2026-10-21 14:02:00,80.71,111
2026-10-21 12:40:05,2026-10-21 14:00:25,2026-10-21 14:01:01,80.35,111
2026-10-21 12:40:12,2026-10-21 14:01:01,2026-10-21 14:01:38,80.81,112
2026-10-21 12:40:38,2026-10-21 14:01:38,2026-10-21 14:01:49,80.99,112
2026-10-21 12:40:41,2026-10-21 14:01:49,2026-10-21 14:01:57,81.12,113
2026-10-21 12:40:46,2026-10-21 14:01:57,2026-10-21 14:03:49,81.2,114
2026-10-21 12:40:59,2026-10-21 14:02:00,2026-10-21 14:02:34,81.02,114
2026-10-21 12:41:11,2026-10-21 14:02:34,2026-10-21 14:06:34,81.39,113
2026-10-21 12:41:13,2026-10-21 14:03:15,2026-10-21 14:03:25,82.03,114
2026-10-21 12:42:16,2026-10-21 14:03:25,2026-10-21 14:08:28,81.14,114
2026-10-21 12:42:16,2026-10-21 14:03:49,2026-10-21 14:07:15,81.55,115
2026-10-21 12:42:40,2026-10-21 14:06:34,2026-10-21 14:08:31,83.9,116
2026-10-21 12:43:20,2026-10-21 14:07:15,2026-10-21 14:08:32,83.92,117
2026-10-21 12:44:23,2026-10-21 14:08:28,2026-10-21 14:08:50,84.07,118
2026-10-21 12:44:37,2026-10-21 14:08:31,2026-10-21 14:13:43,83.9,118
2026-10-21 12:45:07,2026-10-21 14:08:32,2026-10-21 14:08:33,83.42,117
2026-10-21 12:45:13,2026-10-21 14:08:33,2026-10-21 14:09:36,83.33,118
2026-10-21 12:45:16,2026-10-21 14:08:50,2026-10-21 14:10:25,83.57,119
2026-10-21 12:45:57,2026-10-21 14:09:36,2026-10-21 14:10:25,83.64,120
2026-10-21 12:46:10,2026-10-21 14:10:25,2026-10-21 14:13:26,84.25,121
2026-10-21 12:46:49,2026-10-21 14:10:25,2026-10-21 14:15:10,83.61,122
2026-10-21 12:46:51,2026-10-21 14:13:26,2026-10-21 14:15:08,86.58,122
2026-10-21 12:46:53,2026-10-21 14:13:43,2026-10-21 14:14:24,86.84,123
2026-10-21 12:48:56,2026-10-21 14:14:24,2026-10-21 14:17:32,85.46,123
2026-10-21 12:49:28,2026-10-21 14:15:08,2026-10-21 14:17:10,85.65,123
2026-10-21 12:49:30,2026-10-21 14:15:10,2026-10-21 14:16:25,85.67,124
2026-10-21 12:49:34,2026-10-21 14:16:25,2026-10-21 14:17:36,86.85,125
2026-10-21 12:50:10,2026-10-21 14:17:10,2026-10-21 14:17:53,87.0,123
2026-10-21 12:50:19,2026-10-21 14:17:32,2026-10-21 14:25:32,87.22,124
2026-10-21 12:50:22,2026-10-21 14:17:36,2026-10-21 14:17:46,87.23,125
2026-10-21 12:51:09,2026-10-21 14:17:46,2026-10-21 14:19:41,86.61,126
2026-10-21 12:51:26,2026-10-21 14:17:53,2026-10-21 14:18:42,86.45,126
2026-10-21 12:51:39,2026-10-21 14:18:42,2026-10-21 14:20:41,87.05,127
2026-10-21 12:51:45,2026-10-21 14:19:41,2026-10-21 14:22:04,87.93,127
2026-10-21 12:52:17,2026-10-21 14:20:41,2026-10-21 14:22:55,88.4,127
2026-10-21 12:54:09,2026-10-21 14:22:04,2026-10-21 14:23:35,87.92,127
2026-10-21 12:54:15,2026-10-21 14:22:55,2026-10-21 14:27:22,88.66,128
2026-10-21 12:54:54,2026-10-21 14:23:35,2026-10-21 14:29:27,88.68,129
2026-10-21 12:54:56,2026-10-21 14:25:32,2026-10-21 14:25:51,90.59,130
2026-10-21 12:55:01,2026-10-21 14:25:51,2026-10-21 14:26:00,90.82,131
2026-10-21 12:55:05,2026-10-21 14:26:00,2026-10-21 14:27:23,90.92,132
2026-10-21 12:55:47,2026-10-21 14:27:22,2026-10-21 14:34:58,91.59,133
2026-10-21 12:56:11,2026-10-21 14:27:23,2026-10-21 14:28:12,91.21,132
2026-10-21 12:57:43,2026-10-21 14:28:12,2026-10-21 14:30:52,90.48,129
2026-10-21 12:57:49,2026-10-21 14:29:27,2026-10-21 14:32:06,91.63,130
2026-10-21 12:58:32,2026-10-21 14:30:52,2026-10-21 14:32:14,92.33,130
2026-10-21 12:59:02,2026-10-21 14:32:06,2026-10-21 14:34:35,93.07,129
2026-10-21 12:59:17,2026-10-21 14:32:14,2026-10-21 14:32:45,92.95,130
2026-10-21 12:59:20,2026-10-21 14:32:45,2026-10-21 14:34:10,93.42,131
2026-10-21 13:01:43,2026-10-21 14:34:10,2026-10-21 14:39:16,92.45,129
2026-10-21 13:01:46,2026-10-21 14:34:35,2026-10-21 14:37:43,92.82,130
2026-10-21 13:01:53,2026-10-21 14:34:58,2026-10-21 14:37:36,93.07,131
2026-10-21 13:01:54,2026-10-21 14:37:36,2026-10-21 14:41:38,95.71,132
2026-10-21 13:03:08,2026-10-21 14:37:43,2026-10-21 14:38:49,94.58,132
2026-10-21 13:03:09,2026-10-21 14:38:49,2026-10-21 14:39:36,95.67,133
2026-10-21 13:03:43,2026-10-21 14:39:16,2026-10-21 14:41:45,95.54,134
2026-10-21 13:04:45,2026-10-21 14:39:36,2026-10-21 14:41:07,94.84,134
2026-10-21 13:05:08,2026-10-21 14:41:07,2026-10-21 14:42:42,95.98,135
2026-10-21 13:05:10,2026-10-21 14:41:38,2026-10-21 14:42:25,96.48,136
2026-10-21 13:06:25,2026-10-21 14:41:45,2026-10-21 14:49:19,95.32,135
2026-10-21 13:06:51,2026-10-21 14:42:25,2026-10-21 14:44:36,95.56,135
2026-10-21 13:07:21,2026-10-21 14:42:42,2026-10-21 14:44:28,95.34,136
2026-10-21 13:07:28,2026-10-21 14:44:28,2026-10-21 14:45:03,97.0,137
2026-10-21 13:07:59,2026-10-21 14:44:36,2026-10-21 14:45:02,96.62,137
2026-10-21 13:08:17,2026-10-21 14:45:02,2026-10-21 14:48:59,96.76,137
2026-10-21 13:08:34,2026-10-21 14:45:03,2026-10-21 14:49:04,96.49,136
2026-10-21 13:08:36,2026-10-21 14:48:59,2026-10-21 14:49:29,100.39,137
2026-10-21 13:08:58,2026-10-21 14:49:04,2026-10-21 14:49:07,100.1,138
2026-10-21 13:09:15,2026-10-21 14:49:07,2026-10-21 14:49:45,99.87,138
2026-10-21 13:10:18,2026-10-21 14:49:19,2026-10-21 14:49:44,99.01,136
2026-10-21 13:10:40,2026-10-21 14:49:29,2026-10-21 14:50:05,98.8,136
2026-10-21 13:11:05,2026-10-21 14:49:44,2026-10-21 14:50:36,98.66,136
2026-10-21 13:11:55,2026-10-21 14:49:45,2026-10-21 14:54:10,97.83,137
2026-10-21 13:12:15,2026-10-21 14:50:05,2026-10-21 14:50:46,97.83,138
2026-10-21 13:14:19,2026-10-21 14:50:36,2026-10-21 14:51:33,96.29,138
2026-10-21 13:14:48,2026-10-21 14:50:46,2026-10-21 14:50:53,95.97,139
2026-10-21 13:14:50,2026-10-21 14:50:53,2026-10-21 14:52:36,96.06,140
2026-10-21 13:14:58,2026-10-21 14:51:33,2026-10-21 14:52:17,96.59,141
2026-10-21 13:15:07,2026-10-21 14:52:17,2026-10-21 14:52:47,97.16,141
2026-10-21 13:15:09,2026-10-21 14:52:36,2026-10-21 14:56:32,97.46,142
2026-10-21 13:15:55,2026-10-21 14:52:47,2026-10-21 14:57:24,96.86,141
2026-10-21 13:17:05,2026-10-21 14:54:10,2026-10-21 14:54:59,97.07,139
2026-10-21 13:17:41,2026-10-21 14:54:59,2026-10-21 14:55:02,97.3,139
2026-10-21 13:18:25,2026-10-21 14:55:02,2026-10-21 14:57:14,96.61,138
2026-10-21 13:18:37,2026-10-21 14:56:32,2026-10-21 15:00:06,97.92,139
2026-10-21 13:19:22,2026-10-21 14:57:14,2026-10-21 14:57:57,97.87,138
2026-10-21 13:19:57,2026-10-21 14:57:24,2026-10-21 14:59:09,97.46,139
2026-10-21 13:21:37,2026-10-21 14:57:57,2026-10-21 15:04:08,96.33,138
2026-10-21 13:21:54,2026-10-21 14:59:09,2026-10-21 15:00:09,97.26,139
2026-10-21 13:21:54,2026-10-21 15:00:06,2026-10-21 15:01:54,98.21,140
2026-10-21 13:22:15,2026-10-21 15:00:09,2026-10-21 15:01:29,97.9,141
2026-10-21 13:22:30,2026-10-21 15:01:29,2026-10-21 15:01:48,98.98,141
2026-10-21 13:22:51,2026-10-21 15:01:48,2026-10-21 15:05:46,98.95,141
2026-10-21 13:23:06,2026-10-21 15:01:54,2026-10-21 15:03:06,98.8,142
2026-10-21 13:23:34,2026-10-21 15:03:06,2026-10-21 15:03:24,99.53,142
2026-10-21 13:24:02,2026-10-21 15:03:24,2026-10-21 15:07:07,99.37,143
2026-10-21 13:24:47,2026-10-21 15:04:08,2026-10-21 15:04:23,99.36,144
2026-10-21 13:26:26,2026-10-21 15:04:23,2026-10-21 15:05:49,97.93,143
2026-10-21 13:27:31,2026-10-21 15:05:46,2026-10-21 15:08:16,98.25,142
2026-10-21 13:27:43,2026-10-21 15:05:49,2026-10-21 15:06:12,98.11,143
2026-10-21 13:28:05,2026-10-21 15:06:12,2026-10-21 15:06:13,98.12,144
2026-10-21 13:28:12,2026-10-21 15:06:13,2026-10-21 15:07:24,98.01,145
2026-10-21 13:28:24,2026-10-21 15:07:07,2026-10-21 15:09:48,98.72,146
2026-10-21 13:28:37,2026-10-21 15:07:24,2026-10-21 15:07:45,98.78,147
2026-10-21 13:28:41,2026-10-21 15:07:45,2026-10-21 15:07:48,99.05,148
2026-10-21 13:30:07,2026-10-21 15:07:48,2026-10-21 15:08:06,97.69,147
2026-10-21 13:30:08,2026-10-21 15:08:06,2026-10-21 15:08:12,97.98,148
2026-10-21 13:30:43,2026-10-21 15:08:12,2026-10-21 15:09:46,97.48,149
2026-10-21 13:30:52,2026-10-21 15:08:16,2026-10-21 15:08:47,97.41,149
2026-10-21 13:31:24,2026-10-21 15:08:47,2026-10-21 15:12:44,97.39,150
2026-10-21 13:31:42,2026-10-21 15:09:46,2026-10-21 15:15:55,98.06,150
2026-10-21 13:31:45,2026-10-21 15:09:48,2026-10-21 15:11:27,98.06,151
2026-10-21 13:31:51,2026-10-21 15:11:27,2026-10-21 15:11:53,99.6,152
2026-10-21 13:31:58,2026-10-21 15:11:53,2026-10-21 15:12:29,99.91,153
2026-10-21 13:32:02,2026-10-21 15:12:29,2026-10-21 15:13:18,100.44,154
2026-10-21 13:32:14,2026-10-21 15:12:44,2026-10-21 15:15:38,100.5,154
2026-10-21 13:33:19,2026-10-21 15:13:18,2026-10-21 15:19:57,99.97,154
2026-10-21 13:33:56,2026-10-21 15:15:38,2026-10-21 15:16:14,101.71,155
2026-10-21 13:33:56,2026-10-21 15:15:55,2026-10-21 15:19:35,101.98,156
2026-10-21 13:35:01,2026-10-21 15:16:14,2026-10-21 15:24:29,101.23,154
2026-10-21 13:35:18,2026-10-21 15:19:35,2026-10-21 15:22:30,104.28,155
2026-10-21 13:36:04,2026-10-21 15:19:57,2026-10-21 15:21:50,103.9,154
2026-10-21 13:36:20,2026-10-21 15:21:50,2026-10-21 15:23:48,105.52,155
2026-10-21 13:37:05,2026-10-21 15:22:30,2026-10-21 15:28:11,105.41,153
2026-10-21 13:37:07,2026-10-21 15:23:48,2026-10-21 15:25:02,106.68,154
2026-10-21 13:37:31,2026-10-21 15:24:29,2026-10-21 15:24:50,106.96,155
2026-10-21 13:38:29,2026-10-21 15:24:50,2026-10-21 15:27:16,106.36,156
2026-10-21 13:38:30,2026-10-21 15:25:02,2026-10-21 15:25:48,106.53,157
2026-10-21 13:38:45,2026-10-21 15:25:48,2026-10-21 15:27:03,107.05,158
2026-10-21 13:38:53,2026-10-21 15:27:03,2026-10-21 15:27:56,108.16,158
2026-10-21 13:39:17,2026-10-21 15:27:16,2026-10-21 15:28:39,107.99,159
2026-10-21 13:39:40,2026-10-21 15:27:56,2026-10-21 15:30:48,108.26,160
2026-10-21 13:39:56,2026-10-21 15:28:11,2026-10-21 15:30:54,108.25,161
2026-10-21 13:39:57,2026-10-21 15:28:39,2026-10-21 15:29:49,108.69,162
2026-10-21 13:40:11,2026-10-21 15:29:49,2026-10-21 15:34:24,109.63,163
2026-10-21 13:40:12,2026-10-21 15:30:48,2026-10-21 15:30:48,110.59,164
2026-10-21 13:40:41,2026-10-21 15:30:48,2026-10-21 15:33:08,110.12,164
2026-10-21 13:40:43,2026-10-21 15:30:54,2026-10-21 15:38:50,110.18,165
2026-10-21 13:41:46,2026-10-21 15:33:08,2026-10-21 15:35:36,111.36,164
2026-10-21 13:42:43,2026-10-21 15:34:24,2026-10-21 15:36:29,111.68,164
2026-10-21 13:43:03,2026-10-21 15:35:36,2026-10-21 15:35:43,112.55,165
2026-10-21 13:43:16,2026-10-21 15:35:43,2026-10-21 15:39:09,112.46,165
2026-10-21 13:43:25,2026-10-21 15:36:29,2026-10-21 15:38:45,113.07,166
2026-10-21 13:44:06,2026-10-21 15:38:45,2026-10-21 15:39:30,114.65,165
2026-10-21 13:44:39,2026-10-21 15:38:50,2026-10-21 15:39:35,114.19,165
2026-10-21 13:44:41,2026-10-21 15:39:09,2026-10-21 15:40:57,114.47,166
2026-10-21 13:44:47,2026-10-21 15:39:30,2026-10-21 15:41:14,114.71,167
2026-10-21 13:45:17,2026-10-21 15:39:35,2026-10-21 15:41:51,114.3,168
2026-10-21 13:45:52,2026-10-21 15:40:57,2026-10-21 15:42:58,115.07,169
2026-10-21 13:47:15,2026-10-21 15:41:14,2026-10-21 15:43:39,113.99,166
2026-10-21 13:48:52,2026-10-21 15:41:51,2026-10-21 15:41:56,112.99,165
2026-10-21 13:49:25,2026-10-21 15:41:56,2026-10-21 15:42:15,112.51,166
2026-10-21 13:49:26,2026-10-21 15:42:15,2026-10-21 15:42:31,112.82,167
2026-10-21 13:50:07,2026-10-21 15:42:31,2026-10-21 15:42:47,112.4,168
2026-10-21 13:51:05,2026-10-21 15:42:47,2026-10-21 15:45:23,111.7,169
2026-10-21 13:51:29,2026-10-21 15:42:58,2026-10-21 15:46:36,111.48,170
2026-10-21 13:51:31,2026-10-21 15:43:39,2026-10-21 15:46:39,112.14,171
2026-10-21 13:51:47,2026-10-21 15:45:23,2026-10-21 15:47:03,113.6,170
2026-10-21 13:52:31,2026-10-21 15:46:36,2026-10-21 15:47:58,114.08,171
2026-10-21 13:53:23,2026-10-21 15:46:39,2026-10-21 15:47:27,113.27,172
2026-10-21 13:53:48,2026-10-21 15:47:03,2026-10-21 15:47:08,113.25,171
2026-10-21 13:54:02,2026-10-21 15:47:08,2026-10-21 15:48:43,113.11,172
2026-10-21 13:54:07,2026-10-21 15:47:27,2026-10-21 15:49:06,113.33,173
2026-10-21 13:54:58,2026-10-21 15:47:58,2026-10-21 15:49:03,113.0,173
2026-10-21 13:55:25,2026-10-21 15:48:43,2026-10-21 15:51:01,113.31,173
2026-10-21 13:56:07,2026-10-21 15:49:03,2026-10-21 15:51:46,112.93,173
2026-10-21 13:56:16,2026-10-21 15:49:06,2026-10-21 15:50:50,112.83,174
2026-10-21 13:57:14,2026-10-21 15:50:50,2026-10-21 15:51:01,113.6,174
2026-10-21 13:57:15,2026-10-21 15:51:01,2026-10-21 15:52:40,113.76,175
2026-10-21 13:57:32,2026-10-21 15:51:01,2026-10-21 15:58:37,113.48,176
2026-10-21 13:57:58,2026-10-21 15:51:46,2026-10-21 15:53:10,113.81,175
2026-10-21 13:58:14,2026-10-21 15:52:40,2026-10-21 15:53:41,114.43,176
2026-10-21 13:58:35,2026-10-21 15:53:10,2026-10-21 15:53:45,114.58,176
2026-10-21 13:58:49,2026-10-21 15:53:41,2026-10-21 15:55:27,114.87,176
2026-10-21 13:58:59,2026-10-21 15:53:45,2026-10-21 15:54:32,114.77,177
2026-10-21 13:59:40,2026-10-21 15:54:32,2026-10-21 15:59:40,114.87,177
2026-10-21 13:59:43,2026-10-21 15:55:27,2026-10-21 15:55:54,115.73,178
2026-10-21 13:59:45,2026-10-21 15:55:54,2026-10-21 15:56:13,116.14,179
2026-10-21 13:59:53,2026-10-21 15:56:13,2026-10-21 15:58:32,116.33,180
2026-10-21 13:59:57,2026-10-21 15:58:32,2026-10-21 15:59:36,118.58,181
2026-10-21 13:59:58,2026-10-21 15:58:37,2026-10-21 15:59:34,118.65,182
2026-10-21 14:00:28,2026-10-21 15:59:34,2026-10-21 16:01:19,119.1,179
2026-10-21 14:00:58,2026-10-21 15:59:36,2026-10-21 16:00:17,118.64,180
2026-10-21 14:01:15,2026-10-21 15:59:40,2026-10-21 16:01:13,118.43,180
2026-10-21 14:02:23,2026-10-21 16:00:17,2026-10-21 16:04:53,117.9,177
2026-10-21 14:03:14,2026-10-21 16:01:13,2026-10-21 16:04:19,117.99,177
2026-10-21 14:03:19,2026-10-21 16:01:19,2026-10-21 16:02:26,117.99,177
2026-10-21 14:03:43,2026-10-21 16:02:26,2026-10-21 16:04:23,118.71,177
2026-10-21 14:04:24,2026-10-21 16:04:19,2026-10-21 16:04:31,119.92,177
2026-10-21 14:04:58,2026-10-21 16:04:23,2026-10-21 16:07:20,119.42,178
2026-10-21 14:05:25,2026-10-21 16:04:31,2026-10-21 16:06:11,119.1,179
2026-10-21 14:05:44,2026-10-21 16:04:53,2026-10-21 16:05:53,119.16,180
2026-10-21 14:06:23,2026-10-21 16:05:53,2026-10-21 16:08:04,119.49,181
2026-10-21 14:06:51,2026-10-21 16:06:11,2026-10-21 16:11:38,119.33,181
2026-10-21 14:06:59,2026-10-21 16:07:20,2026-10-21 16:08:31,120.35,182
2026-10-21 14:08:05,2026-10-21 16:08:04,2026-10-21 16:08:05,119.98,182
2026-10-21 14:08:55,2026-10-21 16:08:05,2026-10-21 16:11:33,119.18,178
2026-10-21 14:09:42,2026-10-21 16:08:31,2026-10-21 16:15:23,118.81,178
2026-10-21 14:11:51,2026-10-21 16:11:33,2026-10-21 16:19:14,119.71,177
2026-10-21 14:12:06,2026-10-21 16:11:38,2026-10-21 16:13:04,119.53,178
2026-10-21 14:13:11,2026-10-21 16:13:04,2026-10-21 16:17:44,119.87,179
2026-10-21 14:14:34,2026-10-21 16:15:23,2026-10-21 16:21:04,120.82,177
2026-10-21 14:15:30,2026-10-21 16:17:44,2026-10-21 16:19:51,122.24,176
2026-10-21 14:16:09,2026-10-21 16:19:14,2026-10-21 16:21:02,123.08,177
2026-10-21 14:17:06,2026-10-21 16:19:51,2026-10-21 16:19:54,122.76,177
2026-10-21 14:17:07,2026-10-21 16:19:54,2026-10-21 16:20:01,122.78,178
2026-10-21 14:17:12,2026-10-21 16:20:01,2026-10-21 16:24:19,122.82,178
2026-10-21 14:17:36,2026-10-21 16:21:02,2026-10-21 16:21:02,123.42,177
2026-10-21 14:17:42,2026-10-21 16:21:02,2026-10-21 16:27:07,123.34,178
2026-10-21 14:17:42,2026-10-21 16:21:04,2026-10-21 16:21:42,123.36,179
2026-10-21 14:18:01,2026-10-21 16:21:42,2026-10-21 16:26:08,123.69,178
2026-10-21 14:18:08,2026-10-21 16:24:19,2026-10-21 16:26:45,126.19,179
2026-10-21 14:18:50,2026-10-21 16:26:08,2026-10-21 16:29:31,127.3,179
2026-10-21 14:19:15,2026-10-21 16:26:45,2026-10-21 16:29:03,127.5,180
2026-10-21 14:19:49,2026-10-21 16:27:07,2026-10-21 16:28:36,127.31,180
2026-10-21 14:19:53,2026-10-21 16:28:36,2026-10-21 16:39:47,128.71,181
2026-10-21 14:20:19,2026-10-21 16:29:03,2026-10-21 16:29:34,128.73,182
2026-10-21 14:20:21,2026-10-21 16:29:31,2026-10-21 16:30:15,129.15,183
2026-10-21 14:21:19,2026-10-21 16:29:34,2026-10-21 16:30:18,128.26,183
2026-10-21 14:21:19,2026-10-21 16:30:15,2026-10-21 16:31:12,128.93,184
2026-10-21 14:21:31,2026-10-21 16:30:18,2026-10-21 16:30:21,128.78,185
2026-10-21 14:23:13,2026-10-21 16:30:21,2026-10-21 16:30:56,127.14,184
2026-10-21 14:23:31,2026-10-21 16:30:56,2026-10-21 16:32:27,127.42,185
2026-10-21 14:23:38,2026-10-21 16:31:12,2026-10-21 16:33:14,127.56,185
2026-10-21 14:24:08,2026-10-21 16:32:27,2026-10-21 16:33:12,128.32,186
2026-10-21 14:25:01,2026-10-21 16:33:12,2026-10-21 16:33:47,128.19,187
2026-10-21 14:25:16,2026-10-21 16:33:14,2026-10-21 16:34:12,127.97,188
2026-10-21 14:25:56,2026-10-21 16:33:47,2026-10-21 16:34:14,127.84,187
2026-10-21 14:26:41,2026-10-21 16:34:12,2026-10-21 16:36:56,127.52,187
2026-10-21 14:27:05,2026-10-21 16:34:14,2026-10-21 16:40:06,127.14,188
2026-10-21 14:27:46,2026-10-21 16:36:56,2026-10-21 16:37:33,129.16,187
2026-10-21 14:28:29,2026-10-21 16:37:33,2026-10-21 16:45:18,129.07,187
2026-10-21 14:29:12,2026-10-21 16:39:47,2026-10-21 16:43:05,130.58,188
2026-10-21 14:29:18,2026-10-21 16:40:06,2026-10-21 16:40:44,130.79,189
2026-10-21 14:29:25,2026-10-21 16:40:44,2026-10-21 16:41:42,131.32,190
2026-10-21 14:30:05,2026-10-21 16:41:42,2026-10-21 16:42:10,131.61,190
2026-10-21 14:30:08,2026-10-21 16:42:10,2026-10-21 16:49:36,132.02,191
2026-10-21 14:30:20,2026-10-21 16:43:05,2026-10-21 16:49:33,132.74,192
2026-10-21 14:30:37,2026-10-21 16:45:18,2026-10-21 16:45:54,134.67,193
2026-10-21 14:30:39,2026-10-21 16:45:54,2026-10-21 16:46:38,135.25,194
2026-10-21 14:31:05,2026-10-21 16:46:38,2026-10-21 16:47:06,135.55,194
2026-10-21 14:31:25,2026-10-21 16:47:06,2026-10-21 16:50:08,135.69,195
2026-10-21 14:31:29,2026-10-21 16:49:33,2026-10-21 16:53:02,138.07,196
2026-10-21 14:31:44,2026-10-21 16:49:36,2026-10-21 16:51:49,137.87,197
2026-10-21 14:31:47,2026-10-21 16:50:08,2026-10-21 16:51:07,138.36,198
2026-10-21 14:31:48,2026-10-21 16:51:07,2026-10-21 16:51:27,139.33,199
2026-10-21 14:32:01,2026-10-21 16:51:27,2026-10-21 16:51:43,139.44,200
2026-10-21 14:32:38,2026-10-21 16:51:43,2026-10-21 16:52:47,139.09,199
2026-10-21 14:33:21,2026-10-21 16:51:49,2026-10-21 16:55:11,138.48,199
2026-10-21 14:33:30,2026-10-21 16:52:47,2026-10-21 16:53:14,139.28,200
2026-10-21 14:34:18,2026-10-21 16:53:02,2026-10-21 16:58:51,138.74,200
2026-10-21 14:34:27,2026-10-21 16:53:14,2026-10-21 16:59:45,138.78,201
2026-10-21 14:35:56,2026-10-21 16:55:11,2026-10-21 16:57:05,139.25,200
2026-10-21 14:36:25,2026-10-21 16:57:05,2026-10-21 16:59:22,140.66,201
2026-10-21 14:36:55,2026-10-21 16:58:51,2026-10-21 16:59:34,141.93,202
2026-10-21 14:37:25,2026-10-21 16:59:22,2026-10-21 17:02:41,141.94,203
2026-10-21 14:37:34,2026-10-21 16:59:34,2026-10-21 17:00:13,142.02,204
2026-10-21 14:38:54,2026-10-21 16:59:45,2026-10-21 17:05:23,140.85,202
2026-10-21 14:39:13,2026-10-21 17:00:13,2026-10-21 17:02:54,140.99,203
2026-10-21 14:39:34,2026-10-21 17:02:41,2026-10-21 17:04:54,143.13,203
2026-10-21 14:39:49,2026-10-21 17:02:54,2026-10-21 17:06:28,143.08,203
2026-10-21 14:39:59,2026-10-21 17:04:54,2026-10-21 17:15:08,144.92,204
2026-10-21 14:40:43,2026-10-21 17:05:23,2026-10-21 17:06:30,144.67,205
2026-10-21 14:40:57,2026-10-21 17:06:28,2026-10-21 17:12:25,145.5,206
2026-10-21 14:41:13,2026-10-21 17:06:30,2026-10-21 17:13:32,145.28,206
2026-10-21 14:41:19,2026-10-21 17:12:25,2026-10-21 17:14:08,151.1,207
2026-10-21 14:41:24,2026-10-21 17:13:32,2026-10-21 17:16:25,152.15,208
2026-10-21 14:41:28,2026-10-21 17:14:08,2026-10-21 17:17:24,152.66,209
2026-10-21 14:41:46,2026-10-21 17:15:08,2026-10-21 17:16:45,153.37,208
2026-10-21 14:41:52,2026-10-21 17:16:25,2026-10-21 17:17:54,154.55,209
2026-10-21 14:42:00,2026-10-21 17:16:45,2026-10-21 17:23:20,154.75,210
2026-10-21 14:42:12,2026-10-21 17:17:24,2026-10-21 17:20:29,155.19,211
2026-10-21 14:43:33,2026-10-21 17:17:54,2026-10-21 17:18:46,154.36,210
2026-10-21 14:43:44,2026-10-21 17:18:46,2026-10-21 17:19:03,155.04,211
2026-10-21 14:44:27,2026-10-21 17:19:03,2026-10-21 17:19:30,154.6,212
2026-10-21 14:44:57,2026-10-21 17:19:30,2026-10-21 17:20:57,154.54,211
2026-10-21 14:44:59,2026-10-21 17:20:29,2026-10-21 17:21:03,155.5,212
2026-10-21 14:45:24,2026-10-21 17:20:57,2026-10-21 17:23:31,155.55,211
2026-10-21 14:45:25,2026-10-21 17:21:03,2026-10-21 17:21:12,155.63,212
2026-10-21 14:45:43,2026-10-21 17:21:12,2026-10-21 17:21:54,155.48,213
2026-10-21 14:45:50,2026-10-21 17:21:54,2026-10-21 17:22:07,156.07,214
2026-10-21 14:46:38,2026-10-21 17:22:07,2026-10-21 17:25:09,155.48,215
2026-10-21 14:47:07,2026-10-21 17:23:20,2026-10-21 17:28:06,156.22,216
2026-10-21 14:47:39,2026-10-21 17:23:31,2026-10-21 17:24:45,155.86,217
2026-10-21 14:48:05,2026-10-21 17:24:45,2026-10-21 17:26:41,156.65,218
2026-10-21 14:49:37,2026-10-21 17:25:09,2026-10-21 17:27:30,155.53,214
2026-10-21 14:49:50,2026-10-21 17:26:41,2026-10-21 17:26:46,156.85,213
2026-10-21 14:50:46,2026-10-21 17:26:46,2026-10-21 17:29:00,156.0,212
2026-10-21 14:51:58,2026-10-21 17:27:30,2026-10-21 17:27:49,155.53,210
2026-10-21 14:52:19,2026-10-21 17:27:49,2026-10-21 17:30:01,155.49,210
2026-10-21 14:52:24,2026-10-21 17:28:06,2026-10-21 17:29:14,155.7,211
2026-10-21 14:52:51,2026-10-21 17:29:00,2026-10-21 17:31:42,156.15,210
2026-10-21 14:53:08,2026-10-21 17:29:14,2026-10-21 17:33:05,156.1,211
2026-10-21 14:53:51,2026-10-21 17:30:01,2026-10-21 17:32:57,156.17,212
2026-10-21 14:53:58,2026-10-21 17:31:42,2026-10-21 17:39:23,157.74,213
2026-10-21 14:54:00,2026-10-21 17:32:57,2026-10-21 17:33:09,158.96,214
2026-10-21 14:54:05,2026-10-21 17:33:05,2026-10-21 17:34:47,159.0,215
2026-10-21 14:55:36,2026-10-21 17:33:09,2026-10-21 17:35:04,157.55,213
2026-10-21 14:55:36,2026-10-21 17:34:47,2026-10-21 17:34:52,159.18,214
2026-10-21 14:55:48,2026-10-21 17:34:52,2026-10-21 17:37:18,159.06,215
2026-10-21 14:55:48,2026-10-21 17:35:04,2026-10-21 17:36:40,159.26,216
2026-10-21 14:57:07,2026-10-21 17:36:40,2026-10-21 17:38:08,159.55,216
2026-10-21 14:57:09,2026-10-21 17:37:18,2026-10-21 17:39:57,160.15,217
2026-10-21 14:58:26,2026-10-21 17:38:08,2026-10-21 17:40:23,159.71,215
2026-10-21 14:58:33,2026-10-21 17:39:23,2026-10-21 17:43:32,160.82,216
2026-10-21 14:58:40,2026-10-21 17:39:57,2026-10-21 17:41:15,161.29,217
2026-10-21 14:58:48,2026-10-21 17:40:23,2026-10-21 17:42:47,161.57,218
2026-10-21 15:00:25,2026-10-21 17:41:15,2026-10-21 17:42:25,160.84,216
2026-10-21 15:00:28,2026-10-21 17:42:25,2026-10-21 17:51:19,161.94,217
2026-10-21 15:00:35,2026-10-21 17:42:47,2026-10-21 17:42:54,162.2,218
2026-10-21 15:00:39,2026-10-21 17:42:54,2026-10-21 17:44:03,162.24,219
2026-10-21 15:00:46,2026-10-21 17:43:32,2026-10-21 17:50:40,162.77,220
2026-10-21 15:01:45,2026-10-21 17:44:03,2026-10-21 17:44:05,162.29,220
2026-10-21 15:01:49,2026-10-21 17:44:05,2026-10-21 17:46:09,162.27,220
2026-10-21 15:02:27,2026-10-21 17:46:09,2026-10-21 17:46:37,163.71,220
2026-10-21 15:02:32,2026-10-21 17:46:37,2026-10-21 17:53:29,164.07,221
2026-10-21 15:02:47,2026-10-21 17:50:40,2026-10-21 17:50:55,167.87,222
2026-10-21 15:03:03,2026-10-21 17:50:55,2026-10-21 17:51:03,167.87,223
2026-10-21 15:03:03,2026-10-21 17:51:03,2026-10-21 17:51:36,167.99,224
2026-10-21 15:03:06,2026-10-21 17:51:19,2026-10-21 17:51:47,168.22,225
2026-10-21 15:03:40,2026-10-21 17:51:36,2026-10-21 17:52:15,167.92,224
2026-10-21 15:03:59,2026-10-21 17:51:47,2026-10-21 17:54:36,167.79,225
2026-10-21 15:04:18,2026-10-21 17:52:15,2026-10-21 17:52:17,167.95,225
2026-10-21 15:04:26,2026-10-21 17:52:17,2026-10-21 17:52:37,167.85,225
2026-10-21 15:04:58,2026-10-21 17:52:37,2026-10-21 17:55:58,167.65,226
2026-10-21 15:05:01,2026-10-21 17:53:29,2026-10-21 17:53:34,168.47,227
2026-10-21 15:05:08,2026-10-21 17:53:34,2026-10-21 17:56:36,168.44,228
2026-10-21 15:05:16,2026-10-21 17:54:36,2026-10-21 17:59:30,169.33,229
2026-10-21 15:05:39,2026-10-21 17:55:58,2026-10-21 17:56:28,170.31,230
2026-10-21 15:06:04,2026-10-21 17:56:28,2026-10-21 17:58:49,170.4,229
2026-10-21 15:06:36,2026-10-21 17:56:36,2026-10-21 17:57:12,170.0,228
2026-10-21 15:07:09,2026-10-21 17:57:12,2026-10-21 17:58:51,170.04,228
2026-10-21 15:07:22,2026-10-21 17:58:49,2026-10-21 18:04:51,171.45,229
2026-10-21 15:08:03,2026-10-21 17:58:51,2026-10-21 17:59:02,170.8,227
2026-10-21 15:08:22,2026-10-21 17:59:02,2026-10-21 17:59:11,170.66,225
2026-10-21 15:10:51,2026-10-21 17:59:11,2026-10-21 18:05:21,168.33,223
2026-10-21 15:11:13,2026-10-21 17:59:30,2026-10-21 18:00:02,168.29,224
2026-10-21 15:11:48,2026-10-21 18:00:02,2026-10-21 18:04:30,168.23,224
2026-10-21 15:11:56,2026-10-21 18:04:30,2026-10-21 18:07:53,172.56,224
2026-10-21 15:12:35,2026-10-21 18:04:51,2026-10-21 18:06:50,172.28,224
2026-10-21 15:12:45,2026-10-21 18:05:21,2026-10-21 18:07:40,172.59,224
2026-10-21 15:14:36,2026-10-21 18:06:50,2026-10-21 18:10:55,172.23,224
2026-10-21 15:14:59,2026-10-21 18:07:40,2026-10-21 18:07:44,172.69,225
2026-10-21 15:16:58,2026-10-21 18:07:44,2026-10-21 18:15:01,170.77,223
2026-10-21 15:17:13,2026-10-21 18:07:53,2026-10-21 18:09:01,170.68,224
2026-10-21 15:17:18,2026-10-21 18:09:01,2026-10-21 18:11:31,171.72,225
2026-10-21 15:17:51,2026-10-21 18:10:55,2026-10-21 18:13:35,173.06,226
2026-10-21 15:17:58,2026-10-21 18:11:31,2026-10-21 18:12:22,173.55,227
2026-10-21 15:19:03,2026-10-21 18:12:22,2026-10-21 18:13:00,173.32,228
2026-10-21 15:19:06,2026-10-21 18:13:00,2026-10-21 18:19:58,173.91,229
2026-10-21 15:19:23,2026-10-21 18:13:35,2026-10-21 18:14:18,174.2,230
2026-10-21 15:19:53,2026-10-21 18:14:18,2026-10-21 18:14:47,174.42,230
2026-10-21 15:19:56,2026-10-21 18:14:47,2026-10-21 18:15:39,174.86,231
2026-10-21 15:19:57,2026-10-21 18:15:01,2026-10-21 18:15:57,175.08,232
2026-10-21 15:20:04,2026-10-21 18:15:39,2026-10-21 18:15:39,175.58,232
2026-10-21 15:20:11,2026-10-21 18:15:39,2026-10-21 18:19:32,175.46,233
2026-10-21 15:21:42,2026-10-21 18:15:57,2026-10-21 18:16:56,174.26,234
2026-10-21 15:21:43,2026-10-21 18:16:56,2026-10-21 18:20:13,175.21,235
2026-10-21 15:22:34,2026-10-21 18:19:32,2026-10-21 18:20:09,176.98,234
2026-10-21 15:22:38,2026-10-21 18:19:58,2026-10-21 18:22:31,177.34,235
2026-10-21 15:22:56,2026-10-21 18:20:09,2026-10-21 18:20:12,177.21,236
2026-10-21 15:24:24,2026-10-21 18:20:12,2026-10-21 18:22:00,175.79,236
2026-10-21 15:25:32,2026-10-21 18:20:13,2026-10-21 18:21:33,174.69,234
2026-10-21 15:26:09,2026-10-21 18:21:33,2026-10-21 18:25:02,175.4,234
2026-10-21 15:26:35,2026-10-21 18:22:00,2026-10-21 18:26:56,175.42,235
2026-10-21 15:27:14,2026-10-21 18:22:31,2026-10-21 18:28:26,175.29,235
2026-10-21 15:28:33,2026-10-21 18:25:02,2026-10-21 18:26:06,176.5,233
2026-10-21 15:29:00,2026-10-21 18:26:06,2026-10-21 18:29:33,177.1,233
2026-10-21 15:29:28,2026-10-21 18:26:56,2026-10-21 18:27:29,177.47,234
2026-10-21 15:29:38,2026-10-21 18:27:29,2026-10-21 18:28:10,177.85,235
2026-10-21 15:30:35,2026-10-21 18:28:10,2026-10-21 18:29:39,177.59,235
2026-10-21 15:30:36,2026-10-21 18:28:26,2026-10-21 18:41:48,177.83,236
2026-10-21 15:31:59,2026-10-21 18:29:33,2026-10-21 18:38:59,177.56,234
2026-10-21 15:32:10,2026-10-21 18:29:39,2026-10-21 18:31:50,177.49,235
2026-10-21 15:32:15,2026-10-21 18:31:50,2026-10-21 18:34:07,179.58,236
2026-10-21 15:32:42,2026-10-21 18:34:07,2026-10-21 18:34:31,181.42,237
2026-10-21 15:33:25,2026-10-21 18:34:31,2026-10-21 18:36:16,181.09,237
2026-10-21 15:33:37,2026-10-21 18:36:16,2026-10-21 18:36:21,182.64,238
2026-10-21 15:33:51,2026-10-21 18:36:21,2026-10-21 18:36:35,182.51,239
2026-10-21 15:34:06,2026-10-21 18:36:35,2026-10-21 18:39:40,182.49,240
2026-10-21 15:34:07,2026-10-21 18:38:59,2026-10-21 18:43:29,184.86,241
2026-10-21 15:34:44,2026-10-21 18:39:40,2026-10-21 18:39:44,184.94,241
2026-10-21 15:34:50,2026-10-21 18:39:44,2026-10-21 18:40:47,184.9,242
2026-10-21 15:35:24,2026-10-21 18:40:47,2026-10-21 18:42:23,185.38,243
2026-10-21 15:35:30,2026-10-21 18:41:48,2026-10-21 18:44:31,186.3,244
2026-10-21 15:36:30,2026-10-21 18:42:23,2026-10-21 18:42:44,185.88,242
2026-10-21 15:37:01,2026-10-21 18:42:44,2026-10-21 18:43:12,185.72,243
2026-10-21 15:37:34,2026-10-21 18:43:12,2026-10-21 18:44:29,185.64,244
2026-10-21 15:37:36,2026-10-21 18:43:29,2026-10-21 18:45:36,185.88,245
2026-10-21 15:37:54,2026-10-21 18:44:29,2026-10-21 18:44:56,186.6,246
2026-10-21 15:37:55,2026-10-21 18:44:31,2026-10-21 18:45:22,186.6,247
2026-10-21 15:38:04,2026-10-21 18:44:56,2026-10-21 18:48:33,186.86,248
2026-10-21 15:38:17,2026-10-21 18:45:22,2026-10-21 18:45:24,187.09,249
2026-10-21 15:38:19,2026-10-21 18:45:24,2026-10-21 18:45:38,187.09,250
2026-10-21 15:38:41,2026-10-21 18:45:36,2026-10-21 18:46:52,186.93,251
2026-10-21 15:38:55,2026-10-21 18:45:38,2026-10-21 18:46:18,186.72,250
2026-10-21 15:39:21,2026-10-21 18:46:18,2026-10-21 18:48:14,186.95,250
2026-10-21 15:39:31,2026-10-21 18:46:52,2026-10-21 18:47:17,187.35,250
2026-10-21 15:40:25,2026-10-21 18:47:17,2026-10-21 18:50:34,186.88,250
2026-10-21 15:41:12,2026-10-21 18:48:14,2026-10-21 18:50:50,187.03,250
2026-10-21 15:42:11,2026-10-21 18:48:33,2026-10-21 18:51:26,186.37,248
2026-10-21 15:42:14,2026-10-21 18:50:34,2026-10-21 18:54:33,188.34,249
2026-10-21 15:42:19,2026-10-21 18:50:50,2026-10-21 18:58:01,188.51,249
2026-10-21 15:44:13,2026-10-21 18:51:26,2026-10-21 18:52:32,187.22,246
2026-10-21 15:44:19,2026-10-21 18:52:32,2026-10-21 18:55:02,188.22,247
2026-10-21 15:44:24,2026-10-21 18:54:33,2026-10-21 18:55:26,190.13,248
2026-10-21 15:44:36,2026-10-21 18:55:02,2026-10-21 18:56:46,190.43,249
2026-10-21 15:44:46,2026-10-21 18:55:26,2026-10-21 19:03:21,190.67,250
2026-10-21 15:45:01,2026-10-21 18:56:46,2026-10-21 18:57:14,191.76,251
2026-10-21 15:45:17,2026-10-21 18:57:14,2026-10-21 18:58:28,191.96,252
2026-10-21 15:45:37,2026-10-21 18:58:01,2026-10-21 18:59:59,192.4,252
2026-10-21 15:45:44,2026-10-21 18:58:28,2026-10-21 18:59:44,192.74,253
2026-10-21 15:45:58,2026-10-21 18:59:44,2026-10-21 19:00:10,193.77,254
2026-10-21 15:46:02,2026-10-21 18:59:59,2026-10-21 19:00:16,193.95,255
2026-10-21 15:46:12,2026-10-21 19:00:10,2026-10-21 19:03:59,193.97,256
2026-10-21 15:46:14,2026-10-21 19:00:16,2026-10-21 19:05:41,194.03,257
2026-10-21 15:47:13,2026-10-21 19:03:21,2026-10-21 19:04:49,196.12,254
2026-10-21 15:48:03,2026-10-21 19:03:59,2026-10-21 19:08:35,195.93,253
2026-10-21 15:48:13,2026-10-21 19:04:49,2026-10-21 19:05:02,196.6,254
2026-10-21 15:48:35,2026-10-21 19:05:02,2026-10-21 19:06:06,196.45,255
2026-10-21 15:48:47,2026-10-21 19:05:41,2026-10-21 19:05:42,196.9,255
2026-10-21 15:49:06,2026-10-21 19:05:42,2026-10-21 19:09:23,196.6,255
2026-10-21 15:49:08,2026-10-21 19:06:06,2026-10-21 19:07:18,196.96,255
2026-10-21 15:49:10,2026-10-21 19:07:18,2026-10-21 19:07:19,198.14,256
2026-10-21 15:49:55,2026-10-21 19:07:19,2026-10-21 19:08:51,197.39,257
2026-10-21 15:50:22,2026-10-21 19:08:35,2026-10-21 19:08:55,198.21,258
2026-10-21 15:51:17,2026-10-21 19:08:51,2026-10-21 19:10:34,197.58,256
2026-10-21 15:52:08,2026-10-21 19:08:55,2026-10-21 19:09:06,196.78,256
2026-10-21 15:52:55,2026-10-21 19:09:06,2026-10-21 19:09:08,196.17,256
2026-10-21 15:53:08,2026-10-21 19:09:08,2026-10-21 19:15:41,196.01,257
2026-10-21 15:53:27,2026-10-21 19:09:23,2026-10-21 19:12:10,195.93,257
2026-10-21 15:53:46,2026-10-21 19:10:34,2026-10-21 19:10:52,196.81,256
2026-10-21 15:53:56,2026-10-21 19:10:52,2026-10-21 19:13:01,196.93,257
2026-10-21 15:54:12,2026-10-21 19:12:10,2026-10-21 19:13:31,197.98,258
2026-10-21 15:54:13,2026-10-21 19:13:01,2026-10-21 19:13:42,198.81,259
2026-10-21 15:54:55,2026-10-21 19:13:31,2026-10-21 19:16:10,198.59,259
2026-10-21 15:55:22,2026-10-21 19:13:42,2026-10-21 19:14:23,198.33,260
2026-10-21 15:55:23,2026-10-21 19:14:23,2026-10-21 19:14:54,199.0,261
2026-10-21 15:56:05,2026-10-21 19:14:54,2026-10-21 19:15:01,198.82,260
2026-10-21 15:56:31,2026-10-21 19:15:01,2026-10-21 19:15:16,198.51,260
2026-10-21 15:56:48,2026-10-21 19:15:16,2026-10-21 19:17:46,198.47,261
2026-10-21 15:56:57,2026-10-21 19:15:41,2026-10-21 19:16:06,198.73,262
2026-10-21 15:56:59,2026-10-21 19:16:06,2026-10-21 19:17:18,199.11,263
2026-10-21 15:57:08,2026-10-21 19:16:10,2026-10-21 19:17:07,199.03,264
2026-10-21 15:57:27,2026-10-21 19:17:07,2026-10-21 19:17:52,199.67,265
2026-10-21 15:57:58,2026-10-21 19:17:18,2026-10-21 19:17:56,199.33,266
2026-10-21 15:58:55,2026-10-21 19:17:46,2026-10-21 19:18:01,198.85,265
2026-10-21 15:59:36,2026-10-21 19:17:52,2026-10-21 19:19:38,198.28,265
2026-10-21 15:59:58,2026-10-21 19:17:56,2026-10-21 19:19:50,197.97,264
2026-10-21 16:02:02,2026-10-21 19:18:01,2026-10-21 19:19:18,195.99,262
2026-10-21 16:02:16,2026-10-21 19:19:18,2026-10-21 19:19:40,197.04,263
2026-10-21 16:02:28,2026-10-21 19:19:38,2026-10-21 19:25:17,197.16,263
2026-10-21 16:03:25,2026-10-21 19:19:40,2026-10-21 19:24:04,196.25,264
2026-10-21 16:04:20,2026-10-21 19:19:50,2026-10-21 19:19:55,195.5,264
2026-10-21 16:05:28,2026-10-21 19:19:55,2026-10-21 19:20:04,194.44,262
2026-10-21 16:05:32,2026-10-21 19:20:04,2026-10-21 19:22:18,194.54,263
2026-10-21 16:05:45,2026-10-21 19:22:18,2026-10-21 19:23:45,196.56,264
2026-10-21 16:06:01,2026-10-21 19:23:45,2026-10-21 19:24:08,197.72,264
2026-10-21 16:06:13,2026-10-21 19:24:04,2026-10-21 19:26:56,197.85,264
2026-10-21 16:06:14,2026-10-21 19:24:08,2026-10-21 19:25:25,197.9,265
2026-10-21 16:06:28,2026-10-21 19:25:17,2026-10-21 19:30:53,198.83,266
2026-10-21 16:06:48,2026-10-21 19:25:25,2026-10-21 19:27:21,198.63,267
2026-10-21 16:07:07,2026-10-21 19:26:56,2026-10-21 19:27:33,199.82,268
2026-10-21 16:08:09,2026-10-21 19:27:21,2026-10-21 19:28:44,199.2,266
2026-10-21 16:08:26,2026-10-21 19:27:33,2026-10-21 19:28:45,199.11,267
2026-10-21 16:08:27,2026-10-21 19:28:44,2026-10-21 19:30:24,200.28,268
2026-10-21 16:08:28,2026-10-21 19:28:45,2026-10-21 19:32:37,200.29,269
2026-10-21 16:08:31,2026-10-21 19:30:24,2026-10-21 19:36:34,201.89,269
2026-10-21 16:08:34,2026-10-21 19:30:53,2026-10-21 19:33:15,202.33,270
2026-10-21 16:08:54,2026-10-21 19:32:37,2026-10-21 19:34:07,203.72,271
2026-10-21 16:09:15,2026-10-21 19:33:15,2026-10-21 19:34:32,204.01,272
2026-10-21 16:09:22,2026-10-21 19:34:07,2026-10-21 19:35:54,204.75,273
2026-10-21 16:10:16,2026-10-21 19:34:32,2026-10-21 19:37:16,204.28,274
2026-10-21 16:10:22,2026-10-21 19:35:54,2026-10-21 19:37:37,205.54,275
2026-10-21 16:10:40,2026-10-21 19:36:34,2026-10-21 19:36:34,205.9,276
2026-10-21 16:10:45,2026-10-21 19:36:34,2026-10-21 19:36:48,205.82,277
2026-10-21 16:10:47,2026-10-21 19:36:48,2026-10-21 19:40:25,206.01,278
2026-10-21 16:10:48,2026-10-21 19:37:16,2026-10-21 19:39:01,206.46,279
2026-10-21 16:11:05,2026-10-21 19:37:37,2026-10-21 19:37:37,206.53,280
2026-10-21 16:11:23,2026-10-21 19:37:37,2026-10-21 19:42:36,206.24,281
2026-10-21 16:11:26,2026-10-21 19:39:01,2026-10-21 19:40:54,207.59,282
2026-10-21 16:11:33,2026-10-21 19:40:25,2026-10-21 19:44:41,208.86,283
2026-10-21 16:12:25,2026-10-21 19:40:54,2026-10-21 19:41:22,208.48,282
2026-10-21 16:12:49,2026-10-21 19:41:22,2026-10-21 19:42:26,208.56,283
2026-10-21 16:13:38,2026-10-21 19:42:26,2026-10-21 19:43:09,208.79,283
2026-10-21 16:14:14,2026-10-21 19:42:36,2026-10-21 19:44:46,208.37,284
2026-10-21 16:14:20,2026-10-21 19:43:09,2026-10-21 19:43:57,208.82,285
2026-10-21 16:14:26,2026-10-21 19:43:57,2026-10-21 19:45:10,209.53,286
2026-10-21 16:14:58,2026-10-21 19:44:41,2026-10-21 19:46:13,209.72,287
2026-10-21 16:15:22,2026-10-21 19:44:46,2026-10-21 19:45:41,209.4,288
2026-10-21 16:15:33,2026-10-21 19:45:10,2026-10-21 19:53:25,209.6,288
2026-10-21 16:15:35,2026-10-21 19:45:41,2026-10-21 19:45:53,210.12,289
2026-10-21 16:15:46,2026-10-21 19:45:53,2026-10-21 19:46:23,210.12,290
2026-10-21 16:16:00,2026-10-21 19:46:13,2026-10-21 19:49:49,210.2,291
2026-10-21 16:16:35,2026-10-21 19:46:23,2026-10-21 19:48:28,209.8,292
2026-10-21 16:16:38,2026-10-21 19:48:28,2026-10-21 19:49:13,211.84,293
2026-10-21 16:17:07,2026-10-21 19:49:13,2026-10-21 19:52:07,212.1,294
2026-10-21 16:17:14,2026-10-21 19:49:49,2026-10-21 19:49:54,212.57,295
2026-10-21 16:18:39,2026-10-21 19:49:54,2026-10-21 19:50:44,211.25,295
2026-10-21 16:18:57,2026-10-21 19:50:44,2026-10-21 19:52:43,211.78,296
2026-10-21 16:19:37,2026-10-21 19:52:07,2026-10-21 19:54:35,212.51,296
2026-10-21 16:20:00,2026-10-21 19:52:43,2026-10-21 19:57:10,212.72,295
2026-10-21 16:21:30,2026-10-21 19:53:25,2026-10-21 19:54:12,211.93,292
2026-10-21 16:23:07,2026-10-21 19:54:12,2026-10-21 19:56:34,211.08,292
2026-10-21 16:24:50,2026-10-21 19:54:35,2026-10-21 20:00:37,209.74,292
2026-10-21 16:25:20,2026-10-21 19:56:34,2026-10-21 19:56:44,211.25,293
2026-10-21 16:25:26,2026-10-21 19:56:44,2026-10-21 19:57:25,211.3,294
2026-10-21 16:25:51,2026-10-21 19:57:10,2026-10-21 19:57:35,211.31,295
2026-10-21 16:26:02,2026-10-21 19:57:25,2026-10-21 19:57:30,211.39,296
2026-10-21 16:26:38,2026-10-21 19:57:30,2026-10-21 19:57:42,210.86,296
2026-10-21 16:27:08,2026-10-21 19:57:35,2026-10-21 19:57:55,210.45,295
2026-10-21 16:27:19,2026-10-21 19:57:42,2026-10-21 20:05:20,210.38,296
2026-10-21 16:28:00,2026-10-21 19:57:55,2026-10-21 19:58:30,209.91,297
2026-10-21 16:28:39,2026-10-21 19:58:30,2026-10-21 20:02:18,209.86,297
2026-10-21 16:30:01,2026-10-21 20:00:37,2026-10-21 20:02:58,210.59,295
2026-10-21 16:30:31,2026-10-21 20:02:18,2026-10-21 20:15:09,211.78,293
2026-10-21 16:30:56,2026-10-21 20:02:58,2026-10-21 20:09:23,212.03,293
2026-10-21 16:31:25,2026-10-21 20:05:20,2026-10-21 20:06:11,213.9,293
2026-10-21 16:31:57,2026-10-21 20:06:11,2026-10-21 20:07:33,214.24,294
2026-10-21 16:32:10,2026-10-21 20:07:33,2026-10-21 20:10:00,215.4,295
2026-10-21 16:32:10,2026-10-21 20:09:23,2026-10-21 20:09:27,217.23,296
2026-10-21 16:32:30,2026-10-21 20:09:27,2026-10-21 20:12:14,216.96,296
2026-10-21 16:33:03,2026-10-21 20:10:00,2026-10-21 20:10:45,216.95,297
2026-10-21 16:33:29,2026-10-21 20:10:45,2026-10-21 20:12:12,217.25,296
2026-10-21 16:34:48,2026-10-21 20:12:12,2026-10-21 20:12:32,217.39,294
2026-10-21 16:35:03,2026-10-21 20:12:14,2026-10-21 20:13:08,217.19,295
2026-10-21 16:35:42,2026-10-21 20:12:32,2026-10-21 20:13:09,216.83,296
2026-10-21 16:36:07,2026-10-21 20:13:08,2026-10-21 20:15:58,217.01,297
2026-10-21 16:36:34,2026-10-21 20:13:09,2026-10-21 20:23:05,216.57,298
2026-10-21 16:36:43,2026-10-21 20:15:09,2026-10-21 20:20:31,218.43,299
2026-10-21 16:37:28,2026-10-21 20:15:58,2026-10-21 20:16:47,218.51,299
2026-10-21 16:38:18,2026-10-21 20:16:47,2026-10-21 20:22:19,218.49,299
2026-10-21 16:39:41,2026-10-21 20:20:31,2026-10-21 20:22:11,220.83,300
2026-10-21 16:40:24,2026-10-21 20:22:11,2026-10-21 20:24:48,221.79,299
2026-10-21 16:40:30,2026-10-21 20:22:19,2026-10-21 20:28:08,221.81,300
2026-10-21 16:40:42,2026-10-21 20:23:05,2026-10-21 20:23:53,222.38,301
2026-10-21 16:40:56,2026-10-21 20:23:53,2026-10-21 20:25:03,222.94,301
2026-10-21 16:41:27,2026-10-21 20:24:48,2026-10-21 20:27:46,223.35,302
2026-10-21 16:41:43,2026-10-21 20:25:03,2026-10-21 20:29:31,223.32,302
2026-10-21 16:41:56,2026-10-21 20:27:46,2026-10-21 20:36:39,225.83,303
2026-10-21 16:43:46,2026-10-21 20:28:08,2026-10-21 20:30:02,224.36,302
2026-10-21 16:44:25,2026-10-21 20:29:31,2026-10-21 20:34:29,225.1,303
2026-10-21 16:44:58,2026-10-21 20:30:02,2026-10-21 20:32:22,225.05,304
2026-10-21 16:45:16,2026-10-21 20:32:22,2026-10-21 20:32:42,227.1,305
2026-10-21 16:45:24,2026-10-21 20:32:42,2026-10-21 20:34:10,227.3,305
2026-10-21 16:45:34,2026-10-21 20:34:10,2026-10-21 20:35:43,228.6,306
2026-10-21 16:46:31,2026-10-21 20:34:29,2026-10-21 20:40:39,227.96,306
2026-10-21 16:46:48,2026-10-21 20:35:43,2026-10-21 20:35:59,228.91,306
2026-10-21 16:46:50,2026-10-21 20:35:59,2026-10-21 20:38:18,229.16,307
2026-10-21 16:48:59,2026-10-21 20:36:39,2026-10-21 20:36:58,227.67,307
2026-10-21 16:49:40,2026-10-21 20:36:58,2026-10-21 20:40:19,227.29,306
2026-10-21 16:50:21,2026-10-21 20:38:18,2026-10-21 20:39:30,227.96,306
2026-10-21 16:50:50,2026-10-21 20:39:30,2026-10-21 20:39:39,228.66,307
2026-10-21 16:50:52,2026-10-21 20:39:39,2026-10-21 20:41:35,228.77,308
2026-10-21 16:50:54,2026-10-21 20:40:19,2026-10-21 20:44:39,229.42,309
2026-10-21 16:50:55,2026-10-21 20:40:39,2026-10-21 20:43:11,229.73,310
2026-10-21 16:51:20,2026-10-21 20:41:35,2026-10-21 20:43:11,230.25,310
2026-10-21 16:51:25,2026-10-21 20:43:11,2026-10-21 20:44:16,231.77,311
2026-10-21 16:51:44,2026-10-21 20:43:11,2026-10-21 20:44:19,231.45,310
2026-10-21 16:51:49,2026-10-21 20:44:16,2026-10-21 20:44:42,232.45,311
2026-10-21 16:51:49,2026-10-21 20:44:19,2026-10-21 20:45:11,232.5,312
2026-10-21 16:52:44,2026-10-21 20:44:39,2026-10-21 20:47:34,231.92,312
2026-10-21 16:52:44,2026-10-21 20:44:42,2026-10-21 20:46:46,231.96,313
2026-10-21 16:53:31,2026-10-21 20:45:11,2026-10-21 20:45:29,231.66,311
2026-10-21 16:53:50,2026-10-21 20:45:29,2026-10-21 20:51:45,231.65,312
2026-10-21 16:55:03,2026-10-21 20:46:46,2026-10-21 20:47:23,231.7,313
2026-10-21 16:55:27,2026-10-21 20:47:23,2026-10-21 20:47:37,231.94,313
2026-10-21 16:56:12,2026-10-21 20:47:34,2026-10-21 20:48:03,231.38,314
2026-10-21 16:56:25,2026-10-21 20:47:37,2026-10-21 20:50:31,231.2,315
2026-10-21 16:57:10,2026-10-21 20:48:03,2026-10-21 20:56:36,230.88,315
2026-10-21 16:58:58,2026-10-21 20:50:31,2026-10-21 20:50:40,231.56,315
2026-10-21 16:58:59,2026-10-21 20:50:40,2026-10-21 20:52:28,231.68,316
2026-10-21 16:59:06,2026-10-21 20:51:45,2026-10-21 21:00:16,232.65,317
2026-10-21 16:59:31,2026-10-21 20:52:28,2026-10-21 20:53:05,232.95,317
2026-10-21 16:59:48,2026-10-21 20:53:05,2026-10-21 20:56:55,233.29,316
2026-10-21 16:59:54,2026-10-21 20:56:36,2026-10-21 20:57:22,236.7,317
2026-10-22 09:00:46,2026-10-22 09:00:46,2026-10-22 09:01:03,0.0,0
2026-10-22 09:00:56,2026-10-22 09:00:56,2026-10-22 09:01:05,0.0,0
2026-10-22 09:01:51,2026-10-22 09:01:51,2026-10-22 09:03:41,0.0,0
2026-10-22 09:02:46,2026-10-22 09:02:46,2026-10-22 09:06:09,0.0,0
2026-10-22 09:03:28,2026-10-22 09:03:28,2026-10-22 09:07:50,0.0,0
2026-10-22 09:03:57,2026-10-22 09:03:57,2026-10-22 09:06:36,0.0,0
2026-10-22 09:05:18,2026-10-22 09:06:09,2026-10-22 09:08:35,0.85,0
2026-10-22 09:06:03,2026-10-22 09:06:36,2026-10-22 09:06:39,0.54,1
2026-10-22 09:07:11,2026-10-22 09:07:11,2026-10-22 09:08:41,0.0,0
2026-10-22 09:08:16,2026-10-22 09:08:16,2026-10-22 09:08:19,0.0,0
2026-10-22 09:08:49,2026-10-22 09:08:49,2026-10-22 09:11:12,0.0,0
2026-10-22 09:09:10,2026-10-22 09:09:10,2026-10-22 09:12:23,0.0,0
2026-10-22 09:09:28,2026-10-22 09:09:28,2026-10-22 09:11:22,0.0,0
2026-10-22 09:10:05,2026-10-22 09:11:12,2026-10-22 09:14:21,1.1,0
2026-10-22 09:10:50,2026-10-22 09:11:22,2026-10-22 09:12:50,0.54,1
2026-10-22 09:10:52,2026-10-22 09:12:23,2026-10-22 09:12:24,1.51,2
2026-10-22 09:11:30,2026-10-22 09:12:24,2026-10-22 09:15:40,0.9,1
2026-10-22 09:12:04,2026-10-22 09:12:50,2026-10-22 09:14:51,0.76,2
2026-10-22 09:13:19,2026-10-22 09:14:21,2026-10-22 09:14:37,1.04,0
2026-10-22 09:13:34,2026-10-22 09:14:37,2026-10-22 09:14:51,1.04,1
2026-10-22 09:13:34,2026-10-22 09:14:51,2026-10-22 09:21:55,1.27,2
2026-10-22 09:14:04,2026-10-22 09:14:51,2026-10-22 09:15:28,0.78,3
2026-10-22 09:14:31,2026-10-22 09:15:28,2026-10-22 09:19:44,0.96,3
2026-10-22 09:15:16,2026-10-22 09:15:40,2026-10-22 09:17:55,0.41,1
2026-10-22 09:15:53,2026-10-22 09:17:55,2026-10-22 09:19:19,2.04,0
2026-10-22 09:16:47,2026-10-22 09:19:19,2026-10-22 09:19:29,2.53,1
2026-10-22 09:16:56,2026-10-22 09:19:29,2026-10-22 09:19:44,2.55,2
2026-10-22 09:16:57,2026-10-22 09:19:44,2026-10-22 09:23:08,2.77,3
2026-10-22 09:17:07,2026-10-22 09:19:44,2026-10-22 09:20:19,2.62,4
2026-10-22 09:18:00,2026-10-22 09:20:19,2026-10-22 09:24:41,2.31,4
2026-10-22 09:18:05,2026-10-22 09:21:55,2026-10-22 09:23:01,3.84,5
2026-10-22 09:19:11,2026-10-22 09:23:01,2026-10-22 09:26:21,3.83,6
2026-10-22 09:19:26,2026-10-22 09:23:08,2026-10-22 09:23:56,3.7,6
2026-10-22 09:19:59,2026-10-22 09:23:56,2026-10-22 09:28:24,3.95,4
2026-10-22 09:20:10,2026-10-22 09:24:41,2026-10-22 09:25:26,4.52,5
2026-10-22 09:20:42,2026-10-22 09:25:26,2026-10-22 09:28:37,4.73,5
2026-10-22 09:21:40,2026-10-22 09:26:21,2026-10-22 09:28:49,4.68,6
2026-10-22 09:22:30,2026-10-22 09:28:24,2026-10-22 09:29:24,5.9,6
2026-10-22 09:23:16,2026-10-22 09:28:37,2026-10-22 09:28:51,5.36,5
2026-10-22 09:23:22,2026-10-22 09:28:49,2026-10-22 09:32:47,5.44,6
2026-10-22 09:23:40,2026-10-22 09:28:51,2026-10-22 09:29:52,5.17,7
2026-10-22 09:24:09,2026-10-22 09:29:24,2026-10-22 09:30:00,5.25,7
2026-10-22 09:24:42,2026-10-22 09:29:52,2026-10-22 09:30:19,5.17,7
2026-10-22 09:25:13,2026-10-22 09:30:00,2026-10-22 09:30:12,4.78,8
2026-10-22 09:25:20,2026-10-22 09:30:12,2026-10-22 09:31:10,4.87,9
2026-10-22 09:25:25,2026-10-22 09:30:19,2026-10-22 09:32:20,4.89,10
2026-10-22 09:25:31,2026-10-22 09:31:10,2026-10-22 09:32:52,5.65,10
2026-10-22 09:25:44,2026-10-22 09:32:20,2026-10-22 09:32:26,6.61,11
2026-10-22 09:25:47,2026-10-22 09:32:26,2026-10-22 09:32:37,6.65,12
2026-10-22 09:26:26,2026-10-22 09:32:37,2026-10-22 09:33:28,6.19,12
2026-10-22 09:28:54,2026-10-22 09:32:47,2026-10-22 09:33:22,3.89,9
2026-10-22 09:28:55,2026-10-22 09:32:52,2026-10-22 09:33:13,3.95,10
2026-10-22 09:29:32,2026-10-22 09:33:13,2026-10-22 09:34:42,3.68,10
2026-10-22 09:30:03,2026-10-22 09:33:22,2026-10-22 09:37:34,3.3,9
2026-10-22 09:30:43,2026-10-22 09:33:28,2026-10-22 09:35:19,2.74,8
2026-10-22 09:30:54,2026-10-22 09:34:42,2026-10-22 09:35:45,3.8,9
2026-10-22 09:31:21,2026-10-22 09:35:19,2026-10-22 09:36:24,3.96,9
2026-10-22 09:32:20,2026-10-22 09:35:45,2026-10-22 09:37:08,3.42,10
2026-10-22 09:32:32,2026-10-22 09:36:24,2026-10-22 09:38:08,3.86,9
2026-10-22 09:32:39,2026-10-22 09:37:08,2026-10-22 09:41:26,4.49,9
2026-10-22 09:32:41,2026-10-22 09:37:34,2026-10-22 09:39:54,4.88,10
2026-10-22 09:32:59,2026-10-22 09:38:08,2026-10-22 09:38:52,5.15,9
2026-10-22 09:33:28,2026-10-22 09:38:52,2026-10-22 09:41:04,5.4,7
2026-10-22 09:34:19,2026-10-22 09:39:54,2026-10-22 09:41:54,5.59,8
2026-10-22 09:34:38,2026-10-22 09:41:04,2026-10-22 09:43:22,6.43,9
2026-10-22 09:34:44,2026-10-22 09:41:26,2026-10-22 09:41:49,6.7,9
2026-10-22 09:34:46,2026-10-22 09:41:49,2026-10-22 09:41:51,7.06,10
2026-10-22 09:35:42,2026-10-22 09:41:51,2026-10-22 09:42:38,6.14,10
2026-10-22 09:36:56,2026-10-22 09:41:54,2026-10-22 09:45:31,4.95,9
2026-10-22 09:37:26,2026-10-22 09:42:38,2026-10-22 09:42:46,5.2,9
2026-10-22 09:37:42,2026-10-22 09:42:46,2026-10-22 09:43:38,5.06,9
2026-10-22 09:38:00,2026-10-22 09:43:22,2026-10-22 09:46:12,5.37,10
2026-10-22 09:38:03,2026-10-22 09:43:38,2026-10-22 09:48:24,5.58,11
2026-10-22 09:41:07,2026-10-22 09:45:31,2026-10-22 09:46:35,4.41,8
2026-10-22 09:41:56,2026-10-22 09:46:12,2026-10-22 09:52:39,4.26,5
2026-10-22 09:42:07,2026-10-22 09:46:35,2026-10-22 09:47:31,4.46,6
2026-10-22 09:42:15,2026-10-22 09:47:31,2026-10-22 09:50:04,5.26,7
2026-10-22 09:42:21,2026-10-22 09:48:24,2026-10-22 09:48:59,6.05,8
2026-10-22 09:42:43,2026-10-22 09:48:59,2026-10-22 09:49:44,6.26,8
2026-10-22 09:43:19,2026-10-22 09:49:44,2026-10-22 09:50:02,6.41,8
2026-10-22 09:44:04,2026-10-22 09:50:02,2026-10-22 09:51:10,5.96,7
2026-10-22 09:44:58,2026-10-22 09:50:04,2026-10-22 09:57:24,5.1,8
2026-10-22 09:45:02,2026-10-22 09:51:10,2026-10-22 09:52:54,6.14,9
2026-10-22 09:45:18,2026-10-22 09:52:39,2026-10-22 09:53:06,7.36,10
2026-10-22 09:46:01,2026-10-22 09:52:54,2026-10-22 09:53:29,6.87,10
2026-10-22 09:47:05,2026-10-22 09:53:06,2026-10-22 09:54:07,6.02,9
2026-10-22 09:47:18,2026-10-22 09:53:29,2026-10-22 09:55:35,6.19,10
2026-10-22 09:47:24,2026-10-22 09:54:07,2026-10-22 09:57:18,6.72,11
2026-10-22 09:48:43,2026-10-22 09:55:35,2026-10-22 09:56:53,6.87,10
2026-10-22 09:49:08,2026-10-22 09:56:53,2026-10-22 10:00:51,7.76,10
2026-10-22 09:49:29,2026-10-22 09:57:18,2026-10-22 10:00:57,7.81,11
2026-10-22 09:49:33,2026-10-22 09:57:24,2026-10-22 09:58:04,7.86,12
2026-10-22 09:51:03,2026-10-22 09:58:04,2026-10-22 09:59:13,7.02,10
2026-10-22 09:51:28,2026-10-22 09:59:13,2026-10-22 10:04:46,7.75,10
2026-10-22 09:53:52,2026-10-22 10:00:51,2026-10-22 10:03:08,6.98,7
2026-10-22 09:53:54,2026-10-22 10:00:57,2026-10-22 10:02:47,7.04,8
2026-10-22 09:54:22,2026-10-22 10:02:47,2026-10-22 10:06:20,8.42,8
2026-10-22 09:54:36,2026-10-22 10:03:08,2026-10-22 10:04:29,8.52,9
2026-10-22 09:54:38,2026-10-22 10:04:29,2026-10-22 10:04:46,9.86,10
2026-10-22 09:55:00,2026-10-22 10:04:46,2026-10-22 10:08:30,9.77,11
2026-10-22 09:55:14,2026-10-22 10:04:46,2026-10-22 10:09:28,9.53,12
2026-10-22 09:55:59,2026-10-22 10:06:20,2026-10-22 10:08:33,10.36,12
2026-10-22 09:56:04,2026-10-22 10:08:30,2026-10-22 10:11:21,12.43,13
2026-10-22 09:56:11,2026-10-22 10:08:33,2026-10-22 10:13:00,12.37,14
2026-10-22 09:57:15,2026-10-22 10:09:28,2026-10-22 10:09:33,12.23,14
2026-10-22 09:57:34,2026-10-22 10:09:33,2026-10-22 10:10:36,11.99,13
2026-10-22 09:59:05,2026-10-22 10:10:36,2026-10-22 10:12:23,11.51,13
2026-10-22 09:59:26,2026-10-22 10:11:21,2026-10-22 10:12:14,11.92,13
2026-10-22 10:00:01,2026-10-22 10:12:14,2026-10-22 10:15:00,12.2,14
2026-10-22 10:00:34,2026-10-22 10:12:23,2026-10-22 10:15:32,11.81,15
2026-10-22 10:00:55,2026-10-22 10:13:00,2026-10-22 10:21:03,12.1,15
2026-10-22 10:01:13,2026-10-22 10:15:00,2026-10-22 10:15:31,13.78,15
2026-10-22 10:01:16,2026-10-22 10:15:31,2026-10-22 10:17:20,14.26,16
2026-10-22 10:01:58,2026-10-22 10:15:32,2026-10-22 10:15:40,13.56,17
2026-10-22 10:02:43,2026-10-22 10:15:40,2026-10-22 10:18:15,12.95,18
2026-10-22 10:02:50,2026-10-22 10:17:20,2026-10-22 10:18:13,14.5,18
2026-10-22 10:03:19,2026-10-22 10:18:13,2026-10-22 10:20:25,14.9,18
2026-10-22 10:04:23,2026-10-22 10:18:15,2026-10-22 10:19:54,13.86,19
2026-10-22 10:04:30,2026-10-22 10:19:54,2026-10-22 10:20:35,15.41,19
2026-10-22 10:05:11,2026-10-22 10:20:25,2026-10-22 10:21:29,15.24,18
2026-10-22 10:05:16,2026-10-22 10:20:35,2026-10-22 10:23:01,15.32,19
2026-10-22 10:05:31,2026-10-22 10:21:03,2026-10-22 10:21:25,15.54,20
2026-10-22 10:05:49,2026-10-22 10:21:25,2026-10-22 10:21:30,15.6,21
2026-10-22 10:06:15,2026-10-22 10:21:29,2026-10-22 10:22:04,15.24,22
2026-10-22 10:07:03,2026-10-22 10:21:30,2026-10-22 10:28:02,14.45,22
2026-10-22 10:07:15,2026-10-22 10:22:04,2026-10-22 10:22:53,14.81,23
2026-10-22 10:07:16,2026-10-22 10:22:53,2026-10-22 10:24:38,15.61,24
2026-10-22 10:07:31,2026-10-22 10:23:01,2026-10-22 10:25:01,15.5,25
2026-10-22 10:08:26,2026-10-22 10:24:38,2026-10-22 10:27:19,16.2,26
2026-10-22 10:08:31,2026-10-22 10:25:01,2026-10-22 10:26:15,16.49,26
2026-10-22 10:08:39,2026-10-22 10:26:15,2026-10-22 10:27:32,17.6,26
2026-10-22 10:08:45,2026-10-22 10:27:19,2026-10-22 10:28:15,18.57,27
2026-10-22 10:09:04,2026-10-22 10:27:32,2026-10-22 10:28:12,18.46,28
2026-10-22 10:09:25,2026-10-22 10:28:02,2026-10-22 10:30:55,18.63,29
2026-10-22 10:09:32,2026-10-22 10:28:12,2026-10-22 10:33:39,18.68,29
2026-10-22 10:09:34,2026-10-22 10:28:15,2026-10-22 10:29:57,18.69,29
2026-10-22 10:11:02,2026-10-22 10:29:57,2026-10-22 10:30:18,18.92,29
2026-10-22 10:11:06,2026-10-22 10:30:18,2026-10-22 10:30:59,19.2,30
2026-10-22 10:11:51,2026-10-22 10:30:55,2026-10-22 10:31:03,19.05,30
2026-10-22 10:11:56,2026-10-22 10:30:59,2026-10-22 10:33:57,19.06,31
2026-10-22 10:13:14,2026-10-22 10:31:03,2026-10-22 10:32:36,17.82,29
2026-10-22 10:13:23,2026-10-22 10:32:36,2026-10-22 10:34:14,19.23,30
2026-10-22 10:13:39,2026-10-22 10:33:39,2026-10-22 10:33:44,19.99,31
2026-10-22 10:14:00,2026-10-22 10:33:44,2026-10-22 10:37:13,19.74,32
2026-10-22 10:14:02,2026-10-22 10:33:57,2026-10-22 10:34:37,19.93,33
2026-10-22 10:14:07,2026-10-22 10:34:14,2026-10-22 10:34:29,20.12,34
2026-10-22 10:15:35,2026-10-22 10:34:29,2026-10-22 10:35:23,18.9,32
2026-10-22 10:16:14,2026-10-22 10:34:37,2026-10-22 10:37:26,18.39,32
2026-10-22 10:16:21,2026-10-22 10:35:23,2026-10-22 10:40:52,19.05,33
2026-10-22 10:16:38,2026-10-22 10:37:13,2026-10-22 10:37:55,20.59,34
2026-10-22 10:17:28,2026-10-22 10:37:26,2026-10-22 10:41:07,19.96,34
2026-10-22 10:17:44,2026-10-22 10:37:55,2026-10-22 10:38:42,20.18,35
2026-10-22 10:17:54,2026-10-22 10:38:42,2026-10-22 10:40:03,20.8,36
2026-10-22 10:18:02,2026-10-22 10:40:03,2026-10-22 10:40:55,22.02,37
2026-10-22 10:18:09,2026-10-22 10:40:52,2026-10-22 10:43:19,22.71,38
2026-10-22 10:19:22,2026-10-22 10:40:55,2026-10-22 10:48:53,21.54,37
2026-10-22 10:19:58,2026-10-22 10:41:07,2026-10-22 10:44:24,21.16,37
2026-10-22 10:20:32,2026-10-22 10:43:19,2026-10-22 10:45:33,22.78,37
2026-10-22 10:20:41,2026-10-22 10:44:24,2026-10-22 10:45:46,23.72,37
2026-10-22 10:20:59,2026-10-22 10:45:33,2026-10-22 10:48:48,24.57,38
2026-10-22 10:21:15,2026-10-22 10:45:46,2026-10-22 10:49:24,24.52,38
2026-10-22 10:21:27,2026-10-22 10:48:48,2026-10-22 10:54:12,27.36,38
2026-10-22 10:22:36,2026-10-22 10:48:53,2026-10-22 10:49:12,26.3,36
2026-10-22 10:23:34,2026-10-22 10:49:12,2026-10-22 10:50:12,25.64,35
2026-10-22 10:25:08,2026-10-22 10:49:24,2026-10-22 10:49:38,24.27,34
2026-10-22 10:25:18,2026-10-22 10:49:38,2026-10-22 10:50:41,24.32,35
2026-10-22 10:25:21,2026-10-22 10:50:12,2026-10-22 10:51:36,24.86,36
2026-10-22 10:25:37,2026-10-22 10:50:41,2026-10-22 10:51:27,25.08,37
2026-10-22 10:25:37,2026-10-22 10:51:27,2026-10-22 10:54:00,25.83,38
2026-10-22 10:25:58,2026-10-22 10:51:36,2026-10-22 10:52:06,25.63,39
2026-10-22 10:26:10,2026-10-22 10:52:06,2026-10-22 10:53:49,25.94,40
2026-10-22 10:26:59,2026-10-22 10:53:49,2026-10-22 10:53:51,26.84,40
2026-10-22 10:27:16,2026-10-22 10:53:51,2026-10-22 10:54:57,26.58,41
2026-10-22 10:27:35,2026-10-22 10:54:00,2026-10-22 10:54:21,26.41,40
2026-10-22 10:27:42,2026-10-22 10:54:12,2026-10-22 10:54:25,26.5,41
2026-10-22 10:28:00,2026-10-22 10:54:21,2026-10-22 10:54:26,26.34,42
2026-10-22 10:28:07,2026-10-22 10:54:25,2026-10-22 10:55:57,26.3,42
2026-10-22 10:28:25,2026-10-22 10:54:26,2026-10-22 10:55:30,26.02,41
2026-10-22 10:29:42,2026-10-22 10:54:57,2026-10-22 10:55:27,25.25,42
2026-10-22 10:30:16,2026-10-22 10:55:27,2026-10-22 10:55:43,25.19,42
2026-10-22 10:30:22,2026-10-22 10:55:30,2026-10-22 10:55:59,25.14,42
2026-10-22 10:30:42,2026-10-22 10:55:43,2026-10-22 10:58:18,25.03,43
2026-10-22 10:30:42,2026-10-22 10:55:57,2026-10-22 10:57:15,25.26,44
2026-10-22 10:31:31,2026-10-22 10:55:59,2026-10-22 10:56:12,24.47,42
2026-10-22 10:31:46,2026-10-22 10:56:12,2026-10-22 10:59:22,24.44,43
2026-10-22 10:31:48,2026-10-22 10:57:15,2026-10-22 10:57:58,25.46,44
2026-10-22 10:33:06,2026-10-22 10:57:58,2026-10-22 10:58:29,24.87,44
2026-10-22 10:33:16,2026-10-22 10:58:18,2026-10-22 10:58:36,25.04,45
2026-10-22 10:33:25,2026-10-22 10:58:29,2026-10-22 11:02:36,25.06,46
2026-10-22 10:34:00,2026-10-22 10:58:36,2026-10-22 11:00:03,24.6,44
2026-10-22 10:34:05,2026-10-22 10:59:22,2026-10-22 11:00:07,25.28,45
2026-10-22 10:34:33,2026-10-22 11:00:03,2026-10-22 11:04:50,25.51,44
2026-10-22 10:35:10,2026-10-22 11:00:07,2026-10-22 11:06:46,24.95,44
2026-10-22 10:35:13,2026-10-22 11:02:36,2026-10-22 11:03:56,27.37,45
2026-10-22 10:35:20,2026-10-22 11:03:56,2026-10-22 11:05:48,28.6,46
2026-10-22 10:35:54,2026-10-22 11:04:50,2026-10-22 11:05:40,28.93,46
2026-10-22 10:35:59,2026-10-22 11:05:40,2026-10-22 11:06:23,29.68,47
2026-10-22 10:35:59,2026-10-22 11:05:48,2026-10-22 11:06:54,29.81,48
2026-10-22 10:36:05,2026-10-22 11:06:23,2026-10-22 11:06:30,30.3,49
2026-10-22 10:36:06,2026-10-22 11:06:30,2026-10-22 11:09:01,30.39,50
2026-10-22 10:36:15,2026-10-22 11:06:46,2026-10-22 11:10:21,30.51,51
2026-10-22 10:36:25,2026-10-22 11:06:54,2026-10-22 11:08:29,30.48,52
2026-10-22 10:36:29,2026-10-22 11:08:29,2026-10-22 11:10:01,31.99,53
2026-10-22 10:36:53,2026-10-22 11:09:01,2026-10-22 11:10:29,32.14,54
2026-10-22 10:37:08,2026-10-22 11:10:01,2026-10-22 11:12:22,32.88,55
2026-10-22 10:37:10,2026-10-22 11:10:21,2026-10-22 11:11:17,33.18,56
2026-10-22 10:37:33,2026-10-22 11:10:29,2026-10-22 11:12:27,32.92,55
2026-10-22 10:37:38,2026-10-22 11:11:17,2026-10-22 11:12:30,33.66,56
2026-10-22 10:37:57,2026-10-22 11:12:22,2026-10-22 11:12:59,34.41,56
2026-10-22 10:38:17,2026-10-22 11:12:27,2026-10-22 11:18:43,34.17,57
2026-10-22 10:39:52,2026-10-22 11:12:30,2026-10-22 11:12:33,32.63,57
2026-10-22 10:40:17,2026-10-22 11:12:33,2026-10-22 11:13:26,32.26,57
2026-10-22 10:41:03,2026-10-22 11:12:59,2026-10-22 11:13:46,31.92,56
2026-10-22 10:41:06,2026-10-22 11:13:26,2026-10-22 11:15:54,32.33,57
2026-10-22 10:42:12,2026-10-22 11:13:46,2026-10-22 11:15:48,31.57,57
2026-10-22 10:42:39,2026-10-22 11:15:48,2026-10-22 11:16:10,33.14,58
2026-10-22 10:42:50,2026-10-22 11:15:54,2026-10-22 11:16:08,33.06,59
2026-10-22 10:43:17,2026-10-22 11:16:08,2026-10-22 11:20:30,32.84,60
2026-10-22 10:43:35,2026-10-22 11:16:10,2026-10-22 11:19:42,32.57,60
2026-10-22 10:43:44,2026-10-22 11:18:43,2026-10-22 11:18:51,34.99,61
2026-10-22 10:43:53,2026-10-22 11:18:51,2026-10-22 11:20:29,34.96,62
2026-10-22 10:44:55,2026-10-22 11:19:42,2026-10-22 11:19:44,34.78,62
2026-10-22 10:45:12,2026-10-22 11:19:44,2026-10-22 11:21:09,34.54,63
2026-10-22 10:45:34,2026-10-22 11:20:29,2026-10-22 11:21:32,34.91,63
2026-10-22 10:45:44,2026-10-22 11:20:30,2026-10-22 11:20:38,34.77,64
2026-10-22 10:46:21,2026-10-22 11:20:38,2026-10-22 11:21:37,34.28,64
2026-10-22 10:46:39,2026-10-22 11:21:09,2026-10-22 11:21:28,34.49,65
2026-10-22 10:47:01,2026-10-22 11:21:28,2026-10-22 11:22:45,34.45,66
2026-10-22 10:47:04,2026-10-22 11:21:32,2026-10-22 11:22:10,34.47,67
2026-10-22 10:47:13,2026-10-22 11:21:37,2026-10-22 11:23:39,34.41,68
2026-10-22 10:47:45,2026-10-22 11:22:10,2026-10-22 11:24:47,34.4,69
2026-10-22 10:47:48,2026-10-22 11:22:45,2026-10-22 11:23:45,34.94,70
2026-10-22 10:48:29,2026-10-22 11:23:39,2026-10-22 11:24:06,35.17,71
2026-10-22 10:49:03,2026-10-22 11:23:45,2026-10-22 11:25:57,34.7,70
2026-10-22 10:49:27,2026-10-22 11:24:06,2026-10-22 11:24:42,34.64,69
2026-10-22 10:49:55,2026-10-22 11:24:42,2026-10-22 11:30:34,34.78,69
2026-10-22 10:50:54,2026-10-22 11:24:47,2026-10-22 11:30:07,33.89,68
2026-10-22 10:51:17,2026-10-22 11:25:57,2026-10-22 11:28:10,34.66,69
2026-10-22 10:51:59,2026-10-22 11:28:10,2026-10-22 11:28:44,36.19,68
2026-10-22 10:52:25,2026-10-22 11:28:44,2026-10-22 11:29:24,36.33,68
2026-10-22 10:52:55,2026-10-22 11:29:24,2026-10-22 11:29:43,36.49,69
2026-10-22 10:54:01,2026-10-22 11:29:43,2026-10-22 11:31:32,35.69,67
2026-10-22 10:54:09,2026-10-22 11:30:07,2026-10-22 11:30:22,35.97,68
2026-10-22 10:54:43,2026-10-22 11:30:22,2026-10-22 11:32:33,35.65,65
2026-10-22 10:54:44,2026-10-22 11:30:34,2026-10-22 11:30:41,35.83,66
2026-10-22 10:55:03,2026-10-22 11:30:41,2026-10-22 11:31:26,35.63,66
2026-10-22 10:55:34,2026-10-22 11:31:26,2026-10-22 11:31:44,35.87,65
2026-10-22 10:55:57,2026-10-22 11:31:32,2026-10-22 11:38:26,35.58,64
2026-10-22 10:56:12,2026-10-22 11:31:44,2026-10-22 11:35:36,35.53,64
2026-10-22 10:56:23,2026-10-22 11:32:33,2026-10-22 11:39:18,36.17,64
2026-10-22 10:56:49,2026-10-22 11:35:36,2026-10-22 11:38:46,38.79,65
2026-10-22 10:57:44,2026-10-22 11:38:26,2026-10-22 11:43:37,40.69,65
2026-10-22 10:58:07,2026-10-22 11:38:46,2026-10-22 11:39:15,40.65,65
2026-10-22 10:58:14,2026-10-22 11:39:15,2026-10-22 11:41:56,41.01,66
2026-10-22 10:58:35,2026-10-22 11:39:18,2026-10-22 11:42:29,40.71,65
2026-10-22 10:59:17,2026-10-22 11:41:56,2026-10-22 11:45:08,42.65,65
2026-10-22 10:59:45,2026-10-22 11:42:29,2026-10-22 11:43:49,42.73,65
2026-10-22 10:59:56,2026-10-22 11:43:37,2026-10-22 11:44:44,43.69,66
2026-10-22 11:01:04,2026-10-22 11:43:49,2026-10-22 11:44:19,42.74,65
2026-10-22 11:01:14,2026-10-22 11:44:19,2026-10-22 11:44:45,43.08,66
2026-10-22 11:01:18,2026-10-22 11:44:44,2026-10-22 11:48:17,43.43,67
2026-10-22 11:01:27,2026-10-22 11:44:45,2026-10-22 11:46:05,43.29,68
2026-10-22 11:02:53,2026-10-22 11:45:08,2026-10-22 11:45:44,42.25,68
2026-10-22 11:02:57,2026-10-22 11:45:44,2026-10-22 11:48:32,42.79,69
2026-10-22 11:03:52,2026-10-22 11:46:05,2026-10-22 11:55:13,42.21,70
2026-10-22 11:04:10,2026-10-22 11:48:17,2026-10-22 11:48:39,44.12,70
2026-10-22 11:04:51,2026-10-22 11:48:32,2026-10-22 11:49:07,43.69,70
2026-10-22 11:05:17,2026-10-22 11:48:39,2026-10-22 11:50:57,43.37,71
2026-10-22 11:05:42,2026-10-22 11:49:07,2026-10-22 11:51:08,43.42,71
2026-10-22 11:06:02,2026-10-22 11:50:57,2026-10-22 11:51:52,44.92,71
2026-10-22 11:06:04,2026-10-22 11:51:08,2026-10-22 11:52:24,45.06,72
2026-10-22 11:06:35,2026-10-22 11:51:52,2026-10-22 11:58:32,45.29,71
2026-10-22 11:06:40,2026-10-22 11:52:24,2026-10-22 11:55:40,45.73,72
2026-10-22 11:07:53,2026-10-22 11:55:13,2026-10-22 11:55:49,47.34,71
2026-10-22 11:08:07,2026-10-22 11:55:40,2026-10-22 12:01:19,47.54,72
2026-10-22 11:08:22,2026-10-22 11:55:49,2026-10-22 11:57:30,47.45,73
2026-10-22 11:08:33,2026-10-22 11:57:30,2026-10-22 11:59:10,48.95,73
2026-10-22 11:08:46,2026-10-22 11:58:32,2026-10-22 12:01:18,49.77,74
2026-10-22 11:08:48,2026-10-22 11:59:10,2026-10-22 12:00:39,50.36,75
2026-10-22 11:09:25,2026-10-22 12:00:39,2026-10-22 12:04:54,51.24,75
2026-10-22 11:09:43,2026-10-22 12:01:18,2026-10-22 12:03:34,51.58,76
2026-10-22 11:09:55,2026-10-22 12:01:19,2026-10-22 12:01:27,51.4,77
2026-10-22 11:10:53,2026-10-22 12:01:27,2026-10-22 12:05:22,50.56,75
2026-10-22 11:10:58,2026-10-22 12:03:34,2026-10-22 12:05:38,52.6,76
2026-10-22 11:11:27,2026-10-22 12:04:54,2026-10-22 12:08:21,53.46,76
2026-10-22 11:12:27,2026-10-22 12:05:22,2026-10-22 12:05:46,52.92,75
2026-10-22 11:12:44,2026-10-22 12:05:38,2026-10-22 12:10:11,52.89,74
2026-10-22 11:13:18,2026-10-22 12:05:46,2026-10-22 12:07:46,52.46,74
2026-10-22 11:13:47,2026-10-22 12:07:46,2026-10-22 12:09:30,53.98,73
2026-10-22 11:13:56,2026-10-22 12:08:21,2026-10-22 12:08:38,54.42,74
2026-10-22 11:15:00,2026-10-22 12:08:38,2026-10-22 12:08:45,53.63,75
2026-10-22 11:15:21,2026-10-22 12:08:45,2026-10-22 12:08:55,53.39,76
2026-10-22 11:15:23,2026-10-22 12:08:55,2026-10-22 12:11:17,53.53,77
2026-10-22 11:15:25,2026-10-22 12:09:30,2026-10-22 12:13:05,54.1,78
2026-10-22 11:15:34,2026-10-22 12:10:11,2026-10-22 12:10:18,54.62,79
2026-10-22 11:17:11,2026-10-22 12:10:18,2026-10-22 12:15:23,53.13,76
2026-10-22 11:17:53,2026-10-22 12:11:17,2026-10-22 12:16:12,53.4,77
2026-10-22 11:18:06,2026-10-22 12:13:05,2026-10-22 12:17:00,54.98,78
2026-10-22 11:18:31,2026-10-22 12:15:23,2026-10-22 12:19:25,56.87,79
2026-10-22 11:18:52,2026-10-22 12:16:12,2026-10-22 12:16:22,57.34,78
2026-10-22 11:19:00,2026-10-22 12:16:22,2026-10-22 12:24:41,57.37,79
2026-10-22 11:19:45,2026-10-22 12:17:00,2026-10-22 12:24:05,57.26,78
2026-10-22 11:20:14,2026-10-22 12:19:25,2026-10-22 12:20:18,59.19,79
2026-10-22 11:20:17,2026-10-22 12:20:18,2026-10-22 12:21:04,60.02,80
2026-10-22 11:20:29,2026-10-22 12:21:04,2026-10-22 12:21:33,60.58,80
2026-10-22 11:21:38,2026-10-22 12:21:33,2026-10-22 12:21:48,59.91,75
2026-10-22 11:21:44,2026-10-22 12:21:48,2026-10-22 12:23:57,60.06,76
2026-10-22 11:21:46,2026-10-22 12:23:57,2026-10-22 12:27:25,62.19,77
2026-10-22 11:22:51,2026-10-22 12:24:05,2026-10-22 12:24:58,61.23,76
2026-10-22 11:23:12,2026-10-22 12:24:41,2026-10-22 12:28:54,61.48,77
2026-10-22 11:23:34,2026-10-22 12:24:58,2026-10-22 12:28:07,61.4,78
2026-10-22 11:23:52,2026-10-22 12:27:25,2026-10-22 12:30:25,63.56,77
2026-10-22 11:25:11,2026-10-22 12:28:07,2026-10-22 12:30:23,62.93,75
2026-10-22 11:25:18,2026-10-22 12:28:54,2026-10-22 12:30:21,63.6,76
2026-10-22 11:25:21,2026-10-22 12:30:21,2026-10-22 12:36:57,65.0,77
2026-10-22 11:25:53,2026-10-22 12:30:23,2026-10-22 12:34:42,64.5,78
2026-10-22 11:25:59,2026-10-22 12:30:25,2026-10-22 12:30:56,64.43,78
2026-10-22 11:27:08,2026-10-22 12:30:56,2026-10-22 12:32:32,63.79,79
2026-10-22 11:27:42,2026-10-22 12:32:32,2026-10-22 12:35:44,64.84,80
2026-10-22 11:28:02,2026-10-22 12:34:42,2026-10-22 12:34:49,66.67,81
2026-10-22 11:28:05,2026-10-22 12:34:49,2026-10-22 12:35:59,66.74,82
2026-10-22 11:29:03,2026-10-22 12:35:44,2026-10-22 12:36:25,66.67,81
2026-10-22 11:29:43,2026-10-22 12:35:59,2026-10-22 12:41:30,66.27,81
2026-10-22 11:29:59,2026-10-22 12:36:25,2026-10-22 12:37:22,66.44,81
2026-10-22 11:30:18,2026-10-22 12:36:57,2026-10-22 12:37:06,66.64,81
2026-10-22 11:31:02,2026-10-22 12:37:06,2026-10-22 12:37:24,66.06,79
2026-10-22 11:31:04,2026-10-22 12:37:22,2026-10-22 12:37:58,66.3,80
2026-10-22 11:31:09,2026-10-22 12:37:24,2026-10-22 12:38:31,66.25,81
2026-10-22 11:32:10,2026-10-22 12:37:58,2026-10-22 12:41:00,65.81,79
2026-10-22 11:32:20,2026-10-22 12:38:31,2026-10-22 12:39:01,66.18,80
2026-10-22 11:32:28,2026-10-22 12:39:01,2026-10-22 12:39:10,66.54,81
2026-10-22 11:32:36,2026-10-22 12:39:10,2026-10-22 12:39:49,66.57,81
2026-10-22 11:33:10,2026-10-22 12:39:49,2026-10-22 12:42:27,66.65,82
2026-10-22 11:33:15,2026-10-22 12:41:00,2026-10-22 12:42:31,67.75,83
2026-10-22 11:33:32,2026-10-22 12:41:30,2026-10-22 12:41:39,67.96,84
2026-10-22 11:33:54,2026-10-22 12:41:39,2026-10-22 12:42:01,67.76,85
2026-10-22 11:34:10,2026-10-22 12:42:01,2026-10-22 12:45:42,67.84,86
2026-10-22 11:34:11,2026-10-22 12:42:27,2026-10-22 12:44:06,68.27,87
2026-10-22 11:34:43,2026-10-22 12:42:31,2026-10-22 12:46:32,67.81,88
2026-10-22 11:34:44,2026-10-22 12:44:06,2026-10-22 12:55:20,69.36,89
2026-10-22 11:35:27,2026-10-22 12:45:42,2026-10-22 12:47:18,70.25,90
2026-10-22 11:36:09,2026-10-22 12:46:32,2026-10-22 12:57:41,70.39,90
2026-10-22 11:36:32,2026-10-22 12:47:18,2026-10-22 12:48:21,70.76,91
2026-10-22 11:36:40,2026-10-22 12:48:21,2026-10-22 12:57:13,71.69,92
2026-10-22 11:36:58,2026-10-22 12:55:20,2026-10-22 12:55:25,78.37,93
2026-10-22 11:38:23,2026-10-22 12:55:25,2026-10-22 12:56:52,77.03,94
2026-10-22 11:38:32,2026-10-22 12:56:52,2026-10-22 13:01:56,78.34,94
2026-10-22 11:38:38,2026-10-22 12:57:13,2026-10-22 12:59:50,78.58,95
2026-10-22 11:38:58,2026-10-22 12:57:41,2026-10-22 13:00:07,78.7,95
2026-10-22 11:39:06,2026-10-22 12:59:50,2026-10-22 13:03:02,80.73,96
2026-10-22 11:39:24,2026-10-22 13:00:07,2026-10-22 13:01:04,80.72,95
2026-10-22 11:39:47,2026-10-22 13:01:04,2026-10-22 13:02:08,81.29,96
2026-10-22 11:39:57,2026-10-22 13:01:56,2026-10-22 13:02:02,81.98,97
2026-10-22 11:40:08,2026-10-22 13:02:02,2026-10-22 13:07:20,81.89,98
2026-10-22 11:40:46,2026-10-22 13:02:08,2026-10-22 13:02:47,81.37,99
2026-10-22 11:41:12,2026-10-22 13:02:47,2026-10-22 13:05:14,81.58,100
2026-10-22 11:41:37,2026-10-22 13:03:02,2026-10-22 13:03:42,81.42,101
2026-10-22 11:42:44,2026-10-22 13:03:42,2026-10-22 13:04:54,80.97,100
2026-10-22 11:42:52,2026-10-22 13:04:54,2026-10-22 13:05:51,82.04,101
2026-10-22 11:43:20,2026-10-22 13:05:14,2026-10-22 13:05:18,81.9,102
2026-10-22 11:43:51,2026-10-22 13:05:18,2026-10-22 13:05:26,81.45,101
2026-10-22 11:44:35,2026-10-22 13:05:26,2026-10-22 13:05:28,80.86,101
2026-10-22 11:45:29,2026-10-22 13:05:28,2026-10-22 13:06:12,79.98,99
2026-10-22 11:45:39,2026-10-22 13:05:51,2026-10-22 13:08:17,80.2,100
2026-10-22 11:46:57,2026-10-22 13:06:12,2026-10-22 13:08:14,79.26,99
2026-10-22 11:48:41,2026-10-22 13:07:20,2026-10-22 13:07:29,78.64,97
2026-10-22 11:49:11,2026-10-22 13:07:29,2026-10-22 13:07:59,78.29,97
2026-10-22 11:49:44,2026-10-22 13:07:59,2026-10-22 13:08:06,78.25,98
2026-10-22 11:50:29,2026-10-22 13:08:06,2026-10-22 13:09:28,77.63,99
2026-10-22 11:52:45,2026-10-22 13:08:14,2026-10-22 13:12:49,75.49,96
2026-10-22 11:52:54,2026-10-22 13:08:17,2026-10-22 13:08:23,75.39,97
2026-10-22 11:53:21,2026-10-22 13:08:23,2026-10-22 13:10:41,75.04,98
2026-10-22 11:53:32,2026-10-22 13:09:28,2026-10-22 13:12:47,75.93,99
2026-10-22 11:53:54,2026-10-22 13:10:41,2026-10-22 13:14:31,76.77,100
2026-10-22 11:53:55,2026-10-22 13:12:47,2026-10-22 13:16:09,78.86,101
2026-10-22 11:54:10,2026-10-22 13:12:49,2026-10-22 13:13:15,78.64,102
2026-10-22 11:54:21,2026-10-22 13:13:15,2026-10-22 13:14:08,78.9,103
2026-10-22 11:54:22,2026-10-22 13:14:08,2026-10-22 13:16:40,79.76,104
2026-10-22 11:54:35,2026-10-22 13:14:31,2026-10-22 13:14:31,79.92,105
2026-10-22 11:55:07,2026-10-22 13:14:31,2026-10-22 13:16:09,79.4,106
2026-10-22 11:55:47,2026-10-22 13:16:09,2026-10-22 13:17:10,80.35,105
2026-10-22 11:56:15,2026-10-22 13:16:09,2026-10-22 13:18:18,79.9,105
2026-10-22 11:56:32,2026-10-22 13:16:40,2026-10-22 13:17:03,80.14,106
2026-10-22 11:56:36,2026-10-22 13:17:03,2026-10-22 13:17:11,80.46,107
2026-10-22 11:56:58,2026-10-22 13:17:10,2026-10-22 13:17:57,80.19,108
2026-10-22 11:57:23,2026-10-22 13:17:11,2026-10-22 13:18:57,79.8,109
2026-10-22 11:57:41,2026-10-22 13:17:57,2026-10-22 13:22:00,80.27,109
2026-10-22 11:57:54,2026-10-22 13:18:18,2026-10-22 13:20:19,80.41,110
2026-10-22 11:58:08,2026-10-22 13:18:57,2026-10-22 13:21:04,80.81,111
2026-10-22 11:58:49,2026-10-22 13:20:19,2026-10-22 13:20:43,81.49,111
2026-10-22 11:58:50,2026-10-22 13:20:43,2026-10-22 13:21:45,81.89,112
2026-10-22 11:58:58,2026-10-22 13:21:04,2026-10-22 13:21:44,82.09,113
2026-10-22 11:59:42,2026-10-22 13:21:44,2026-10-22 13:22:51,82.04,113
2026-10-22 12:00:09,2026-10-22 13:21:45,2026-10-22 13:22:25,81.6,114
2026-10-22 12:01:10,2026-10-22 13:22:00,2026-10-22 13:24:30,80.84,114
2026-10-22 12:01:36,2026-10-22 13:22:25,2026-10-22 13:26:57,80.82,112
2026-10-22 12:03:10,2026-10-22 13:22:51,2026-10-22 13:23:48,79.69,113
2026-10-22 12:04:41,2026-10-22 13:23:48,2026-10-22 13:23:53,79.1,113
2026-10-22 12:05:25,2026-10-22 13:23:53,2026-10-22 13:24:48,78.47,112
2026-10-22 12:05:37,2026-10-22 13:24:30,2026-10-22 13:25:01,78.88,113
2026-10-22 12:06:04,2026-10-22 13:24:48,2026-10-22 13:27:37,78.73,112
2026-10-22 12:06:54,2026-10-22 13:25:01,2026-10-22 13:26:26,78.12,113
2026-10-22 12:08:11,2026-10-22 13:26:26,2026-10-22 13:27:12,78.25,113
2026-10-22 12:08:37,2026-10-22 13:26:57,2026-10-22 13:28:04,78.33,113
2026-10-22 12:08:59,2026-10-22 13:27:12,2026-10-22 13:28:33,78.22,111
2026-10-22 12:09:10,2026-10-22 13:27:37,2026-10-22 13:28:37,78.44,112
2026-10-22 12:10:35,2026-10-22 13:28:04,2026-10-22 13:30:15,77.48,110
2026-10-22 12:10:49,2026-10-22 13:28:33,2026-10-22 13:29:00,77.72,111
2026-10-22 12:11:16,2026-10-22 13:28:37,2026-10-22 13:30:43,77.34,112
2026-10-22 12:11:24,2026-10-22 13:29:00,2026-10-22 13:29:48,77.6,112
2026-10-22 12:11:30,2026-10-22 13:29:48,2026-10-22 13:31:39,78.3,113
2026-10-22 12:12:14,2026-10-22 13:30:15,2026-10-22 13:30:28,78.03,114
2026-10-22 12:12:58,2026-10-22 13:30:28,2026-10-22 13:30:42,77.51,115
2026-10-22 12:13:30,2026-10-22 13:30:42,2026-10-22 13:33:03,77.21,115
2026-10-22 12:13:31,2026-10-22 13:30:43,2026-10-22 13:31:51,77.19,116
2026-10-22 12:15:11,2026-10-22 13:31:39,2026-10-22 13:32:37,76.48,117
2026-10-22 12:15:53,2026-10-22 13:31:51,2026-10-22 13:37:56,75.98,117
2026-10-22 12:16:26,2026-10-22 13:32:37,2026-10-22 13:35:57,76.17,116
2026-10-22 12:16:27,2026-10-22 13:33:03,2026-10-22 13:33:39,76.6,117
2026-10-22 12:17:38,2026-10-22 13:33:39,2026-10-22 13:33:41,76.02,117
2026-10-22 12:18:00,2026-10-22 13:33:41,2026-10-22 13:36:20,75.69,118
2026-10-22 12:18:12,2026-10-22 13:35:57,2026-10-22 13:37:20,77.76,119
2026-10-22 12:18:39,2026-10-22 13:36:20,2026-10-22 13:39:55,77.68,120
2026-10-22 12:18:45,2026-10-22 13:37:20,2026-10-22 13:37:59,78.59,121
2026-10-22 12:19:25,2026-10-22 13:37:56,2026-10-22 13:37:56,78.51,122
2026-10-22 12:19:50,2026-10-22 13:37:56,2026-10-22 13:38:55,78.11,122
2026-10-22 12:20:23,2026-10-22 13:37:59,2026-10-22 13:38:41,77.59,122
2026-10-22 12:20:25,2026-10-22 13:38:41,2026-10-22 13:40:24,78.27,123
2026-10-22 12:20:29,2026-10-22 13:38:55,2026-10-22 13:41:13,78.44,124
2026-10-22 12:20:59,2026-10-22 13:39:55,2026-10-22 13:41:07,78.95,125
2026-10-22 12:21:44,2026-10-22 13:40:24,2026-10-22 13:41:34,78.67,124
2026-10-22 12:22:43,2026-10-22 13:41:07,2026-10-22 13:47:53,78.4,124
2026-10-22 12:22:49,2026-10-22 13:41:13,2026-10-22 13:41:18,78.41,125
2026-10-22 12:23:11,2026-10-22 13:41:18,2026-10-22 13:43:01,78.12,126
2026-10-22 12:24:10,2026-10-22 13:41:34,2026-10-22 13:42:49,77.41,125
2026-10-22 12:24:54,2026-10-22 13:42:49,2026-10-22 13:51:09,77.92,125
2026-10-22 12:25:05,2026-10-22 13:43:01,2026-10-22 13:44:27,77.92,125
2026-10-22 12:25:51,2026-10-22 13:44:27,2026-10-22 13:44:35,78.6,126
2026-10-22 12:25:52,2026-10-22 13:44:35,2026-10-22 13:44:53,78.72,127
2026-10-22 12:26:43,2026-10-22 13:44:53,2026-10-22 13:52:55,78.16,128
2026-10-22 12:27:07,2026-10-22 13:47:53,2026-10-22 13:48:31,80.76,129
2026-10-22 12:27:36,2026-10-22 13:48:31,2026-10-22 13:52:38,80.92,129
2026-10-22 12:27:46,2026-10-22 13:51:09,2026-10-22 13:52:14,83.39,130
2026-10-22 12:27:56,2026-10-22 13:52:14,2026-10-22 13:52:37,84.29,131
2026-10-22 12:28:25,2026-10-22 13:52:37,2026-10-22 13:57:00,84.2,131
2026-10-22 12:28:34,2026-10-22 13:52:38,2026-10-22 13:53:00,84.07,132
2026-10-22 12:28:50,2026-10-22 13:52:55,2026-10-22 13:55:26,84.09,133
2026-10-22 12:29:35,2026-10-22 13:53:00,2026-10-22 13:55:50,83.42,133
2026-10-22 12:30:05,2026-10-22 13:55:26,2026-10-22 13:55:54,85.36,134
2026-10-22 12:30:13,2026-10-22 13:55:50,2026-10-22 14:02:52,85.61,135
2026-10-22 12:31:27,2026-10-22 13:55:54,2026-10-22 13:58:05,84.46,132
2026-10-22 12:32:25,2026-10-22 13:57:00,2026-10-22 13:58:16,84.59,133
2026-10-22 12:32:50,2026-10-22 13:58:05,2026-10-22 14:00:51,85.25,133
2026-10-22 12:34:27,2026-10-22 13:58:16,2026-10-22 13:59:15,83.82,134
2026-10-22 12:34:44,2026-10-22 13:59:15,2026-10-22 14:00:45,84.53,134
2026-10-22 12:35:15,2026-10-22 14:00:45,2026-10-22 14:02:09,85.51,134
2026-10-22 12:36:14,2026-10-22 14:00:51,2026-10-22 14:01:16,84.61,133
2026-10-22 12:36:39,2026-10-22 14:01:16,2026-10-22 14:01:22,84.62,133
2026-10-22 12:36:40,2026-10-22 14:01:22,2026-10-22 14:02:37,84.71,134
2026-10-22 12:36:53,2026-10-22 14:02:09,2026-10-22 14:02:25,85.27,135
2026-10-22 12:37:03,2026-10-22 14:02:25,2026-10-22 14:03:05,85.37,135
2026-10-22 12:37:07,2026-10-22 14:02:37,2026-10-22 14:04:54,85.5,135
2026-10-22 12:37:33,2026-10-22 14:02:52,2026-10-22 14:04:04,85.31,134
2026-10-22 12:37:48,2026-10-22 14:03:05,2026-10-22 14:05:38,85.28,135
2026-10-22 12:38:58,2026-10-22 14:04:04,2026-10-22 14:15:00,85.1,134
2026-10-22 12:40:08,2026-10-22 14:04:54,2026-10-22 14:06:10,84.77,132
2026-10-22 12:40:16,2026-10-22 14:05:38,2026-10-22 14:15:28,85.37,133
2026-10-22 12:40:27,2026-10-22 14:06:10,2026-10-22 14:07:49,85.72,134
2026-10-22 12:40:50,2026-10-22 14:07:49,2026-10-22 14:17:36,86.97,135
2026-10-22 12:41:21,2026-10-22 14:15:00,2026-10-22 14:16:00,93.66,135
2026-10-22 12:41:28,2026-10-22 14:15:28,2026-10-22 14:18:57,94.0,136
2026-10-22 12:41:31,2026-10-22 14:16:00,2026-10-22 14:16:46,94.48,136
2026-10-22 12:42:01,2026-10-22 14:16:46,2026-10-22 14:18:52,94.75,135
2026-10-22 12:42:31,2026-10-22 14:17:36,2026-10-22 14:18:42,95.07,135
2026-10-22 12:42:42,2026-10-22 14:18:42,2026-10-22 14:18:58,96.0,135
2026-10-22 12:42:58,2026-10-22 14:18:52,2026-10-22 14:19:00,95.9,136
2026-10-22 12:43:41,2026-10-22 14:18:57,2026-10-22 14:24:13,95.27,137
2026-10-22 12:43:46,2026-10-22 14:18:58,2026-10-22 14:21:30,95.19,138
2026-10-22 12:44:10,2026-10-22 14:19:00,2026-10-22 14:19:10,94.83,138
2026-10-22 12:44:14,2026-10-22 14:19:10,2026-10-22 14:22:14,94.92,139
2026-10-22 12:44:32,2026-10-22 14:21:30,2026-10-22 14:23:32,96.97,140
2026-10-22 12:45:34,2026-10-22 14:22:14,2026-10-22 14:23:05,96.68,141
2026-10-22 12:45:43,2026-10-22 14:23:05,2026-10-22 14:24:37,97.37,141
2026-10-22 12:46:19,2026-10-22 14:23:32,2026-10-22 14:25:10,97.21,142
2026-10-22 12:46:35,2026-10-22 14:24:13,2026-10-22 14:25:30,97.64,142
2026-10-22 12:46:40,2026-10-22 14:24:37,2026-10-22 14:31:45,97.95,143
2026-10-22 12:46:47,2026-10-22 14:25:10,2026-10-22 14:25:54,98.37,144
2026-10-22 12:46:55,2026-10-22 14:25:30,2026-10-22 14:26:54,98.57,145
2026-10-22 12:47:59,2026-10-22 14:25:54,2026-10-22 14:26:15,97.92,145
2026-10-22 12:49:34,2026-10-22 14:26:15,2026-10-22 14:27:11,96.68,145
2026-10-22 12:50:42,2026-10-22 14:26:54,2026-10-22 14:27:25,96.21,146
2026-10-22 12:51:23,2026-10-22 14:27:11,2026-10-22 14:28:53,95.79,147
2026-10-22 12:51:43,2026-10-22 14:27:25,2026-10-22 14:28:59,95.7,148
2026-10-22 12:52:07,2026-10-22 14:28:53,2026-10-22 14:31:23,96.76,149
2026-10-22 12:52:12,2026-10-22 14:28:59,2026-10-22 14:30:13,96.78,150
2026-10-22 12:52:30,2026-10-22 14:30:13,2026-10-22 14:30:37,97.71,151
2026-10-22 12:52:47,2026-10-22 14:30:37,2026-10-22 14:32:04,97.84,152
2026-10-22 12:52:49,2026-10-22 14:31:23,2026-10-22 14:32:29,98.57,153
2026-10-22 12:52:50,2026-10-22 14:31:45,2026-10-22 14:36:00,98.92,154
2026-10-22 12:53:09,2026-10-22 14:32:04,2026-10-22 14:32:17,98.91,155
2026-10-22 12:53:10,2026-10-22 14:32:17,2026-10-22 14:34:18,99.12,156
2026-10-22 12:53:11,2026-10-22 14:32:29,2026-10-22 14:32:49,99.3,157
2026-10-22 12:54:04,2026-10-22 14:32:49,2026-10-22 14:33:35,98.76,158
2026-10-22 12:54:50,2026-10-22 14:33:35,2026-10-22 14:33:40,98.74,159
2026-10-22 12:55:15,2026-10-22 14:33:40,2026-10-22 14:34:00,98.42,160
2026-10-22 12:55:27,2026-10-22 14:34:00,2026-10-22 14:35:00,98.55,159
2026-10-22 12:55:30,2026-10-22 14:34:18,2026-10-22 14:35:09,98.8,160
2026-10-22 12:55:34,2026-10-22 14:35:00,2026-10-22 14:39:49,99.43,161
2026-10-22 12:56:35,2026-10-22 14:35:09,2026-10-22 14:37:10,98.56,162
2026-10-22 12:56:35,2026-10-22 14:36:00,2026-10-22 14:36:05,99.41,163
2026-10-22 12:57:00,2026-10-22 14:36:05,2026-10-22 14:37:40,99.09,163
2026-10-22 12:57:10,2026-10-22 14:37:10,2026-10-22 14:37:49,100.01,164
2026-10-22 12:57:49,2026-10-22 14:37:40,2026-10-22 14:38:40,99.86,163
2026-10-22 12:58:04,2026-10-22 14:37:49,2026-10-22 14:43:05,99.75,164
2026-10-22 12:58:09,2026-10-22 14:38:40,2026-10-22 14:38:49,100.52,165
2026-10-22 12:58:18,2026-10-22 14:38:49,2026-10-22 14:40:35,100.52,166
2026-10-22 12:59:11,2026-10-22 14:39:49,2026-10-22 14:40:15,100.62,167
2026-10-22 13:00:05,2026-10-22 14:40:15,2026-10-22 14:40:41,100.17,167
2026-10-22 13:00:06,2026-10-22 14:40:35,2026-10-22 14:41:07,100.47,168
2026-10-22 13:00:33,2026-10-22 14:40:41,2026-10-22 14:40:57,100.13,168
2026-10-22 13:01:57,2026-10-22 14:40:57,2026-10-22 14:42:36,99.0,167
2026-10-22 13:02:26,2026-10-22 14:41:07,2026-10-22 14:43:05,98.68,166
2026-10-22 13:02:47,2026-10-22 14:42:36,2026-10-22 14:43:35,99.82,167
2026-10-22 13:03:07,2026-10-22 14:43:05,2026-10-22 14:48:29,99.98,166
2026-10-22 13:03:10,2026-10-22 14:43:05,2026-10-22 14:44:25,99.92,167
2026-10-22 13:03:48,2026-10-22 14:43:35,2026-10-22 14:45:15,99.79,167
2026-10-22 13:03:48,2026-10-22 14:44:25,2026-10-22 14:45:11,100.62,168
2026-10-22 13:04:05,2026-10-22 14:45:11,2026-10-22 14:46:53,101.09,169
2026-10-22 13:05:04,2026-10-22 14:45:15,2026-10-22 14:46:29,100.18,169
2026-10-22 13:05:45,2026-10-22 14:46:29,2026-10-22 14:46:42,100.72,166
2026-10-22 13:06:32,2026-10-22 14:46:42,2026-10-22 14:47:41,100.18,165
2026-10-22 13:06:36,2026-10-22 14:46:53,2026-10-22 14:48:41,100.29,166
2026-10-22 13:07:12,2026-10-22 14:47:41,2026-10-22 14:48:50,100.47,167
2026-10-22 13:07:58,2026-10-22 14:48:29,2026-10-22 14:48:30,100.53,166
2026-10-22 13:08:14,2026-10-22 14:48:30,2026-10-22 14:51:28,100.26,165
2026-10-22 13:10:06,2026-10-22 14:48:41,2026-10-22 14:49:01,98.58,162
2026-10-22 13:10:16,2026-10-22 14:48:50,2026-10-22 14:53:19,98.57,163
2026-10-22 13:10:28,2026-10-22 14:49:01,2026-10-22 14:51:36,98.54,164
2026-10-22 13:10:56,2026-10-22 14:51:28,2026-10-22 14:51:51,100.52,164
2026-10-22 13:13:39,2026-10-22 14:51:36,2026-10-22 14:51:58,97.95,162
2026-10-22 13:15:31,2026-10-22 14:51:51,2026-10-22 14:55:48,96.32,160
2026-10-22 13:16:11,2026-10-22 14:51:58,2026-10-22 14:52:31,95.79,159
2026-10-22 13:16:23,2026-10-22 14:52:31,2026-10-22 14:54:20,96.14,160
2026-10-22 13:16:55,2026-10-22 14:53:19,2026-10-22 14:53:37,96.41,160
2026-10-22 13:17:08,2026-10-22 14:53:37,2026-10-22 14:53:48,96.49,160
2026-10-22 13:17:40,2026-10-22 14:53:48,2026-10-22 14:54:53,96.14,159
2026-10-22 13:17:53,2026-10-22 14:54:20,2026-10-22 15:04:16,96.44,160
2026-10-22 13:18:06,2026-10-22 14:54:53,2026-10-22 14:58:05,96.78,160
2026-10-22 13:18:12,2026-10-22 14:55:48,2026-10-22 14:56:10,97.61,161
2026-10-22 13:18:28,2026-10-22 14:56:10,2026-10-22 14:56:20,97.7,161
2026-10-22 13:20:27,2026-10-22 14:56:20,2026-10-22 14:59:58,95.89,160
2026-10-22 13:20:59,2026-10-22 14:58:05,2026-10-22 15:01:11,97.1,160
2026-10-22 13:21:06,2026-10-22 14:59:58,2026-10-22 15:01:52,98.87,160
2026-10-22 13:21:22,2026-10-22 15:01:11,2026-10-22 15:01:47,99.82,161
2026-10-22 13:22:44,2026-10-22 15:01:47,2026-10-22 15:02:03,99.05,158
2026-10-22 13:23:20,2026-10-22 15:01:52,2026-10-22 15:07:09,98.52,158
2026-10-22 13:25:13,2026-10-22 15:02:03,2026-10-22 15:03:32,96.83,154
2026-10-22 13:27:00,2026-10-22 15:03:32,2026-10-22 15:04:16,96.52,153
2026-10-22 13:27:01,2026-10-22 15:04:16,2026-10-22 15:05:19,97.25,154
2026-10-22 13:27:17,2026-10-22 15:04:16,2026-10-22 15:04:40,96.98,154
2026-10-22 13:27:18,2026-10-22 15:04:40,2026-10-22 15:08:18,97.38,155
2026-10-22 13:27:39,2026-10-22 15:05:19,2026-10-22 15:05:59,97.68,155
2026-10-22 13:27:50,2026-10-22 15:05:59,2026-10-22 15:11:27,98.15,156
2026-10-22 13:27:57,2026-10-22 15:07:09,2026-10-22 15:08:13,99.21,157
2026-10-22 13:28:59,2026-10-22 15:08:13,2026-10-22 15:08:23,99.24,155
2026-10-22 13:29:25,2026-10-22 15:08:18,2026-10-22 15:08:55,98.88,155
2026-10-22 13:29:31,2026-10-22 15:08:23,2026-10-22 15:08:54,98.86,156
2026-10-22 13:32:07,2026-10-22 15:08:54,2026-10-22 15:11:20,96.79,150
2026-10-22 13:33:49,2026-10-22 15:08:55,2026-10-22 15:09:18,95.09,147
2026-10-22 13:34:49,2026-10-22 15:09:18,2026-10-22 15:10:44,94.48,148
2026-10-22 13:34:49,2026-10-22 15:10:44,2026-10-22 15:10:58,95.92,149
2026-10-22 13:34:51,2026-10-22 15:10:58,2026-10-22 15:13:09,96.12,150
2026-10-22 13:35:07,2026-10-22 15:11:20,2026-10-22 15:12:28,96.22,151
2026-10-22 13:35:31,2026-10-22 15:11:27,2026-10-22 15:12:29,95.94,152
2026-10-22 13:35:49,2026-10-22 15:12:28,2026-10-22 15:14:37,96.65,153
2026-10-22 13:35:52,2026-10-22 15:12:29,2026-10-22 15:16:45,96.61,154
2026-10-22 13:36:03,2026-10-22 15:13:09,2026-10-22 15:14:21,97.11,154
2026-10-22 13:36:22,2026-10-22 15:14:21,2026-10-22 15:15:03,97.99,154
2026-10-22 13:36:34,2026-10-22 15:14:37,2026-10-22 15:21:44,98.05,155
2026-10-22 13:37:22,2026-10-22 15:15:03,2026-10-22 15:18:08,97.68,155
2026-10-22 13:37:24,2026-10-22 15:16:45,2026-10-22 15:17:51,99.34,156
2026-10-22 13:37:51,2026-10-22 15:17:51,2026-10-22 15:18:06,100.0,157
2026-10-22 13:38:36,2026-10-22 15:18:06,2026-10-22 15:18:38,99.5,155
2026-10-22 13:39:02,2026-10-22 15:18:08,2026-10-22 15:19:16,99.11,154
2026-10-22 13:39:25,2026-10-22 15:18:38,2026-10-22 15:18:55,99.21,155
2026-10-22 13:39:49,2026-10-22 15:18:55,2026-10-22 15:19:42,99.1,156
2026-10-22 13:40:33,2026-10-22 15:19:16,2026-10-22 15:19:19,98.7,155
2026-10-22 13:40:35,2026-10-22 15:19:19,2026-10-22 15:23:00,98.73,156
2026-10-22 13:40:57,2026-10-22 15:19:42,2026-10-22 15:20:00,98.74,157
2026-10-22 13:41:01,2026-10-22 15:20:00,2026-10-22 15:23:14,98.98,158
2026-10-22 13:41:28,2026-10-22 15:21:44,2026-10-22 15:23:19,100.28,156
2026-10-22 13:41:44,2026-10-22 15:23:00,2026-10-22 15:26:26,101.26,156
2026-10-22 13:41:57,2026-10-22 15:23:14,2026-10-22 15:23:16,101.28,157
2026-10-22 13:42:02,2026-10-22 15:23:16,2026-10-22 15:24:28,101.24,158
2026-10-22 13:42:48,2026-10-22 15:23:19,2026-10-22 15:23:40,100.52,159
2026-10-22 13:43:25,2026-10-22 15:23:40,2026-10-22 15:25:50,100.24,158
2026-10-22 13:43:28,2026-10-22 15:24:28,2026-10-22 15:24:35,101.0,159
2026-10-22 13:43:58,2026-10-22 15:24:35,2026-10-22 15:29:02,100.62,160
2026-10-22 13:44:05,2026-10-22 15:25:50,2026-10-22 15:31:01,101.74,161
2026-10-22 13:44:26,2026-10-22 15:26:26,2026-10-22 15:26:30,102.0,162
2026-10-22 13:44:45,2026-10-22 15:26:30,2026-10-22 15:28:13,101.75,161
2026-10-22 13:45:13,2026-10-22 15:28:13,2026-10-22 15:31:28,103.0,161
2026-10-22 13:45:24,2026-10-22 15:29:02,2026-10-22 15:30:01,103.63,162
2026-10-22 13:45:26,2026-10-22 15:30:01,2026-10-22 15:30:48,104.59,163
2026-10-22 13:45:39,2026-10-22 15:30:48,2026-10-22 15:32:06,105.15,164
2026-10-22 13:46:55,2026-10-22 15:31:01,2026-10-22 15:34:43,104.09,165
2026-10-22 13:47:04,2026-10-22 15:31:28,2026-10-22 15:32:38,104.4,166
2026-10-22 13:47:06,2026-10-22 15:32:06,2026-10-22 15:32:38,105.0,167
2026-10-22 13:47:13,2026-10-22 15:32:38,2026-10-22 15:33:34,105.4,168
2026-10-22 13:47:29,2026-10-22 15:32:38,2026-10-22 15:33:39,105.15,169
2026-10-22 13:47:33,2026-10-22 15:33:34,2026-10-22 15:36:55,106.01,170
2026-10-22 13:48:43,2026-10-22 15:33:39,2026-10-22 15:35:39,104.94,169
2026-10-22 13:49:55,2026-10-22 15:34:43,2026-10-22 15:36:00,104.81,170
2026-10-22 13:50:21,2026-10-22 15:35:39,2026-10-22 15:36:05,105.29,171
2026-10-22 13:50:48,2026-10-22 15:36:00,2026-10-22 15:44:50,105.2,172
2026-10-22 13:52:15,2026-10-22 15:36:05,2026-10-22 15:37:07,103.84,171
2026-10-22 13:52:29,2026-10-22 15:36:55,2026-10-22 15:37:53,104.44,172
2026-10-22 13:53:01,2026-10-22 15:37:07,2026-10-22 15:41:14,104.11,169
2026-10-22 13:53:46,2026-10-22 15:37:53,2026-10-22 15:38:50,104.12,170
2026-10-22 13:54:15,2026-10-22 15:38:50,2026-10-22 15:41:39,104.59,171
2026-10-22 13:54:42,2026-10-22 15:41:14,2026-10-22 15:41:58,106.53,172
2026-10-22 13:54:47,2026-10-22 15:41:39,2026-10-22 15:42:12,106.86,173
2026-10-22 13:55:51,2026-10-22 15:41:58,2026-10-22 15:42:05,106.12,172
2026-10-22 13:56:36,2026-10-22 15:42:05,2026-10-22 15:46:47,105.48,172
2026-10-22 13:57:14,2026-10-22 15:42:12,2026-10-22 15:48:19,104.96,172
2026-10-22 13:57:17,2026-10-22 15:44:50,2026-10-22 15:45:42,107.55,173
2026-10-22 13:57:30,2026-10-22 15:45:42,2026-10-22 15:45:54,108.2,174
2026-10-22 13:57:39,2026-10-22 15:45:54,2026-10-22 15:48:36,108.25,175
2026-10-22 13:57:55,2026-10-22 15:46:47,2026-10-22 15:48:00,108.87,176
2026-10-22 13:58:00,2026-10-22 15:48:00,2026-10-22 15:48:48,110.0,177
2026-10-22 13:58:18,2026-10-22 15:48:19,2026-10-22 15:48:32,110.02,176
2026-10-22 13:58:37,2026-10-22 15:48:32,2026-10-22 15:49:51,109.92,177
2026-10-22 14:00:11,2026-10-22 15:48:36,2026-10-22 15:50:37,108.41,177
2026-10-22 14:00:28,2026-10-22 15:48:48,2026-10-22 15:51:01,108.35,178
2026-10-22 14:00:36,2026-10-22 15:49:51,2026-10-22 15:52:17,109.25,179
2026-10-22 14:01:03,2026-10-22 15:50:37,2026-10-22 15:51:03,109.56,178
2026-10-22 14:01:41,2026-10-22 15:51:01,2026-10-22 15:52:33,109.33,177
2026-10-22 14:01:42,2026-10-22 15:51:03,2026-10-22 15:53:23,109.35,178
2026-10-22 14:01:55,2026-10-22 15:52:17,2026-10-22 15:54:58,110.37,179
2026-10-22 14:03:12,2026-10-22 15:52:33,2026-10-22 15:53:10,109.34,175
2026-10-22 14:04:08,2026-10-22 15:53:10,2026-10-22 15:53:31,109.04,175
2026-10-22 14:04:25,2026-10-22 15:53:23,2026-10-22 15:53:50,108.96,176
2026-10-22 14:05:02,2026-10-22 15:53:31,2026-10-22 15:54:16,108.48,176
2026-10-22 14:05:11,2026-10-22 15:53:50,2026-10-22 15:57:37,108.65,177
2026-10-22 14:05:21,2026-10-22 15:54:16,2026-10-22 15:58:20,108.91,178
2026-10-22 14:05:36,2026-10-22 15:54:58,2026-10-22 15:56:29,109.38,179
2026-10-22 14:05:54,2026-10-22 15:56:29,2026-10-22 15:57:29,110.57,179
2026-10-22 14:06:09,2026-10-22 15:57:29,2026-10-22 16:04:35,111.32,180
2026-10-22 14:06:11,2026-10-22 15:57:37,2026-10-22 15:57:47,111.44,180
2026-10-22 14:06:32,2026-10-22 15:57:47,2026-10-22 15:59:41,111.26,181
2026-10-22 14:08:49,2026-10-22 15:58:20,2026-10-22 16:01:01,109.52,181
2026-10-22 14:08:55,2026-10-22 15:59:41,2026-10-22 16:01:14,110.76,182
2026-10-22 14:09:36,2026-10-22 16:01:01,2026-10-22 16:02:29,111.42,183
2026-10-22 14:09:56,2026-10-22 16:01:14,2026-10-22 16:03:35,111.29,184
2026-10-22 14:10:20,2026-10-22 16:02:29,2026-10-22 16:03:46,112.15,185
2026-10-22 14:10:30,2026-10-22 16:03:35,2026-10-22 16:06:11,113.09,186
2026-10-22 14:10:43,2026-10-22 16:03:46,2026-10-22 16:03:50,113.05,187
2026-10-22 14:10:45,2026-10-22 16:03:50,2026-10-22 16:04:54,113.09,188
2026-10-22 14:11:37,2026-10-22 16:04:35,2026-10-22 16:06:50,112.96,189
2026-10-22 14:12:09,2026-10-22 16:04:54,2026-10-22 16:06:14,112.75,190
2026-10-22 14:12:12,2026-10-22 16:06:11,2026-10-22 16:07:37,113.99,191
2026-10-22 14:12:14,2026-10-22 16:06:14,2026-10-22 16:07:34,114.01,192
2026-10-22 14:12:58,2026-10-22 16:06:50,2026-10-22 16:07:09,113.87,193
2026-10-22 14:13:19,2026-10-22 16:07:09,2026-10-22 16:15:13,113.84,194
2026-10-22 14:13:23,2026-10-22 16:07:34,2026-10-22 16:08:53,114.19,195
2026-10-22 14:14:28,2026-10-22 16:07:37,2026-10-22 16:12:32,113.14,196
2026-10-22 14:15:07,2026-10-22 16:08:53,2026-10-22 16:09:34,113.76,196
2026-10-22 14:15:20,2026-10-22 16:09:34,2026-10-22 16:10:34,114.24,197
2026-10-22 14:15:21,2026-10-22 16:10:34,2026-10-22 16:10:58,115.22,198
2026-10-22 14:16:04,2026-10-22 16:10:58,2026-10-22 16:12:48,114.9,197
2026-10-22 14:16:28,2026-10-22 16:12:32,2026-10-22 16:13:31,116.07,198
2026-10-22 14:16:44,2026-10-22 16:12:48,2026-10-22 16:16:19,116.07,199
2026-10-22 14:17:20,2026-10-22 16:13:31,2026-10-22 16:13:45,116.18,199
2026-10-22 14:17:27,2026-10-22 16:13:45,2026-10-22 16:17:14,116.3,200
2026-10-22 14:17:51,2026-10-22 16:15:13,2026-10-22 16:15:51,117.37,200
2026-10-22 14:18:22,2026-10-22 16:15:51,2026-10-22 16:22:28,117.49,201
2026-10-22 14:18:48,2026-10-22 16:16:19,2026-10-22 16:18:13,117.52,201
2026-10-22 14:19:00,2026-10-22 16:17:14,2026-10-22 16:17:51,118.23,199
2026-10-22 14:19:04,2026-10-22 16:17:51,2026-10-22 16:18:39,118.79,199
2026-10-22 14:19:30,2026-10-22 16:18:13,2026-10-22 16:19:09,118.72,199
2026-10-22 14:19:33,2026-10-22 16:18:39,2026-10-22 16:20:44,119.1,200
2026-10-22 14:19:39,2026-10-22 16:19:09,2026-10-22 16:20:06,119.51,201
2026-10-22 14:19:52,2026-10-22 16:20:06,2026-10-22 16:20:25,120.24,202
2026-10-22 14:19:55,2026-10-22 16:20:25,2026-10-22 16:20:59,120.5,203
2026-10-22 14:20:15,2026-10-22 16:20:44,2026-10-22 16:23:55,120.48,204
2026-10-22 14:20:36,2026-10-22 16:20:59,2026-10-22 16:21:41,120.39,205
2026-10-22 14:21:14,2026-10-22 16:21:41,2026-10-22 16:22:18,120.45,206
2026-10-22 14:21:29,2026-10-22 16:22:18,2026-10-22 16:23:06,120.82,207
2026-10-22 14:22:26,2026-10-22 16:22:28,2026-10-22 16:22:37,120.03,206
2026-10-22 14:22:38,2026-10-22 16:22:37,2026-10-22 16:22:54,119.99,207
2026-10-22 14:22:55,2026-10-22 16:22:54,2026-10-22 16:23:10,119.99,208
2026-10-22 14:22:59,2026-10-22 16:23:06,2026-10-22 16:27:14,120.12,209
2026-10-22 14:23:28,2026-10-22 16:23:10,2026-10-22 16:24:58,119.69,209
2026-10-22 14:23:42,2026-10-22 16:23:55,2026-10-22 16:25:19,120.21,209
2026-10-22 14:24:19,2026-10-22 16:24:58,2026-10-22 16:25:14,120.65,209
2026-10-22 14:24:44,2026-10-22 16:25:14,2026-10-22 16:25:35,120.5,209
2026-10-22 14:24:47,2026-10-22 16:25:19,2026-10-22 16:25:36,120.55,210
2026-10-22 14:25:13,2026-10-22 16:25:35,2026-10-22 16:28:40,120.37,210
2026-10-22 14:25:47,2026-10-22 16:25:36,2026-10-22 16:25:47,119.83,210
2026-10-22 14:25:52,2026-10-22 16:25:47,2026-10-22 16:26:54,119.92,211
2026-10-22 14:26:00,2026-10-22 16:26:54,2026-10-22 16:28:34,120.9,211
2026-10-22 14:26:08,2026-10-22 16:27:14,2026-10-22 16:30:32,121.1,212
2026-10-22 14:26:47,2026-10-22 16:28:34,2026-10-22 16:29:26,121.78,212
2026-10-22 14:27:11,2026-10-22 16:28:40,2026-10-22 16:29:58,121.49,212
2026-10-22 14:27:37,2026-10-22 16:29:26,2026-10-22 16:31:41,121.82,211
2026-10-22 14:27:43,2026-10-22 16:29:58,2026-10-22 16:30:20,122.26,212
2026-10-22 14:27:56,2026-10-22 16:30:20,2026-10-22 16:35:01,122.41,213
2026-10-22 14:28:21,2026-10-22 16:30:32,2026-10-22 16:30:46,122.17,214
2026-10-22 14:29:01,2026-10-22 16:30:46,2026-10-22 16:32:09,121.75,213
2026-10-22 14:29:17,2026-10-22 16:31:41,2026-10-22 16:32:55,122.4,214
2026-10-22 14:30:20,2026-10-22 16:32:09,2026-10-22 16:34:29,121.81,214
2026-10-22 14:30:27,2026-10-22 16:32:55,2026-10-22 16:37:25,122.48,215
2026-10-22 14:30:34,2026-10-22 16:34:29,2026-10-22 16:38:36,123.92,216
2026-10-22 14:30:36,2026-10-22 16:35:01,2026-10-22 16:37:27,124.41,217
2026-10-22 14:30:39,2026-10-22 16:37:25,2026-10-22 16:37:48,126.78,217
2026-10-22 14:31:08,2026-10-22 16:37:27,2026-10-22 16:37:41,126.31,218
2026-10-22 14:31:13,2026-10-22 16:37:41,2026-10-22 16:39:02,126.47,219
2026-10-22 14:31:21,2026-10-22 16:37:48,2026-10-22 16:38:43,126.45,220
2026-10-22 14:31:23,2026-10-22 16:38:36,2026-10-22 16:39:31,127.22,220
2026-10-22 14:32:02,2026-10-22 16:38:43,2026-10-22 16:41:43,126.69,220
2026-10-22 14:32:04,2026-10-22 16:39:02,2026-10-22 16:40:59,126.96,220
2026-10-22 14:32:57,2026-10-22 16:39:31,2026-10-22 16:40:54,126.57,218
2026-10-22 14:33:29,2026-10-22 16:40:54,2026-10-22 16:44:33,127.42,219
2026-10-22 14:33:35,2026-10-22 16:40:59,2026-10-22 16:42:44,127.4,219
2026-10-22 14:33:56,2026-10-22 16:41:43,2026-10-22 16:42:52,127.79,219
2026-10-22 14:34:02,2026-10-22 16:42:44,2026-10-22 16:44:04,128.7,219
2026-10-22 14:34:10,2026-10-22 16:42:52,2026-10-22 16:43:26,128.7,220
2026-10-22 14:35:29,2026-10-22 16:43:26,2026-10-22 16:43:32,127.95,218
2026-10-22 14:35:38,2026-10-22 16:43:32,2026-10-22 16:47:53,127.9,219
2026-10-22 14:35:44,2026-10-22 16:44:04,2026-10-22 16:45:28,128.33,220
2026-10-22 14:36:08,2026-10-22 16:44:33,2026-10-22 16:45:33,128.43,219
2026-10-22 14:36:38,2026-10-22 16:45:28,2026-10-22 16:47:15,128.83,220
2026-10-22 14:36:58,2026-10-22 16:45:33,2026-10-22 16:46:09,128.59,221
2026-10-22 14:36:58,2026-10-22 16:46:09,2026-10-22 16:51:13,129.19,222
2026-10-22 14:37:04,2026-10-22 16:47:15,2026-10-22 16:47:44,130.19,223
2026-10-22 14:38:07,2026-10-22 16:47:44,2026-10-22 16:47:47,129.62,221
2026-10-22 14:39:11,2026-10-22 16:47:47,2026-10-22 16:47:57,128.6,220
2026-10-22 14:39:40,2026-10-22 16:47:53,2026-10-22 16:49:06,128.22,221
2026-10-22 14:39:50,2026-10-22 16:47:57,2026-10-22 16:48:42,128.12,221
2026-10-22 14:40:23,2026-10-22 16:48:42,2026-10-22 16:50:39,128.32,221
2026-10-22 14:41:36,2026-10-22 16:49:06,2026-10-22 16:49:27,127.51,218
2026-10-22 14:41:40,2026-10-22 16:49:27,2026-10-22 16:51:42,127.78,219
2026-10-22 14:42:05,2026-10-22 16:50:39,2026-10-22 16:52:51,128.57,220
2026-10-22 14:42:23,2026-10-22 16:51:13,2026-10-22 16:53:30,128.83,221
2026-10-22 14:42:54,2026-10-22 16:51:42,2026-10-22 16:56:08,128.8,221
2026-10-22 14:43:39,2026-10-22 16:52:51,2026-10-22 16:53:34,129.21,219
2026-10-22 14:43:45,2026-10-22 16:53:30,2026-10-22 16:54:57,129.74,220
2026-10-22 14:44:39,2026-10-22 16:53:34,2026-10-22 16:53:49,128.91,220
2026-10-22 14:45:07,2026-10-22 16:53:49,2026-10-22 16:54:43,128.7,221
2026-10-22 14:45:18,2026-10-22 16:54:43,2026-10-22 16:55:55,129.41,220
2026-10-22 14:45:42,2026-10-22 16:54:57,2026-10-22 16:55:25,129.26,221
2026-10-22 14:47:22,2026-10-22 16:55:25,2026-10-22 16:57:27,128.06,219
2026-10-22 14:47:30,2026-10-22 16:55:55,2026-10-22 16:56:43,128.42,220
2026-10-22 14:48:18,2026-10-22 16:56:08,2026-10-22 16:56:19,127.85,220
2026-10-22 14:50:03,2026-10-22 16:56:19,2026-10-22 16:57:10,126.27,216
2026-10-22 14:50:09,2026-10-22 16:56:43,2026-10-22 16:57:06,126.56,217
2026-10-22 14:50:21,2026-10-22 16:57:06,2026-10-22 16:57:24,126.75,218
2026-10-22 14:50:53,2026-10-22 16:57:10,2026-10-22 17:02:19,126.27,219
2026-10-22 14:50:56,2026-10-22 16:57:24,2026-10-22 16:59:36,126.48,220
2026-10-22 14:51:38,2026-10-22 16:57:27,2026-10-22 16:58:48,125.81,219
2026-10-22 14:51:39,2026-10-22 16:58:48,2026-10-22 16:59:27,127.14,220
2026-10-22 14:51:59,2026-10-22 16:59:27,2026-10-22 17:00:16,127.47,219
2026-10-22 14:52:03,2026-10-22 16:59:36,2026-10-22 16:59:47,127.56,220
2026-10-22 14:52:27,2026-10-22 16:59:47,2026-10-22 17:00:01,127.33,221
2026-10-22 14:52:38,2026-10-22 17:00:01,2026-10-22 17:02:05,127.39,221
2026-10-22 14:52:40,2026-10-22 17:00:16,2026-10-22 17:00:29,127.61,222
2026-10-22 14:53:33,2026-10-22 17:00:29,2026-10-22 17:02:07,126.95,222
2026-10-22 14:53:34,2026-10-22 17:02:05,2026-10-22 17:03:56,128.51,223
2026-10-22 14:53:43,2026-10-22 17:02:07,2026-10-22 17:04:17,128.4,223
2026-10-22 14:54:00,2026-10-22 17:02:19,2026-10-22 17:02:52,128.31,223
2026-10-22 14:54:19,2026-10-22 17:02:52,2026-10-22 17:12:04,128.56,224
2026-10-22 14:54:42,2026-10-22 17:03:56,2026-10-22 17:15:11,129.24,224
2026-10-22 14:55:46,2026-10-22 17:04:17,2026-10-22 17:04:48,128.5,224
2026-10-22 14:56:36,2026-10-22 17:04:48,2026-10-22 17:05:07,128.19,222
2026-10-22 14:56:55,2026-10-22 17:05:07,2026-10-22 17:05:23,128.2,223
2026-10-22 14:57:05,2026-10-22 17:05:23,2026-10-22 17:06:15,128.3,224
2026-10-22 14:57:38,2026-10-22 17:06:15,2026-10-22 17:08:27,128.61,225
2026-10-22 14:58:35,2026-10-22 17:08:27,2026-10-22 17:12:17,129.88,225
2026-10-22 14:58:44,2026-10-22 17:12:04,2026-10-22 17:14:34,133.34,226
2026-10-22 14:59:18,2026-10-22 17:12:17,2026-10-22 17:12:44,132.99,227
2026-10-22 14:59:33,2026-10-22 17:12:44,2026-10-22 17:12:48,133.18,228
2026-10-22 15:00:02,2026-10-22 17:12:48,2026-10-22 17:16:14,132.77,228
2026-10-22 15:00:06,2026-10-22 17:14:34,2026-10-22 17:17:26,134.46,229
2026-10-22 15:01:08,2026-10-22 17:15:11,2026-10-22 17:18:45,134.04,230
2026-10-22 15:01:12,2026-10-22 17:16:14,2026-10-22 17:19:18,135.03,230
2026-10-22 15:01:25,2026-10-22 17:17:26,2026-10-22 17:21:52,136.0,231
2026-10-22 15:01:26,2026-10-22 17:18:45,2026-10-22 17:24:04,137.3,232
2026-10-22 15:01:59,2026-10-22 17:19:18,2026-10-22 17:20:01,137.33,231
2026-10-22 15:02:06,2026-10-22 17:20:01,2026-10-22 17:21:03,137.92,231
2026-10-22 15:02:26,2026-10-22 17:21:03,2026-10-22 17:21:04,138.61,232
2026-10-22 15:03:40,2026-10-22 17:21:04,2026-10-22 17:30:25,137.4,232
2026-10-22 15:03:57,2026-10-22 17:21:52,2026-10-22 17:24:10,137.91,233
2026-10-22 15:05:01,2026-10-22 17:24:04,2026-10-22 17:24:42,139.05,231
2026-10-22 15:05:21,2026-10-22 17:24:10,2026-10-22 17:26:56,138.82,231
2026-10-22 15:05:28,2026-10-22 17:24:42,2026-10-22 17:25:57,139.24,232
2026-10-22 15:05:28,2026-10-22 17:25:57,2026-10-22 17:27:03,140.48,233
2026-10-22 15:05:31,2026-10-22 17:26:56,2026-10-22 17:28:36,141.42,234
2026-10-22 15:06:02,2026-10-22 17:27:03,2026-10-22 17:28:22,141.02,234
2026-10-22 15:06:28,2026-10-22 17:28:22,2026-10-22 17:29:45,141.9,235
2026-10-22 15:06:57,2026-10-22 17:28:36,2026-10-22 17:31:00,141.65,236
2026-10-22 15:07:35,2026-10-22 17:29:45,2026-10-22 17:33:36,142.16,236
2026-10-22 15:07:42,2026-10-22 17:30:25,2026-10-22 17:31:20,142.71,237
2026-10-22 15:09:41,2026-10-22 17:31:00,2026-10-22 17:31:20,141.32,232
2026-10-22 15:10:17,2026-10-22 17:31:20,2026-10-22 17:33:18,141.04,233
2026-10-22 15:11:03,2026-10-22 17:31:20,2026-10-22 17:32:56,140.28,232
2026-10-22 15:11:40,2026-10-22 17:32:56,2026-10-22 17:34:25,141.27,231
2026-10-22 15:11:51,2026-10-22 17:33:18,2026-10-22 17:35:05,141.46,232
2026-10-22 15:12:02,2026-10-22 17:33:36,2026-10-22 17:37:08,141.56,233
2026-10-22 15:12:05,2026-10-22 17:34:25,2026-10-22 17:35:42,142.32,234
2026-10-22 15:12:12,2026-10-22 17:35:05,2026-10-22 17:35:29,142.88,235
2026-10-22 15:12:20,2026-10-22 17:35:29,2026-10-22 17:40:58,143.15,236
2026-10-22 15:12:41,2026-10-22 17:35:42,2026-10-22 17:36:05,143.01,235
2026-10-22 15:13:15,2026-10-22 17:36:05,2026-10-22 17:38:29,142.83,235
2026-10-22 15:13:56,2026-10-22 17:37:08,2026-10-22 17:41:27,143.2,236
2026-10-22 15:14:51,2026-10-22 17:38:29,2026-10-22 17:38:50,143.64,235
2026-10-22 15:16:12,2026-10-22 17:38:50,2026-10-22 17:41:38,142.64,235
2026-10-22 15:16:44,2026-10-22 17:40:58,2026-10-22 17:40:59,144.24,236
2026-10-22 15:16:56,2026-10-22 17:40:59,2026-10-22 17:44:11,144.04,236
2026-10-22 15:17:19,2026-10-22 17:41:27,2026-10-22 17:46:27,144.15,237
2026-10-22 15:17:58,2026-10-22 17:41:38,2026-10-22 17:49:04,143.67,237
2026-10-22 15:18:05,2026-10-22 17:44:11,2026-10-22 17:44:45,146.09,238
2026-10-22 15:18:17,2026-10-22 17:44:45,2026-10-22 17:47:41,146.47,237
2026-10-22 15:18:18,2026-10-22 17:46:27,2026-10-22 17:50:56,148.15,238
2026-10-22 15:18:38,2026-10-22 17:47:41,2026-10-22 17:48:38,149.05,239
2026-10-22 15:19:37,2026-10-22 17:48:38,2026-10-22 17:50:28,149.01,236
2026-10-22 15:19:38,2026-10-22 17:49:04,2026-10-22 17:49:17,149.43,237
2026-10-22 15:19:39,2026-10-22 17:49:17,2026-10-22 17:53:54,149.63,238
2026-10-22 15:19:49,2026-10-22 17:50:28,2026-10-22 17:52:48,150.66,238
2026-10-22 15:20:07,2026-10-22 17:50:56,2026-10-22 17:53:36,150.8,238
2026-10-22 15:20:47,2026-10-22 17:52:48,2026-10-22 17:54:06,152.02,239
2026-10-22 15:20:51,2026-10-22 17:53:36,2026-10-22 17:53:53,152.76,240
2026-10-22 15:21:02,2026-10-22 17:53:53,2026-10-22 17:53:57,152.85,241
2026-10-22 15:21:09,2026-10-22 17:53:54,2026-10-22 17:57:07,152.75,242
2026-10-22 15:21:46,2026-10-22 17:53:57,2026-10-22 17:59:12,152.19,242
2026-10-22 15:21:48,2026-10-22 17:54:06,2026-10-22 17:56:08,152.3,243
2026-10-22 15:23:12,2026-10-22 17:56:08,2026-10-22 17:57:32,152.94,243
2026-10-22 15:23:59,2026-10-22 17:57:07,2026-10-22 18:01:12,153.12,240
2026-10-22 15:24:02,2026-10-22 17:57:32,2026-10-22 17:57:43,153.5,241
2026-10-22 15:24:57,2026-10-22 17:57:43,2026-10-22 18:00:17,152.77,240
2026-10-22 15:24:59,2026-10-22 17:59:12,2026-10-22 18:00:12,154.22,241
2026-10-22 15:25:39,2026-10-22 18:00:12,2026-10-22 18:00:27,154.55,242
2026-10-22 15:25:57,2026-10-22 18:00:17,2026-10-22 18:01:52,154.32,242
2026-10-22 15:26:08,2026-10-22 18:00:27,2026-10-22 18:00:48,154.32,243
2026-10-22 15:26:19,2026-10-22 18:00:48,2026-10-22 18:04:06,154.48,244
2026-10-22 15:26:22,2026-10-22 18:01:12,2026-10-22 18:03:46,154.84,245
2026-10-22 15:27:02,2026-10-22 18:01:52,2026-10-22 18:03:14,154.84,244
2026-10-22 15:27:03,2026-10-22 18:03:14,2026-10-22 18:05:52,156.18,245
2026-10-22 15:28:07,2026-10-22 18:03:46,2026-10-22 18:09:45,155.66,246
2026-10-22 15:28:20,2026-10-22 18:04:06,2026-10-22 18:04:19,155.77,246
2026-10-22 15:28:23,2026-10-22 18:04:19,2026-10-22 18:06:52,155.92,247
2026-10-22 15:29:35,2026-10-22 18:05:52,2026-10-22 18:06:10,156.28,247
2026-10-22 15:30:50,2026-10-22 18:06:10,2026-10-22 18:07:50,155.33,246
2026-10-22 15:30:50,2026-10-22 18:06:52,2026-10-22 18:07:37,156.02,247
2026-10-22 15:31:24,2026-10-22 18:07:37,2026-10-22 18:07:45,156.22,247
2026-10-22 15:32:14,2026-10-22 18:07:45,2026-10-22 18:10:09,155.51,246
2026-10-22 15:32:46,2026-10-22 18:07:50,2026-10-22 18:08:19,155.06,245
2026-10-22 15:32:58,2026-10-22 18:08:19,2026-10-22 18:12:24,155.34,246
2026-10-22 15:33:01,2026-10-22 18:09:45,2026-10-22 18:09:47,156.73,247
2026-10-22 15:33:33,2026-10-22 18:09:47,2026-10-22 18:11:31,156.22,248
2026-10-22 15:34:24,2026-10-22 18:10:09,2026-10-22 18:11:21,155.76,247
2026-10-22 15:34:39,2026-10-22 18:11:21,2026-10-22 18:11:28,156.69,248
2026-10-22 15:35:26,2026-10-22 18:11:28,2026-10-22 18:12:24,156.03,248
2026-10-22 15:36:18,2026-10-22 18:11:31,2026-10-22 18:19:12,155.23,246
2026-10-22 15:36:19,2026-10-22 18:12:24,2026-10-22 18:14:32,156.08,247
2026-10-22 15:37:19,2026-10-22 18:12:24,2026-10-22 18:18:14,155.09,246
2026-10-22 15:37:20,2026-10-22 18:14:32,2026-10-22 18:16:34,157.2,247
2026-10-22 15:37:48,2026-10-22 18:16:34,2026-10-22 18:17:01,158.77,248
2026-10-22 15:38:14,2026-10-22 18:17:01,2026-10-22 18:18:53,158.79,248
2026-10-22 15:38:16,2026-10-22 18:18:14,2026-10-22 18:18:46,159.98,249
2026-10-22 15:38:25,2026-10-22 18:18:46,2026-10-22 18:19:01,160.35,250
2026-10-22 15:38:26,2026-10-22 18:18:53,2026-10-22 18:22:27,160.46,251
2026-10-22 15:38:31,2026-10-22 18:19:01,2026-10-22 18:19:23,160.49,252
2026-10-22 15:38:53,2026-10-22 18:19:12,2026-10-22 18:28:02,160.31,252
2026-10-22 15:39:12,2026-10-22 18:19:23,2026-10-22 18:19:46,160.18,253
2026-10-22 15:39:21,2026-10-22 18:19:46,2026-10-22 18:22:45,160.42,254
2026-10-22 15:39:37,2026-10-22 18:22:27,2026-10-22 18:22:38,162.84,255
2026-10-22 15:39:40,2026-10-22 18:22:38,2026-10-22 18:25:12,162.95,256
2026-10-22 15:39:45,2026-10-22 18:22:45,2026-10-22 18:30:03,163.01,257
2026-10-22 15:40:20,2026-10-22 18:25:12,2026-10-22 18:27:29,164.87,258
2026-10-22 15:41:09,2026-10-22 18:27:29,2026-10-22 18:27:36,166.33,259
2026-10-22 15:41:17,2026-10-22 18:27:36,2026-10-22 18:28:55,166.32,259
2026-10-22 15:41:26,2026-10-22 18:28:02,2026-10-22 18:30:39,166.6,260
2026-10-22 15:41:33,2026-10-22 18:28:55,2026-10-22 18:30:50,167.37,261
2026-10-22 15:42:43,2026-10-22 18:30:03,2026-10-22 18:30:31,167.33,258
2026-10-22 15:42:54,2026-10-22 18:30:31,2026-10-22 18:31:29,167.61,259
2026-10-22 15:43:33,2026-10-22 18:30:39,2026-10-22 18:30:44,167.1,260
2026-10-22 15:44:06,2026-10-22 18:30:44,2026-10-22 18:33:15,166.63,261
2026-10-22 15:44:27,2026-10-22 18:30:50,2026-10-22 18:30:57,166.38,262
2026-10-22 15:44:45,2026-10-22 18:30:57,2026-10-22 18:33:18,166.19,263
2026-10-22 15:45:18,2026-10-22 18:31:29,2026-10-22 18:35:59,166.18,263
2026-10-22 15:45:39,2026-10-22 18:33:15,2026-10-22 18:36:04,167.6,264
2026-10-22 15:46:17,2026-10-22 18:33:18,2026-10-22 18:36:57,167.0,263
2026-10-22 15:46:39,2026-10-22 18:35:59,2026-10-22 18:37:52,169.34,264
2026-10-22 15:47:21,2026-10-22 18:36:04,2026-10-22 18:42:51,168.72,264
2026-10-22 15:47:21,2026-10-22 18:36:57,2026-10-22 18:37:07,169.6,265
2026-10-22 15:47:39,2026-10-22 18:37:07,2026-10-22 18:38:37,169.47,266
2026-10-22 15:47:49,2026-10-22 18:37:52,2026-10-22 18:37:54,170.05,267
2026-10-22 15:47:56,2026-10-22 18:37:54,2026-10-22 18:40:20,169.96,268
2026-10-22 15:48:02,2026-10-22 18:38:37,2026-10-22 18:44:00,170.58,268
2026-10-22 15:48:43,2026-10-22 18:40:20,2026-10-22 18:42:44,171.61,266
2026-10-22 15:48:48,2026-10-22 18:42:44,2026-10-22 18:44:18,173.94,267
2026-10-22 15:49:37,2026-10-22 18:42:51,2026-10-22 18:42:58,173.24,267
2026-10-22 15:49:57,2026-10-22 18:42:58,2026-10-22 18:44:52,173.02,267
2026-10-22 15:49:59,2026-10-22 18:44:00,2026-10-22 18:47:03,174.03,268
2026-10-22 15:50:09,2026-10-22 18:44:18,2026-10-22 18:45:36,174.14,269
2026-10-22 15:50:37,2026-10-22 18:44:52,2026-10-22 18:48:03,174.25,269
2026-10-22 15:50:59,2026-10-22 18:45:36,2026-10-22 18:46:37,174.61,270
2026-10-22 15:51:03,2026-10-22 18:46:37,2026-10-22 18:49:36,175.56,269
2026-10-22 15:51:04,2026-10-22 18:47:03,2026-10-22 18:47:26,175.99,270
2026-10-22 15:52:05,2026-10-22 18:47:26,2026-10-22 18:50:57,175.34,271
2026-10-22 15:52:13,2026-10-22 18:48:03,2026-10-22 18:51:54,175.83,272
2026-10-22 15:52:24,2026-10-22 18:49:36,2026-10-22 18:52:26,177.19,272
2026-10-22 15:52:27,2026-10-22 18:50:57,2026-10-22 18:51:20,178.5,273
2026-10-22 15:52:43,2026-10-22 18:51:20,2026-10-22 18:55:18,178.61,273
2026-10-22 15:53:37,2026-10-22 18:51:54,2026-10-22 18:52:08,178.28,271
2026-10-22 15:54:46,2026-10-22 18:52:08,2026-10-22 18:52:51,177.37,270
2026-10-22 15:54:50,2026-10-22 18:52:26,2026-10-22 18:53:43,177.6,271
2026-10-22 15:54:57,2026-10-22 18:52:51,2026-10-22 18:53:25,177.9,272
2026-10-22 15:55:00,2026-10-22 18:53:25,2026-10-22 18:54:01,178.42,272
2026-10-22 15:55:20,2026-10-22 18:53:43,2026-10-22 18:53:50,178.37,273
2026-10-22 15:55:42,2026-10-22 18:53:50,2026-10-22 18:53:56,178.12,274
2026-10-22 15:56:31,2026-10-22 18:53:56,2026-10-22 18:54:20,177.41,274
2026-10-22 15:56:51,2026-10-22 18:54:01,2026-10-22 18:54:06,177.16,275
2026-10-22 15:57:02,2026-10-22 18:54:06,2026-10-22 18:54:59,177.07,276
2026-10-22 15:57:09,2026-10-22 18:54:20,2026-10-22 18:55:07,177.19,277
2026-10-22 15:57:26,2026-10-22 18:54:59,2026-10-22 18:55:22,177.55,278
2026-10-22 15:57:31,2026-10-22 18:55:07,2026-10-22 18:55:37,177.61,278
2026-10-22 15:57:50,2026-10-22 18:55:18,2026-10-22 18:55:18,177.46,277
2026-10-22 15:58:43,2026-10-22 18:55:18,2026-10-22 18:56:32,176.6,277
2026-10-22 15:58:49,2026-10-22 18:55:22,2026-10-22 18:55:27,176.55,278
2026-10-22 15:58:54,2026-10-22 18:55:27,2026-10-22 18:55:58,176.54,279
2026-10-22 16:00:15,2026-10-22 18:55:37,2026-10-22 18:56:18,175.37,279
2026-10-22 16:00:36,2026-10-22 18:55:58,2026-10-22 18:56:16,175.37,280
2026-10-22 16:00:47,2026-10-22 18:56:16,2026-10-22 18:56:37,175.49,281
2026-10-22 16:01:23,2026-10-22 18:56:18,2026-10-22 19:05:27,174.93,280
2026-10-22 16:03:16,2026-10-22 18:56:32,2026-10-22 18:59:52,173.27,280
2026-10-22 16:03:17,2026-10-22 18:56:37,2026-10-22 18:57:29,173.34,281
2026-10-22 16:03:30,2026-10-22 18:57:29,2026-10-22 18:57:44,173.97,282
2026-10-22 16:03:41,2026-10-22 18:57:44,2026-10-22 19:00:54,174.06,282
2026-10-22 16:04:19,2026-10-22 18:59:52,2026-10-22 19:01:13,175.55,281
2026-10-22 16:05:29,2026-10-22 19:00:54,2026-10-22 19:01:03,175.41,280
2026-10-22 16:06:37,2026-10-22 19:01:03,2026-10-22 19:01:12,174.43,279
2026-10-22 16:07:09,2026-10-22 19:01:12,2026-10-22 19:01:19,174.05,279
2026-10-22 16:08:38,2026-10-22 19:01:13,2026-10-22 19:01:29,172.59,277
2026-10-22 16:08:46,2026-10-22 19:01:19,2026-10-22 19:05:08,172.54,278
2026-10-22 16:09:31,2026-10-22 19:01:29,2026-10-22 19:04:56,171.97,278
2026-10-22 16:10:13,2026-10-22 19:04:56,2026-10-22 19:06:37,174.71,278
2026-10-22 16:10:14,2026-10-22 19:05:08,2026-10-22 19:05:53,174.91,279
2026-10-22 16:10:19,2026-10-22 19:05:27,2026-10-22 19:05:35,175.13,280
2026-10-22 16:10:58,2026-10-22 19:05:35,2026-10-22 19:06:28,174.62,280
2026-10-22 16:10:58,2026-10-22 19:05:53,2026-10-22 19:06:37,174.91,280
2026-10-22 16:11:10,2026-10-22 19:06:28,2026-10-22 19:07:51,175.3,281
2026-10-22 16:11:22,2026-10-22 19:06:37,2026-10-22 19:07:31,175.24,282
2026-10-22 16:11:42,2026-10-22 19:06:37,2026-10-22 19:08:41,174.91,283
2026-10-22 16:12:05,2026-10-22 19:07:31,2026-10-22 19:08:30,175.43,284
2026-10-22 16:12:08,2026-10-22 19:07:51,2026-10-22 19:08:01,175.71,285
2026-10-22 16:12:48,2026-10-22 19:08:01,2026-10-22 19:08:43,175.21,284
2026-10-22 16:13:29,2026-10-22 19:08:30,2026-10-22 19:09:21,175.01,285
2026-10-22 16:13:30,2026-10-22 19:08:41,2026-10-22 19:11:54,175.19,286
2026-10-22 16:15:09,2026-10-22 19:08:43,2026-10-22 19:10:21,173.57,285
2026-10-22 16:15:36,2026-10-22 19:09:21,2026-10-22 19:12:25,173.75,285
2026-10-22 16:15:49,2026-10-22 19:10:21,2026-10-22 19:12:47,174.53,286
2026-10-22 16:15:54,2026-10-22 19:11:54,2026-10-22 19:13:07,175.99,286
2026-10-22 16:15:57,2026-10-22 19:12:25,2026-10-22 19:12:44,176.46,287
2026-10-22 16:16:32,2026-10-22 19:12:44,2026-10-22 19:12:54,176.19,287
2026-10-22 16:17:34,2026-10-22 19:12:47,2026-10-22 19:12:56,175.22,287
2026-10-22 16:19:42,2026-10-22 19:12:54,2026-10-22 19:17:19,173.19,284
2026-10-22 16:20:00,2026-10-22 19:12:56,2026-10-22 19:14:06,172.92,285
2026-10-22 16:20:08,2026-10-22 19:13:07,2026-10-22 19:16:49,172.99,285
2026-10-22 16:20:39,2026-10-22 19:14:06,2026-10-22 19:15:50,173.44,285
2026-10-22 16:21:05,2026-10-22 19:15:50,2026-10-22 19:15:52,174.75,284
2026-10-22 16:21:06,2026-10-22 19:15:52,2026-10-22 19:16:30,174.76,285
2026-10-22 16:21:28,2026-10-22 19:16:30,2026-10-22 19:26:06,175.04,286
2026-10-22 16:22:15,2026-10-22 19:16:49,2026-10-22 19:17:46,174.56,286
2026-10-22 16:22:29,2026-10-22 19:17:19,2026-10-22 19:24:45,174.83,285
2026-10-22 16:22:31,2026-10-22 19:17:46,2026-10-22 19:18:32,175.25,286
2026-10-22 16:23:14,2026-10-22 19:18:32,2026-10-22 19:19:25,175.31,283
2026-10-22 16:23:44,2026-10-22 19:19:25,2026-10-22 19:20:56,175.69,284
2026-10-22 16:24:00,2026-10-22 19:20:56,2026-10-22 19:20:59,176.93,284
2026-10-22 16:24:10,2026-10-22 19:20:59,2026-10-22 19:21:01,176.83,285
2026-10-22 16:24:37,2026-10-22 19:21:01,2026-10-22 19:25:06,176.4,286
2026-10-22 16:25:01,2026-10-22 19:24:45,2026-10-22 19:27:16,179.74,286
2026-10-22 16:25:13,2026-10-22 19:25:06,2026-10-22 19:27:14,179.88,287
2026-10-22 16:26:54,2026-10-22 19:26:06,2026-10-22 19:30:37,179.2,282
2026-10-22 16:27:06,2026-10-22 19:27:14,2026-10-22 19:31:09,180.13,283
2026-10-22 16:27:29,2026-10-22 19:27:16,2026-10-22 19:28:41,179.78,283
2026-10-22 16:27:30,2026-10-22 19:28:41,2026-10-22 19:30:16,181.18,284
2026-10-22 16:27:46,2026-10-22 19:30:16,2026-10-22 19:33:41,182.51,285
2026-10-22 16:28:06,2026-10-22 19:30:37,2026-10-22 19:31:40,182.53,286
2026-10-22 16:28:42,2026-10-22 19:31:09,2026-10-22 19:35:06,182.46,285
2026-10-22 16:28:59,2026-10-22 19:31:40,2026-10-22 19:33:31,182.68,286
2026-10-22 16:29:45,2026-10-22 19:33:31,2026-10-22 19:34:24,183.77,286
2026-10-22 16:29:45,2026-10-22 19:33:41,2026-10-22 19:34:04,183.93,287
2026-10-22 16:30:30,2026-10-22 19:34:04,2026-10-22 19:35:29,183.56,286
2026-10-22 16:30:50,2026-10-22 19:34:24,2026-10-22 19:34:57,183.57,285
2026-10-22 16:31:02,2026-10-22 19:34:57,2026-10-22 19:36:07,183.91,286
2026-10-22 16:31:31,2026-10-22 19:35:06,2026-10-22 19:37:05,183.58,287
2026-10-22 16:31:38,2026-10-22 19:35:29,2026-10-22 19:36:31,183.85,288
2026-10-22 16:31:48,2026-10-22 19:36:07,2026-10-22 19:37:37,184.32,288
2026-10-22 16:32:38,2026-10-22 19:36:31,2026-10-22 19:43:16,183.88,288
2026-10-22 16:32:43,2026-10-22 19:37:05,2026-10-22 19:37:13,184.36,289
2026-10-22 16:33:28,2026-10-22 19:37:13,2026-10-22 19:38:25,183.76,289
2026-10-22 16:33:30,2026-10-22 19:37:37,2026-10-22 19:37:45,184.12,290
2026-10-22 16:33:30,2026-10-22 19:37:45,2026-10-22 19:37:58,184.26,291
2026-10-22 16:33:52,2026-10-22 19:37:58,2026-10-22 19:38:49,184.1,292
2026-10-22 16:34:04,2026-10-22 19:38:25,2026-10-22 19:38:44,184.34,293
2026-10-22 16:34:42,2026-10-22 19:38:44,2026-10-22 19:39:38,184.03,293
2026-10-22 16:35:35,2026-10-22 19:38:49,2026-10-22 19:43:37,183.22,293
2026-10-22 16:35:46,2026-10-22 19:39:38,2026-10-22 19:41:22,183.87,294
2026-10-22 16:35:50,2026-10-22 19:41:22,2026-10-22 19:44:18,185.52,295
2026-10-22 16:35:56,2026-10-22 19:43:16,2026-10-22 19:47:17,187.33,296
2026-10-22 16:36:44,2026-10-22 19:43:37,2026-10-22 19:43:53,186.89,297
2026-10-22 16:37:34,2026-10-22 19:43:53,2026-10-22 19:55:03,186.32,296
2026-10-22 16:38:05,2026-10-22 19:44:18,2026-10-22 19:45:20,186.22,295
2026-10-22 16:38:12,2026-10-22 19:45:20,2026-10-22 19:45:41,187.13,296
2026-10-22 16:38:44,2026-10-22 19:45:41,2026-10-22 19:46:44,186.95,295
2026-10-22 16:39:58,2026-10-22 19:46:44,2026-10-22 19:46:54,186.77,294
2026-10-22 16:40:03,2026-10-22 19:46:54,2026-10-22 19:51:18,186.85,295
2026-10-22 16:40:04,2026-10-22 19:47:17,2026-10-22 19:48:54,187.21,296
2026-10-22 16:40:13,2026-10-22 19:48:54,2026-10-22 19:53:56,188.69,297
2026-10-22 16:41:01,2026-10-22 19:51:18,2026-10-22 19:56:15,190.28,296
2026-10-22 16:41:29,2026-10-22 19:53:56,2026-10-22 19:54:50,192.46,297
2026-10-22 16:41:48,2026-10-22 19:54:50,2026-10-22 19:57:28,193.04,297
2026-10-22 16:41:58,2026-10-22 19:55:03,2026-10-22 19:56:55,193.08,298
2026-10-22 16:42:25,2026-10-22 19:56:15,2026-10-22 19:56:31,193.83,299
2026-10-22 16:43:09,2026-10-22 19:56:31,2026-10-22 19:57:28,193.38,298
2026-10-22 16:43:33,2026-10-22 19:56:55,2026-10-22 19:58:02,193.38,297
2026-10-22 16:45:12,2026-10-22 19:57:28,2026-10-22 19:57:35,192.27,296
2026-10-22 16:45:17,2026-10-22 19:57:28,2026-10-22 19:57:46,192.19,297
2026-10-22 16:45:47,2026-10-22 19:57:35,2026-10-22 19:59:01,191.8,296
2026-10-22 16:46:05,2026-10-22 19:57:46,2026-10-22 19:58:37,191.68,297
2026-10-22 16:46:15,2026-10-22 19:58:02,2026-10-22 20:01:02,191.78,297
2026-10-22 16:46:42,2026-10-22 19:58:37,2026-10-22 19:58:55,191.93,298
2026-10-22 16:47:01,2026-10-22 19:58:55,2026-10-22 19:59:51,191.9,299
2026-10-22 16:47:14,2026-10-22 19:59:01,2026-10-22 19:59:04,191.78,300
2026-10-22 16:48:10,2026-10-22 19:59:04,2026-10-22 20:04:49,190.9,296
2026-10-22 16:48:11,2026-10-22 19:59:51,2026-10-22 20:00:45,191.66,297
2026-10-22 16:51:10,2026-10-22 20:00:45,2026-10-22 20:02:00,189.59,294
2026-10-22 16:52:05,2026-10-22 20:01:02,2026-10-22 20:02:05,188.95,293
2026-10-22 16:53:04,2026-10-22 20:02:00,2026-10-22 20:04:30,188.92,293
2026-10-22 16:53:39,2026-10-22 20:02:05,2026-10-22 20:03:25,188.42,292
2026-10-22 16:53:47,2026-10-22 20:03:25,2026-10-22 20:03:45,189.63,293
2026-10-22 16:54:35,2026-10-22 20:03:45,2026-10-22 20:04:58,189.17,293
2026-10-22 16:55:25,2026-10-22 20:04:30,2026-10-22 20:05:42,189.09,292
2026-10-22 16:55:36,2026-10-22 20:04:49,2026-10-22 20:06:33,189.22,292
2026-10-22 16:55:42,2026-10-22 20:04:58,2026-10-22 20:05:59,189.27,293
2026-10-22 16:56:21,2026-10-22 20:05:42,2026-10-22 20:06:14,189.34,291
2026-10-22 16:56:24,2026-10-22 20:05:59,2026-10-22 20:06:14,189.59,292
2026-10-22 16:56:33,2026-10-22 20:06:14,2026-10-22 20:08:31,189.68,293
2026-10-22 16:58:34,2026-10-22 20:06:14,2026-10-22 20:07:40,187.67,289
2026-10-22 16:59:16,2026-10-22 20:06:33,2026-10-22 20:06:37,187.27,289
