date,arrival,start,end,wait_min
2025-04-01,2025-04-01 10:38:47.111632,2025-04-01 10:38:47.111632,2025-04-01 11:08:13.972012,0.0
2025-04-01,2025-04-01 11:04:13.760282,2025-04-01 11:04:13.760282,2025-04-01 11:32:00.287618,0.0
2025-04-01,2025-04-01 11:09:12.745820,2025-04-01 11:09:12.745820,2025-04-01 11:37:46.863046,0.0
2025-04-01,2025-04-01 11:23:18.457717,2025-04-01 11:37:46.863046,2025-04-01 12:04:36.279878,14.473422150000001
2025-04-01,2025-04-01 11:27:34.517512,2025-04-01 11:32:00.287618,2025-04-01 12:03:13.754986,4.429501766666666
2025-04-01,2025-04-01 11:30:32.448699,2025-04-01 12:04:36.279878,2025-04-01 12:30:10.497914,34.063852983333334
2025-04-01,2025-04-01 11:48:48.323233,2025-04-01 12:03:13.754986,2025-04-01 12:30:09.056205,14.423862549999999
2025-04-01,2025-04-01 13:14:55.277679,2025-04-01 13:14:55.277679,2025-04-01 13:40:45.194247,0.0
2025-04-01,2025-04-01 11:54:14.042550,2025-04-01 12:30:09.056205,2025-04-01 12:57:06.338895,35.916894250000006
2025-04-01,2025-04-01 13:15:28.985521,2025-04-01 13:15:28.985521,2025-04-01 13:45:39.513660,0.0
2025-04-01,2025-04-01 11:58:09.227941,2025-04-01 13:40:45.194247,2025-04-01 14:10:55.215153,102.59943843333333
2025-04-01,2025-04-01 13:37:08.174165,2025-04-01 13:45:39.513660,2025-04-01 14:15:28.250463,8.522324916666667
2025-04-01,2025-04-01 13:41:29.178023,2025-04-01 14:10:55.215153,2025-04-01 14:38:40.986522,29.433952166666664
2025-04-01,2025-04-01 13:52:46.963176,2025-04-01 14:15:28.250463,2025-04-01 14:44:57.900352,22.68812145
2025-04-01,2025-04-01 13:53:25.117454,2025-04-01 14:38:40.986522,2025-04-01 15:07:51.934307,45.264484466666666
2025-04-01,2025-04-01 13:59:52.594807,2025-04-01 15:07:51.934307,2025-04-01 15:35:28.901926,67.98899166666666
2025-04-01,2025-04-01 14:17:53.255796,2025-04-01 14:44:57.900352,2025-04-01 15:16:19.516435,27.077409266666667
2025-04-01,2025-04-01 15:38:26.541299,2025-04-01 15:38:26.541299,2025-04-01 16:06:31.961295,0.0
2025-04-01,2025-04-01 14:41:03.288283,2025-04-01 15:16:19.516435,2025-04-01 15:41:36.382529,35.2704692
2025-04-01,2025-04-01 15:47:27.725615,2025-04-01 15:47:27.725615,2025-04-01 16:14:17.935270,0.0
2025-04-01,2025-04-01 15:48:40.311168,2025-04-01 16:06:31.961295,2025-04-01 16:32:53.301955,17.860835450000003
2025-04-01,2025-04-01 16:14:02.751671,2025-04-01 16:32:53.301955,2025-04-01 16:59:09.135400,18.84250473333333
2025-04-01,2025-04-01 16:52:06.225919,2025-04-01 16:52:06.225919,2025-04-01 17:19:54.122232,0.0
2025-04-02,2025-04-02 10:35:58.726517,2025-04-02 10:35:58.726517,2025-04-02 11:07:00.687453,0.0
2025-04-02,2025-04-02 11:11:56.089371,2025-04-02 11:11:56.089371,2025-04-02 11:41:11.360173,0.0
2025-04-02,2025-04-02 11:16:11.021303,2025-04-02 11:16:11.021303,2025-04-02 11:46:30.978705,0.0
2025-04-02,2025-04-02 11:30:06.546357,2025-04-02 11:41:11.360173,2025-04-02 12:07:19.253900,11.080230266666666
2025-04-02,2025-04-02 11:34:18.248984,2025-04-02 11:46:30.978705,2025-04-02 12:15:30.896228,12.212162016666667
2025-04-02,2025-04-02 13:10:02.243291,2025-04-02 13:10:02.243291,2025-04-02 13:37:33.961234,0.0
2025-04-02,2025-04-02 13:11:09.234804,2025-04-02 13:11:09.234804,2025-04-02 13:38:54.933659,0.0
2025-04-02,2025-04-02 13:25:27.220871,2025-04-02 13:37:33.961234,2025-04-02 14:06:39.678754,12.112339383333333
2025-04-02,2025-04-02 13:31:17.724197,2025-04-02 13:38:54.933659,2025-04-02 14:06:04.228427,7.620157699999999
2025-04-02,2025-04-02 13:55:10.543320,2025-04-02 14:06:39.678754,2025-04-02 14:32:11.195184,11.485590566666668
2025-04-02,2025-04-02 14:54:47.874219,2025-04-02 14:54:47.874219,2025-04-02 15:23:41.973516,0.0
2025-04-02,2025-04-02 15:28:41.230997,2025-04-02 15:28:41.230997,2025-04-02 15:56:48.467276,0.0
2025-04-02,2025-04-02 16:27:18.574663,2025-04-02 16:27:18.574663,2025-04-02 16:55:57.889344,0.0
2025-04-02,2025-04-02 16:30:38.904344,2025-04-02 16:30:38.904344,2025-04-02 16:54:29.177621,0.0
2025-04-03,2025-04-03 09:15:50.638529,2025-04-03 09:15:50.638529,2025-04-03 09:45:46.751674,0.0
2025-04-03,2025-04-03 09:28:40.084965,2025-04-03 09:28:40.084965,2025-04-03 09:54:08.157779,0.0
2025-04-03,2025-04-03 09:35:25.894648,2025-04-03 09:45:46.751674,2025-04-03 10:15:21.867911,10.3476171
2025-04-03,2025-04-03 09:43:36.714442,2025-04-03 10:15:21.867911,2025-04-03 10:44:35.391471,31.75255781666667
2025-04-03,2025-04-03 09:51:46.039046,2025-04-03 09:54:08.157779,2025-04-03 10:24:02.719730,2.3686455499999997
2025-04-03,2025-04-03 11:16:13.035373,2025-04-03 11:16:13.035373,2025-04-03 11:47:09.638867,0.0
2025-04-03,2025-04-03 11:17:59.188793,2025-04-03 11:17:59.188793,2025-04-03 11:44:47.499051,0.0
2025-04-03,2025-04-03 11:25:09.203319,2025-04-03 11:44:47.499051,2025-04-03 12:12:59.400337,19.6382622
2025-04-03,2025-04-03 11:45:02.965019,2025-04-03 11:47:09.638867,2025-04-03 12:14:09.530596,2.1112308
2025-04-03,2025-04-03 11:51:33.017190,2025-04-03 12:14:09.530596,2025-04-03 12:41:52.700597,22.608556766666666
2025-04-03,2025-04-03 11:53:41.309560,2025-04-03 12:12:59.400337,2025-04-03 12:40:57.964681,19.30151295
2025-04-03,2025-04-03 13:01:26.069666,2025-04-03 13:01:26.069666,2025-04-03 13:31:01.045209,0.0
2025-04-03,2025-04-03 11:57:48.363216,2025-04-03 12:40:57.964681,2025-04-03 13:07:51.964164,43.16002441666667
2025-04-03,2025-04-03 13:04:01.594627,2025-04-03 13:07:51.964164,2025-04-03 13:35:31.946329,3.8394922833333336
2025-04-03,2025-04-03 13:09:56.608429,2025-04-03 13:31:01.045209,2025-04-03 13:56:28.694569,21.073946333333332
2025-04-03,2025-04-03 13:16:07.596250,2025-04-03 13:56:28.694569,2025-04-03 14:24:56.349030,40.351638650000005
2025-04-03,2025-04-03 13:26:16.327975,2025-04-03 13:35:31.946329,2025-04-03 14:03:13.376909,9.260305899999999
2025-04-03,2025-04-03 14:18:20.471379,2025-04-03 14:18:20.471379,2025-04-03 14:47:14.975719,0.0
2025-04-03,2025-04-03 13:26:19.595195,2025-04-03 14:24:56.349030,2025-04-03 14:54:51.651401,58.612563916666666
2025-04-03,2025-04-03 13:33:32.559264,2025-04-03 14:47:14.975719,2025-04-03 15:15:35.726341,73.70694091666665
2025-04-03,2025-04-03 15:01:47.011350,2025-04-03 15:01:47.011350,2025-04-03 15:29:49.504531,0.0
2025-04-03,2025-04-03 14:22:39.371380,2025-04-03 15:15:35.726341,2025-04-03 15:42:06.538541,52.93924935
2025-04-03,2025-04-03 14:23:42.344069,2025-04-03 15:29:49.504531,2025-04-03 15:58:00.057478,66.11934103333333
2025-04-03,2025-04-03 15:16:03.546517,2025-04-03 15:42:06.538541,2025-04-03 16:07:12.464394,26.049867066666664
2025-04-03,2025-04-03 15:21:13.241822,2025-04-03 15:58:00.057478,2025-04-03 16:27:37.432184,36.78026093333334
2025-04-04,2025-04-04 09:04:05.608163,2025-04-04 09:04:05.608163,2025-04-04 09:33:21.294256,0.0
2025-04-04,2025-04-04 09:26:52.845356,2025-04-04 09:26:52.845356,2025-04-04 09:53:34.200491,0.0
2025-04-04,2025-04-04 09:39:41.704761,2025-04-04 09:39:41.704761,2025-04-04 10:05:46.262304,0.0
2025-04-04,2025-04-04 10:12:21.954005,2025-04-04 10:12:21.954005,2025-04-04 10:39:40.192418,0.0
2025-04-04,2025-04-04 10:32:26.200978,2025-04-04 10:32:26.200978,2025-04-04 10:58:20.127208,0.0
2025-04-04,2025-04-04 10:34:34.328906,2025-04-04 10:39:40.192418,2025-04-04 11:06:22.727372,5.0977252
2025-04-04,2025-04-04 10:44:07.215352,2025-04-04 10:58:20.127208,2025-04-04 11:25:11.524579,14.2151976
2025-04-04,2025-04-04 10:49:27.864402,2025-04-04 11:06:22.727372,2025-04-04 11:32:30.652208,16.914382833333335
2025-04-04,2025-04-04 11:01:56.651222,2025-04-04 11:25:11.524579,2025-04-04 11:56:02.614602,23.247889283333333
2025-04-04,2025-04-04 11:04:35.549244,2025-04-04 11:32:30.652208,2025-04-04 12:03:03.102701,27.91838273333333
2025-04-04,2025-04-04 11:29:09.167349,2025-04-04 11:56:02.614602,2025-04-04 12:23:33.235731,26.890787550000002
2025-04-04,2025-04-04 11:34:17.870192,2025-04-04 12:03:03.102701,2025-04-04 12:31:35.467856,28.75387515
2025-04-04,2025-04-04 11:43:28.333469,2025-04-04 12:23:33.235731,2025-04-04 12:49:42.132460,40.08170436666667
2025-04-04,2025-04-04 13:03:50.098891,2025-04-04 13:03:50.098891,2025-04-04 13:31:32.259986,0.0
2025-04-04,2025-04-04 11:53:40.500016,2025-04-04 12:49:42.132460,2025-04-04 13:16:50.238538,56.027207399999995
2025-04-04,2025-04-04 13:29:20.406721,2025-04-04 13:29:20.406721,2025-04-04 13:55:38.435117,0.0
2025-04-04,2025-04-04 11:59:52.760847,2025-04-04 13:31:32.259986,2025-04-04 14:00:26.032004,91.65831898333333
2025-04-04,2025-04-04 13:35:00.637113,2025-04-04 13:55:38.435117,2025-04-04 14:24:58.837901,20.629966733333333
2025-04-04,2025-04-04 13:38:10.681555,2025-04-04 14:00:26.032004,2025-04-04 14:27:17.592233,22.255840816666666
2025-04-04,2025-04-04 13:40:40.891538,2025-04-04 14:24:58.837901,2025-04-04 14:56:23.614332,44.29910605
2025-04-04,2025-04-04 16:03:16.753917,2025-04-04 16:03:16.753917,2025-04-04 16:32:08.666800,0.0
2025-04-04,2025-04-04 13:41:54.177652,2025-04-04 14:56:23.614332,2025-04-04 15:22:21.911815,74.49061133333333
2025-04-04,2025-04-04 16:22:55.084585,2025-04-04 16:22:55.084585,2025-04-04 16:53:29.133627,0.0
2025-04-04,2025-04-04 13:43:25.132807,2025-04-04 16:32:08.666800,2025-04-04 17:03:50.309645,168.72556655
2025-04-04,2025-04-04 13:55:23.364303,2025-04-04 16:53:29.133627,2025-04-04 17:24:10.002556,178.09615540000001
2025-04-04,2025-04-04 13:57:43.859335,2025-04-04 17:03:50.309645,2025-04-04 17:32:43.805342,186.10750516666667
2025-04-04,2025-04-04 13:59:21.320911,2025-04-04 17:24:10.002556,2025-04-04 17:52:07.810554,204.81136075
2025-04-05,2025-04-05 09:52:36.017180,2025-04-05 09:52:36.017180,2025-04-05 10:20:07.471486,0.0
2025-04-05,2025-04-05 10:17:42.700569,2025-04-05 10:17:42.700569,2025-04-05 10:44:55.483832,0.0
2025-04-05,2025-04-05 10:28:33.372621,2025-04-05 10:28:33.372621,2025-04-05 10:53:50.189342,0.0
2025-04-05,2025-04-05 10:37:42.813780,2025-04-05 10:44:55.483832,2025-04-05 11:13:52.017292,7.211167533333334
2025-04-05,2025-04-05 10:46:06.190148,2025-04-05 10:53:50.189342,2025-04-05 11:21:44.862171,7.7333199
2025-04-05,2025-04-05 11:00:07.421833,2025-04-05 11:13:52.017292,2025-04-05 11:43:01.160974,13.74325765
2025-04-05,2025-04-05 11:07:38.207288,2025-04-05 11:21:44.862171,2025-04-05 11:51:58.039010,14.110914716666667
2025-04-05,2025-04-05 11:09:15.874740,2025-04-05 11:43:01.160974,2025-04-05 12:10:31.540391,33.754770566666664
2025-04-05,2025-04-05 11:18:55.722216,2025-04-05 11:51:58.039010,2025-04-05 12:16:26.150303,33.038613233333336
2025-04-05,2025-04-05 11:22:33.930821,2025-04-05 12:16:26.150303,2025-04-05 12:45:28.800964,53.8703247
2025-04-05,2025-04-05 11:26:11.750484,2025-04-05 12:10:31.540391,2025-04-05 12:38:27.495297,44.32983178333333
2025-04-05,2025-04-05 13:07:22.708410,2025-04-05 13:07:22.708410,2025-04-05 13:34:56.676651,0.0
2025-04-05,2025-04-05 11:26:19.249616,2025-04-05 12:38:27.495297,2025-04-05 13:06:02.945405,72.13742801666668
2025-04-05,2025-04-05 13:10:01.444585,2025-04-05 13:10:01.444585,2025-04-05 13:39:34.044527,0.0
2025-04-05,2025-04-05 11:27:19.508706,2025-04-05 13:34:56.676651,2025-04-05 14:03:31.550608,127.61946575
2025-04-05,2025-04-05 11:27:39.399830,2025-04-05 13:39:34.044527,2025-04-05 14:06:56.517788,131.91074495
2025-04-05,2025-04-05 11:45:22.400168,2025-04-05 14:03:31.550608,2025-04-05 14:32:04.228074,138.15250733333332
2025-04-05,2025-04-05 11:51:26.431342,2025-04-05 14:06:56.517788,2025-04-05 14:34:21.872352,135.50144076666666
2025-04-05,2025-04-05 11:51:56.935327,2025-04-05 14:32:04.228074,2025-04-05 14:59:43.379369,160.12154578333332
2025-04-05,2025-04-05 11:55:23.430277,2025-04-05 14:34:21.872352,2025-04-05 15:00:23.800612,158.97403458333335
2025-04-05,2025-04-05 13:11:59.050639,2025-04-05 14:59:43.379369,2025-04-05 15:26:37.356680,107.73881216666668
2025-04-05,2025-04-05 13:18:45.225459,2025-04-05 15:00:23.800612,2025-04-05 15:26:27.200599,101.64291921666667
2025-04-05,2025-04-05 13:34:20.464271,2025-04-05 15:26:37.356680,2025-04-05 15:55:45.592437,112.28154015
2025-04-05,2025-04-05 13:37:22.030431,2025-04-05 15:26:27.200599,2025-04-05 15:53:09.833774,109.08616946666666
2025-04-05,2025-04-05 13:48:04.626786,2025-04-05 15:55:45.592437,2025-04-05 16:26:40.888518,127.68276085000001
2025-04-05,2025-04-05 13:49:15.569418,2025-04-05 15:53:09.833774,2025-04-05 16:17:29.410825,123.90440593333332
2025-04-05,2025-04-05 16:20:13.948388,2025-04-05 16:20:13.948388,2025-04-05 16:49:01.736314,0.0
2025-04-05,2025-04-05 13:55:34.394897,2025-04-05 16:26:40.888518,2025-04-05 16:55:13.029380,151.10822701666666
2025-04-05,2025-04-05 13:57:19.918549,2025-04-05 16:49:01.736314,2025-04-05 17:17:58.751291,171.69696274999998
2025-04-05,2025-04-05 14:01:34.218972,2025-04-05 16:55:13.029380,2025-04-05 17:22:11.747959,173.6468401333333
2025-04-05,2025-04-05 14:14:30.507853,2025-04-05 17:17:58.751291,2025-04-05 17:48:04.111351,183.47072396666667
2025-04-05,2025-04-05 14:42:20.983491,2025-04-05 17:22:11.747959,2025-04-05 17:45:51.329998,159.84607446666666
2025-04-05,2025-04-05 15:26:18.158075,2025-04-05 17:45:51.329998,2025-04-05 18:13:53.787638,139.55286538333334
2025-04-05,2025-04-05 15:38:11.060974,2025-04-05 17:48:04.111351,2025-04-05 18:16:42.306280,129.88417295
2025-04-05,2025-04-05 16:40:37.748052,2025-04-05 18:13:53.787638,2025-04-05 18:43:53.529373,93.26732643333334
2025-04-07,2025-04-07 09:36:31.526653,2025-04-07 09:36:31.526653,2025-04-07 10:04:37.078660,0.0
2025-04-07,2025-04-07 09:42:57.724186,2025-04-07 09:42:57.724186,2025-04-07 10:12:16.763872,0.0
2025-04-07,2025-04-07 09:50:36.421776,2025-04-07 10:04:37.078660,2025-04-07 10:32:36.264463,14.010948066666666
2025-04-07,2025-04-07 10:25:36.887855,2025-04-07 10:25:36.887855,2025-04-07 10:52:30.950154,0.0
2025-04-07,2025-04-07 11:02:33.455769,2025-04-07 11:02:33.455769,2025-04-07 11:30:51.784390,0.0
2025-04-07,2025-04-07 11:06:47.360057,2025-04-07 11:06:47.360057,2025-04-07 11:33:58.340451,0.0
2025-04-07,2025-04-07 11:13:24.519730,2025-04-07 11:30:51.784390,2025-04-07 11:56:52.074469,17.454411
2025-04-07,2025-04-07 11:15:00.980442,2025-04-07 11:33:58.340451,2025-04-07 12:01:25.041685,18.95600015
2025-04-07,2025-04-07 11:17:05.622794,2025-04-07 11:56:52.074469,2025-04-07 12:22:32.585219,39.77419458333333
2025-04-07,2025-04-07 11:23:57.860588,2025-04-07 12:01:25.041685,2025-04-07 12:30:54.327992,37.453018283333336
2025-04-07,2025-04-07 13:01:02.581905,2025-04-07 13:01:02.581905,2025-04-07 13:28:41.917085,0.0
2025-04-07,2025-04-07 11:46:32.023511,2025-04-07 12:30:54.327992,2025-04-07 12:57:10.731239,44.37174135
2025-04-07,2025-04-07 13:12:23.574985,2025-04-07 13:12:23.574985,2025-04-07 13:36:45.254553,0.0
2025-04-07,2025-04-07 13:18:27.193781,2025-04-07 13:28:41.917085,2025-04-07 13:55:02.577004,10.2453884
2025-04-07,2025-04-07 13:18:42.173473,2025-04-07 13:36:45.254553,2025-04-07 14:01:59.124785,18.051351333333333
2025-04-07,2025-04-07 13:23:00.058076,2025-04-07 13:55:02.577004,2025-04-07 14:23:49.849217,32.041982133333335
2025-04-07,2025-04-07 13:42:54.345010,2025-04-07 14:01:59.124785,2025-04-07 14:29:04.685609,19.079662916666667
2025-04-07,2025-04-07 16:01:58.500263,2025-04-07 16:01:58.500263,2025-04-07 16:28:00.030572,0.0
2025-04-07,2025-04-07 13:46:04.628828,2025-04-07 16:28:00.030572,2025-04-07 16:54:08.277221,161.9233624
2025-04-07,2025-04-07 13:49:16.272761,2025-04-07 14:29:04.685609,2025-04-07 14:58:13.007467,39.8068808
2025-04-07,2025-04-07 16:36:39.599189,2025-04-07 16:36:39.599189,2025-04-07 17:03:48.374166,0.0
2025-04-07,2025-04-07 13:51:37.647951,2025-04-07 16:54:08.277221,2025-04-07 17:24:27.162100,182.51048783333331
2025-04-07,2025-04-07 16:44:51.769216,2025-04-07 17:03:48.374166,2025-04-07 17:30:24.935569,18.943415833333333
2025-04-07,2025-04-07 16:46:34.482476,2025-04-07 17:24:27.162100,2025-04-07 17:50:41.059180,37.877993733333334
2025-04-08,2025-04-08 09:10:41.584914,2025-04-08 09:10:41.584914,2025-04-08 09:37:41.551604,0.0
2025-04-08,2025-04-08 09:41:08.738183,2025-04-08 09:41:08.738183,2025-04-08 10:07:19.406105,0.0
2025-04-08,2025-04-08 09:49:30.500251,2025-04-08 09:49:30.500251,2025-04-08 10:18:45.939874,0.0
2025-04-08,2025-04-08 10:37:14.571910,2025-04-08 10:37:14.571910,2025-04-08 11:03:40.529355,0.0
2025-04-08,2025-04-08 11:05:30.382901,2025-04-08 11:05:30.382901,2025-04-08 11:34:14.273292,0.0
2025-04-08,2025-04-08 11:11:50.161068,2025-04-08 11:11:50.161068,2025-04-08 11:39:11.406351,0.0
2025-04-08,2025-04-08 11:19:57.957634,2025-04-08 11:34:14.273292,2025-04-08 12:00:51.258728,14.271927633333332
2025-04-08,2025-04-08 11:24:45.678670,2025-04-08 11:39:11.406351,2025-04-08 12:07:20.738700,14.428794683333333
2025-04-08,2025-04-08 11:35:40.313208,2025-04-08 12:00:51.258728,2025-04-08 12:27:57.925648,25.182425333333335
2025-04-08,2025-04-08 11:47:55.739864,2025-04-08 12:07:20.738700,2025-04-08 12:32:50.430378,19.416647266666665
2025-04-08,2025-04-08 13:09:23.298400,2025-04-08 13:09:23.298400,2025-04-08 13:34:23.253075,0.0
2025-04-08,2025-04-08 11:48:44.109182,2025-04-08 12:32:50.430378,2025-04-08 13:00:36.131973,44.10535326666666
2025-04-08,2025-04-08 13:11:59.607724,2025-04-08 13:11:59.607724,2025-04-08 13:40:46.668473,0.0
2025-04-08,2025-04-08 11:54:22.657993,2025-04-08 13:34:23.253075,2025-04-08 14:01:54.083672,100.00991803333334
2025-04-08,2025-04-08 13:14:24.522039,2025-04-08 13:40:46.668473,2025-04-08 14:06:02.706810,26.369107233333335
2025-04-08,2025-04-08 13:14:44.430278,2025-04-08 14:01:54.083672,2025-04-08 14:30:01.403150,47.1608899
2025-04-08,2025-04-08 13:58:09.831950,2025-04-08 14:06:02.706810,2025-04-08 14:33:03.569037,7.881247666666667
2025-04-08,2025-04-08 14:09:37.112058,2025-04-08 14:30:01.403150,2025-04-08 14:57:45.468797,20.404851533333332
2025-04-08,2025-04-08 14:49:35.908273,2025-04-08 14:49:35.908273,2025-04-08 15:15:56.705755,0.0
2025-04-08,2025-04-08 14:55:03.456614,2025-04-08 14:57:45.468797,2025-04-08 15:27:43.986029,2.70020305
2025-04-08,2025-04-08 15:12:29.100828,2025-04-08 15:15:56.705755,2025-04-08 15:44:24.751603,3.460082116666667
2025-04-08,2025-04-08 15:15:07.836016,2025-04-08 15:27:43.986029,2025-04-08 15:58:09.043840,12.602500216666666
2025-04-08,2025-04-08 15:26:32.585531,2025-04-08 15:44:24.751603,2025-04-08 16:12:10.851467,17.869434533333333
2025-04-08,2025-04-08 15:50:38.504292,2025-04-08 15:58:09.043840,2025-04-08 16:25:44.362039,7.508992466666667
2025-04-09,2025-04-09 11:03:51.387247,2025-04-09 11:03:51.387247,2025-04-09 11:29:30.176215,0.0
2025-04-09,2025-04-09 11:10:35.031538,2025-04-09 11:10:35.031538,2025-04-09 11:38:06.452326,0.0
2025-04-09,2025-04-09 11:11:32.889728,2025-04-09 11:29:30.176215,2025-04-09 11:59:19.375745,17.954774783333335
2025-04-09,2025-04-09 11:17:47.094795,2025-04-09 11:38:06.452326,2025-04-09 12:05:09.011865,20.32262551666667
2025-04-09,2025-04-09 11:25:31.222606,2025-04-09 11:59:19.375745,2025-04-09 12:26:09.973708,33.80255231666667
2025-04-09,2025-04-09 11:39:36.842900,2025-04-09 12:05:09.011865,2025-04-09 12:35:30.293509,25.536149416666667
2025-04-09,2025-04-09 13:05:35.268131,2025-04-09 13:05:35.268131,2025-04-09 13:31:04.546290,0.0
2025-04-09,2025-04-09 11:53:46.432057,2025-04-09 12:35:30.293509,2025-04-09 13:03:36.740685,41.7310242
2025-04-09,2025-04-09 13:25:38.548752,2025-04-09 13:25:38.548752,2025-04-09 13:57:20.858103,0.0
2025-04-09,2025-04-09 11:57:11.890005,2025-04-09 13:31:04.546290,2025-04-09 13:55:53.514915,93.87760475
2025-04-09,2025-04-09 13:25:52.926026,2025-04-09 13:55:53.514915,2025-04-09 14:22:00.706191,30.00981481666667
2025-04-09,2025-04-09 13:40:28.607222,2025-04-09 13:57:20.858103,2025-04-09 14:27:15.438036,16.870848016666667
2025-04-09,2025-04-09 13:47:24.323989,2025-04-09 14:22:00.706191,2025-04-09 14:48:23.988393,34.60637003333333
2025-04-09,2025-04-09 13:56:46.181363,2025-04-09 14:27:15.438036,2025-04-09 14:53:06.701112,30.487611216666668
2025-04-09,2025-04-09 13:57:49.451712,2025-04-09 14:48:23.988393,2025-04-09 15:15:41.204394,50.57561135
2025-04-09,2025-04-09 14:25:17.909757,2025-04-09 14:53:06.701112,2025-04-09 15:20:59.611310,27.81318925
2025-04-09,2025-04-09 14:33:48.274089,2025-04-09 15:15:41.204394,2025-04-09 15:44:59.935534,41.88217175
2025-04-09,2025-04-09 14:40:45.574316,2025-04-09 15:20:59.611310,2025-04-09 15:48:25.769188,40.2339499
2025-04-09,2025-04-09 14:58:01.932660,2025-04-09 15:44:59.935534,2025-04-09 16:13:09.376293,46.96671456666666
2025-04-09,2025-04-09 15:42:25.819996,2025-04-09 15:48:25.769188,2025-04-09 16:13:06.046073,5.999153199999999
2025-04-09,2025-04-09 15:46:22.512958,2025-04-09 16:13:09.376293,2025-04-09 16:43:04.531117,26.781055583333334
2025-04-09,2025-04-09 16:11:28.400823,2025-04-09 16:13:06.046073,2025-04-09 16:39:57.022693,1.6274208333333333
2025-04-09,2025-04-09 16:18:54.144454,2025-04-09 16:39:57.022693,2025-04-09 17:08:34.497880,21.04797065
2025-04-09,2025-04-09 16:37:44.875852,2025-04-09 16:43:04.531117,2025-04-09 17:09:42.426058,5.32758775
2025-04-10,2025-04-10 10:33:55.539495,2025-04-10 10:33:55.539495,2025-04-10 11:00:59.416147,0.0
2025-04-10,2025-04-10 11:03:51.900119,2025-04-10 11:03:51.900119,2025-04-10 11:34:03.090262,0.0
2025-04-10,2025-04-10 11:07:23.229225,2025-04-10 11:07:23.229225,2025-04-10 11:38:38.015069,0.0
2025-04-10,2025-04-10 11:35:45.327328,2025-04-10 11:35:45.327328,2025-04-10 12:02:01.815360,0.0
2025-04-10,2025-04-10 11:49:52.133751,2025-04-10 11:49:52.133751,2025-04-10 12:15:35.101028,0.0
2025-04-10,2025-04-10 11:51:52.728014,2025-04-10 12:02:01.815360,2025-04-10 12:30:22.710880,10.151455766666666
2025-04-10,2025-04-10 11:58:02.938136,2025-04-10 12:15:35.101028,2025-04-10 12:43:52.247433,17.5360482
2025-04-10,2025-04-10 13:08:21.611811,2025-04-10 13:08:21.611811,2025-04-10 13:38:16.591343,0.0
2025-04-10,2025-04-10 11:59:15.079194,2025-04-10 12:43:52.247433,2025-04-10 13:10:48.711123,44.619470650000004
2025-04-10,2025-04-10 13:10:48.519951,2025-04-10 13:10:48.711123,2025-04-10 13:39:50.251857,0.0031862
2025-04-10,2025-04-10 13:11:51.555438,2025-04-10 13:38:16.591343,2025-04-10 14:06:12.365662,26.417265083333334
2025-04-10,2025-04-10 13:22:50.732042,2025-04-10 13:39:50.251857,2025-04-10 14:08:59.302379,16.99199691666667
2025-04-10,2025-04-10 13:26:23.026915,2025-04-10 14:06:12.365662,2025-04-10 14:34:05.906556,39.82231245
2025-04-10,2025-04-10 13:51:50.121937,2025-04-10 14:08:59.302379,2025-04-10 14:38:01.337931,17.153007366666667
2025-04-10,2025-04-10 14:15:27.801064,2025-04-10 14:34:05.906556,2025-04-10 15:02:05.210511,18.63509153333333
2025-04-10,2025-04-10 14:37:42.062068,2025-04-10 14:38:01.337931,2025-04-10 15:03:41.977756,0.32126438333333335
2025-04-10,2025-04-10 14:57:15.487043,2025-04-10 15:02:05.210511,2025-04-10 15:31:32.723712,4.828724466666667
2025-04-10,2025-04-10 15:17:37.908450,2025-04-10 15:17:37.908450,2025-04-10 15:47:00.660705,0.0
2025-04-10,2025-04-10 15:51:44.754395,2025-04-10 15:51:44.754395,2025-04-10 16:16:13.192849,0.0
2025-04-11,2025-04-11 11:08:57.340742,2025-04-11 11:08:57.340742,2025-04-11 11:39:04.197697,0.0
2025-04-11,2025-04-11 11:29:27.375558,2025-04-11 11:29:27.375558,2025-04-11 11:58:21.515024,0.0
2025-04-11,2025-04-11 11:38:09.265980,2025-04-11 11:39:04.197697,2025-04-11 12:07:28.071411,0.9155286166666666
2025-04-11,2025-04-11 11:42:08.594132,2025-04-11 12:07:28.071411,2025-04-11 12:35:35.406580,25.324621316666665
2025-04-11,2025-04-11 11:44:46.595063,2025-04-11 11:58:21.515024,2025-04-11 12:27:17.737126,13.581999349999998
2025-04-11,2025-04-11 13:03:25.785648,2025-04-11 13:03:25.785648,2025-04-11 13:29:25.689229,0.0
2025-04-11,2025-04-11 11:44:56.129289,2025-04-11 12:27:17.737126,2025-04-11 12:53:38.058633,42.360130616666666
2025-04-11,2025-04-11 13:11:54.077904,2025-04-11 13:11:54.077904,2025-04-11 13:40:40.060473,0.0
2025-04-11,2025-04-11 11:48:19.094794,2025-04-11 13:29:25.689229,2025-04-11 14:01:01.065551,101.10990725
2025-04-11,2025-04-11 11:50:29.821690,2025-04-11 13:40:40.060473,2025-04-11 14:08:01.156240,110.17064638333333
2025-04-11,2025-04-11 11:56:04.655599,2025-04-11 14:01:01.065551,2025-04-11 14:29:27.333610,124.94016586666666
2025-04-11,2025-04-11 13:16:16.629298,2025-04-11 14:08:01.156240,2025-04-11 14:38:32.440377,51.7421157
2025-04-11,2025-04-11 14:29:29.565217,2025-04-11 14:29:29.565217,2025-04-11 14:58:15.950652,0.0
2025-04-11,2025-04-11 13:28:54.894761,2025-04-11 14:58:15.950652,2025-04-11 15:26:59.264493,89.35093151666666
2025-04-11,2025-04-11 13:54:46.163685,2025-04-11 14:38:32.440377,2025-04-11 15:07:37.693627,43.7712782
2025-04-11,2025-04-11 15:14:24.406824,2025-04-11 15:14:24.406824,2025-04-11 15:42:38.529064,0.0
2025-04-11,2025-04-11 13:55:59.726704,2025-04-11 15:26:59.264493,2025-04-11 15:55:25.515512,90.99229648333333
2025-04-11,2025-04-11 15:16:02.032188,2025-04-11 15:42:38.529064,2025-04-11 16:12:29.473520,26.608281266666665
2025-04-11,2025-04-11 16:23:00.192380,2025-04-11 16:23:00.192380,2025-04-11 16:49:13.754882,0.0
2025-04-12,2025-04-12 09:05:57.404699,2025-04-12 09:05:57.404699,2025-04-12 09:33:52.858129,0.0
2025-04-12,2025-04-12 09:37:53.416253,2025-04-12 09:37:53.416253,2025-04-12 10:03:45.408760,0.0
2025-04-12,2025-04-12 10:04:37.492962,2025-04-12 10:04:37.492962,2025-04-12 10:30:37.155134,0.0
2025-04-12,2025-04-12 10:11:23.316235,2025-04-12 10:11:23.316235,2025-04-12 10:36:58.229109,0.0
2025-04-12,2025-04-12 11:18:28.622472,2025-04-12 11:18:28.622472,2025-04-12 11:43:17.443359,0.0
2025-04-12,2025-04-12 11:23:47.880630,2025-04-12 11:23:47.880630,2025-04-12 11:51:56.396907,0.0
2025-04-12,2025-04-12 11:24:28.929715,2025-04-12 11:43:17.443359,2025-04-12 12:11:57.204011,18.808560733333334
2025-04-12,2025-04-12 11:27:12.796422,2025-04-12 11:51:56.396907,2025-04-12 12:24:02.903569,24.726674749999997
2025-04-12,2025-04-12 11:28:52.266260,2025-04-12 12:11:57.204011,2025-04-12 12:41:28.554665,43.08229585
2025-04-12,2025-04-12 11:41:17.013651,2025-04-12 12:24:02.903569,2025-04-12 12:50:22.592491,42.76483196666666
2025-04-12,2025-04-12 13:22:31.755378,2025-04-12 13:22:31.755378,2025-04-12 13:51:32.369647,0.0
2025-04-12,2025-04-12 11:42:11.721192,2025-04-12 12:50:22.592491,2025-04-12 13:15:19.453342,68.18118831666666
2025-04-12,2025-04-12 13:30:12.370314,2025-04-12 13:30:12.370314,2025-04-12 13:59:40.744200,0.0
2025-04-12,2025-04-12 11:53:36.106343,2025-04-12 13:51:32.369647,2025-04-12 14:18:20.032381,117.93772173333333
2025-04-12,2025-04-12 11:58:33.791285,2025-04-12 13:59:40.744200,2025-04-12 14:28:19.391920,121.11588191666667
2025-04-12,2025-04-12 13:31:47.674160,2025-04-12 14:18:20.032381,2025-04-12 14:45:37.585923,46.53930368333333
2025-04-12,2025-04-12 13:40:09.244618,2025-04-12 14:45:37.585923,2025-04-12 15:16:19.726790,65.47235508333333
2025-04-12,2025-04-12 13:50:17.799321,2025-04-12 14:28:19.391920,2025-04-12 14:56:16.060310,38.02654331666667
2025-04-12,2025-04-12 15:01:46.784865,2025-04-12 15:01:46.784865,2025-04-12 15:29:34.045646,0.0
2025-04-12,2025-04-12 13:58:39.448618,2025-04-12 15:16:19.726790,2025-04-12 15:43:21.048665,77.67130286666666
2025-04-12,2025-04-12 13:59:21.175882,2025-04-12 15:29:34.045646,2025-04-12 15:55:58.102534,90.21449606666667
2025-04-12,2025-04-12 15:48:17.208618,2025-04-12 15:48:17.208618,2025-04-12 16:16:06.153989,0.0
2025-04-12,2025-04-12 14:18:05.157871,2025-04-12 15:55:58.102534,2025-04-12 16:24:00.844510,97.88241105
2025-04-12,2025-04-12 14:23:28.431725,2025-04-12 16:16:06.153989,2025-04-12 16:44:45.753561,112.6287044
2025-04-12,2025-04-12 16:11:09.711002,2025-04-12 16:24:00.844510,2025-04-12 16:51:57.465433,12.852225133333333
2025-04-14,2025-04-14 09:41:26.166860,2025-04-14 09:41:26.166860,2025-04-14 10:09:03.914450,0.0
2025-04-14,2025-04-14 09:49:17.205382,2025-04-14 09:49:17.205382,2025-04-14 10:15:48.803344,0.0
2025-04-14,2025-04-14 10:11:03.523183,2025-04-14 10:11:03.523183,2025-04-14 10:38:06.753844,0.0
2025-04-14,2025-04-14 10:14:46.881541,2025-04-14 10:15:48.803344,2025-04-14 10:45:23.282335,1.03203005
2025-04-14,2025-04-14 10:17:37.256422,2025-04-14 10:38:06.753844,2025-04-14 11:06:50.618852,20.491623699999998
2025-04-14,2025-04-14 10:19:35.836080,2025-04-14 10:45:23.282335,2025-04-14 11:13:46.331195,25.790770916666666
2025-04-14,2025-04-14 10:33:15.583129,2025-04-14 11:06:50.618852,2025-04-14 11:33:25.816018,33.58392871666667
2025-04-14,2025-04-14 10:44:10.572024,2025-04-14 11:13:46.331195,2025-04-14 11:40:26.902954,29.59598618333333
2025-04-14,2025-04-14 10:52:55.822799,2025-04-14 11:33:25.816018,2025-04-14 12:03:51.932406,40.49988698333333
2025-04-14,2025-04-14 11:07:52.439803,2025-04-14 11:40:26.902954,2025-04-14 12:08:58.247970,32.57438585
2025-04-14,2025-04-14 11:09:41.997634,2025-04-14 12:03:51.932406,2025-04-14 12:32:15.328079,54.165579533333336
2025-04-14,2025-04-14 11:12:52.353842,2025-04-14 12:08:58.247970,2025-04-14 12:38:07.980364,56.098235466666665
2025-04-14,2025-04-14 13:10:00.960001,2025-04-14 13:10:00.960001,2025-04-14 13:34:19.979392,0.0
2025-04-14,2025-04-14 11:19:30.758690,2025-04-14 12:38:07.980364,2025-04-14 13:06:02.427966,78.62036123333334
2025-04-14,2025-04-14 13:11:15.478625,2025-04-14 13:11:15.478625,2025-04-14 13:39:43.650173,0.0
2025-04-14,2025-04-14 11:20:42.490747,2025-04-14 13:34:19.979392,2025-04-14 14:03:13.462495,133.62481075
2025-04-14,2025-04-14 11:25:46.893954,2025-04-14 13:39:43.650173,2025-04-14 14:07:55.051472,133.94593698333333
2025-04-14,2025-04-14 11:27:29.387007,2025-04-14 14:03:13.462495,2025-04-14 14:29:25.802820,155.73459146666667
2025-04-14,2025-04-14 11:30:17.673274,2025-04-14 14:07:55.051472,2025-04-14 14:38:02.925237,157.62296996666666
2025-04-14,2025-04-14 11:35:41.645303,2025-04-14 14:29:25.802820,2025-04-14 14:57:09.617595,173.73595861666666
2025-04-14,2025-04-14 11:53:07.376094,2025-04-14 14:38:02.925237,2025-04-14 15:03:44.041531,164.92581905
2025-04-14,2025-04-14 15:04:28.666518,2025-04-14 15:04:28.666518,2025-04-14 15:31:35.419465,0.0
2025-04-14,2025-04-14 13:18:26.106794,2025-04-14 15:03:44.041531,2025-04-14 15:29:09.502121,105.29891228333332
2025-04-14,2025-04-14 13:28:37.958322,2025-04-14 15:31:35.419465,2025-04-14 15:59:19.813773,122.95768571666667
2025-04-14,2025-04-14 13:31:58.455163,2025-04-14 15:29:09.502121,2025-04-14 15:57:28.207938,117.18411596666667
2025-04-14,2025-04-14 16:03:01.335159,2025-04-14 16:03:01.335159,2025-04-14 16:29:14.488934,0.0
2025-04-14,2025-04-14 13:40:55.225920,2025-04-14 16:29:14.488934,2025-04-14 16:58:22.215185,168.32105023333332
2025-04-14,2025-04-14 13:43:28.938358,2025-04-14 15:57:28.207938,2025-04-14 16:25:02.397963,133.98782633333335
2025-04-14,2025-04-14 16:34:47.292576,2025-04-14 16:34:47.292576,2025-04-14 17:03:28.876351,0.0
2025-04-14,2025-04-14 13:43:45.165522,2025-04-14 16:58:22.215185,2025-04-14 17:27:53.153233,194.61749438333334
2025-04-14,2025-04-14 13:46:56.912229,2025-04-14 17:03:28.876351,2025-04-14 17:32:00.575015,196.53273536666666
2025-04-14,2025-04-14 13:47:46.231217,2025-04-14 17:27:53.153233,2025-04-14 17:54:27.984450,220.11536693333335
2025-04-14,2025-04-14 13:57:34.332688,2025-04-14 17:32:00.575015,2025-04-14 18:01:07.273796,214.43737211666667
2025-04-14,2025-04-14 14:15:58.709814,2025-04-14 17:54:27.984450,2025-04-14 18:20:33.322232,218.4879106
2025-04-14,2025-04-14 15:22:17.856252,2025-04-14 18:01:07.273796,2025-04-14 18:29:08.643526,158.82362573333333
2025-04-15,2025-04-15 09:00:51.123819,2025-04-15 09:00:51.123819,2025-04-15 09:31:33.837224,0.0
2025-04-15,2025-04-15 09:09:03.385677,2025-04-15 09:09:03.385677,2025-04-15 09:36:10.833763,0.0
2025-04-15,2025-04-15 09:18:42.457985,2025-04-15 09:31:33.837224,2025-04-15 09:57:25.010885,12.856320649999999
2025-04-15,2025-04-15 09:40:53.682273,2025-04-15 09:40:53.682273,2025-04-15 10:10:46.249422,0.0
2025-04-15,2025-04-15 10:51:57.359913,2025-04-15 10:51:57.359913,2025-04-15 11:20:32.718208,0.0
2025-04-15,2025-04-15 11:05:49.064743,2025-04-15 11:05:49.064743,2025-04-15 11:35:04.072006,0.0
2025-04-15,2025-04-15 11:09:04.816784,2025-04-15 11:20:32.718208,2025-04-15 11:51:39.221204,11.465023733333334
2025-04-15,2025-04-15 11:12:55.720187,2025-04-15 11:35:04.072006,2025-04-15 12:01:29.807609,22.13919698333333
2025-04-15,2025-04-15 11:17:53.631336,2025-04-15 11:51:39.221204,2025-04-15 12:20:08.335974,33.759831133333336
2025-04-15,2025-04-15 11:19:31.215718,2025-04-15 12:20:08.335974,2025-04-15 12:49:27.775152,60.618670933333334
2025-04-15,2025-04-15 11:33:06.465727,2025-04-15 12:01:29.807609,2025-04-15 12:30:22.812311,28.389031366666664
2025-04-15,2025-04-15 13:06:00.263168,2025-04-15 13:06:00.263168,2025-04-15 13:32:43.647374,0.0
2025-04-15,2025-04-15 11:45:15.658251,2025-04-15 12:30:22.812311,2025-04-15 12:56:56.258557,45.11923433333333
2025-04-15,2025-04-15 13:17:50.510010,2025-04-15 13:17:50.510010,2025-04-15 13:47:24.459022,0.0
2025-04-15,2025-04-15 11:55:16.070319,2025-04-15 13:32:43.647374,2025-04-15 14:03:27.171555,97.45961758333333
2025-04-15,2025-04-15 13:23:07.013546,2025-04-15 13:47:24.459022,2025-04-15 14:14:00.518236,24.290757933333335
2025-04-15,2025-04-15 13:31:28.402578,2025-04-15 14:03:27.171555,2025-04-15 14:32:08.252444,31.979482949999998
2025-04-15,2025-04-15 13:32:59.799511,2025-04-15 14:14:00.518236,2025-04-15 14:41:02.238011,41.011978750000004
2025-04-15,2025-04-15 15:04:51.093891,2025-04-15 15:04:51.093891,2025-04-15 15:33:13.187542,0.0
2025-04-15,2025-04-15 13:40:05.116197,2025-04-15 14:41:02.238011,2025-04-15 15:05:26.752248,60.95203023333333
2025-04-15,2025-04-15 15:10:22.078069,2025-04-15 15:10:22.078069,2025-04-15 15:40:18.227680,0.0
2025-04-15,2025-04-15 13:43:49.475837,2025-04-15 15:33:13.187542,2025-04-15 16:02:45.554604,109.39519508333333
2025-04-15,2025-04-15 13:50:51.052774,2025-04-15 15:40:18.227680,2025-04-15 16:05:40.948546,109.4529151
2025-04-15,2025-04-15 13:58:47.571671,2025-04-15 16:02:45.554604,2025-04-15 16:34:18.808017,123.96638221666667
2025-04-15,2025-04-15 15:59:03.509064,2025-04-15 16:05:40.948546,2025-04-15 16:34:07.267935,6.623991366666667
2025-04-16,2025-04-16 09:24:05.347729,2025-04-16 09:24:05.347729,2025-04-16 09:52:58.272646,0.0
2025-04-16,2025-04-16 10:11:00.766202,2025-04-16 10:11:00.766202,2025-04-16 10:37:47.779335,0.0
2025-04-16,2025-04-16 11:04:03.027943,2025-04-16 11:04:03.027943,2025-04-16 11:33:45.090189,0.0
2025-04-16,2025-04-16 11:09:27.602614,2025-04-16 11:09:27.602614,2025-04-16 11:34:59.294340,0.0
2025-04-16,2025-04-16 11:12:06.740168,2025-04-16 11:33:45.090189,2025-04-16 12:02:51.730032,21.639167016666665
2025-04-16,2025-04-16 11:15:34.931708,2025-04-16 11:34:59.294340,2025-04-16 12:01:32.120900,19.406043866666668
2025-04-16,2025-04-16 11:18:00.647141,2025-04-16 12:02:51.730032,2025-04-16 12:30:24.198203,44.85138151666667
2025-04-16,2025-04-16 11:26:54.193627,2025-04-16 12:01:32.120900,2025-04-16 12:29:26.082199,34.63212121666666
2025-04-16,2025-04-16 13:02:39.930153,2025-04-16 13:02:39.930153,2025-04-16 13:29:41.818976,0.0
2025-04-16,2025-04-16 11:29:52.337486,2025-04-16 12:29:26.082199,2025-04-16 12:57:49.981746,59.56241188333333
2025-04-16,2025-04-16 13:05:08.739627,2025-04-16 13:05:08.739627,2025-04-16 13:31:31.003123,0.0
2025-04-16,2025-04-16 11:39:04.127904,2025-04-16 13:29:41.818976,2025-04-16 13:55:57.249478,110.62818453333333
2025-04-16,2025-04-16 11:49:52.137743,2025-04-16 13:31:31.003123,2025-04-16 13:59:39.037570,101.64775633333333
2025-04-16,2025-04-16 11:53:17.435527,2025-04-16 13:55:57.249478,2025-04-16 14:26:04.794980,122.66356585
2025-04-16,2025-04-16 11:54:14.199180,2025-04-16 13:59:39.037570,2025-04-16 14:24:18.531250,125.41397316666666
2025-04-16,2025-04-16 14:30:10.188968,2025-04-16 14:30:10.188968,2025-04-16 14:56:13.129541,0.0
2025-04-16,2025-04-16 13:09:02.100275,2025-04-16 14:24:18.531250,2025-04-16 14:51:33.074403,75.27384958333333
2025-04-16,2025-04-16 13:10:43.979806,2025-04-16 14:56:13.129541,2025-04-16 15:26:36.720849,105.48582891666666
2025-04-16,2025-04-16 13:11:10.313758,2025-04-16 14:51:33.074403,2025-04-16 15:15:34.761892,100.37934408333334
2025-04-16,2025-04-16 15:44:43.611274,2025-04-16 15:44:43.611274,2025-04-16 16:13:27.992922,0.0
2025-04-16,2025-04-16 13:24:10.844612,2025-04-16 15:15:34.761892,2025-04-16 15:43:02.831250,111.39862133333332
2025-04-16,2025-04-16 15:45:58.387806,2025-04-16 15:45:58.387806,2025-04-16 16:16:12.862173,0.0
2025-04-16,2025-04-16 13:47:13.001974,2025-04-16 16:13:27.992922,2025-04-16 16:38:47.601227,146.24984913333336
2025-04-16,2025-04-16 13:50:15.206876,2025-04-16 16:16:12.862173,2025-04-16 16:41:51.291803,145.96092161666667
2025-04-16,2025-04-16 14:33:43.740576,2025-04-16 16:38:47.601227,2025-04-16 17:05:26.334739,125.06434418333333
2025-04-16,2025-04-16 16:14:51.685102,2025-04-16 16:41:51.291803,2025-04-16 17:07:39.943489,26.993445016666666
2025-04-16,2025-04-16 16:16:54.730357,2025-04-16 17:05:26.334739,2025-04-16 17:30:51.330395,48.5267397
2025-04-16,2025-04-16 16:21:06.083800,2025-04-16 17:07:39.943489,2025-04-16 17:37:05.082275,46.56432815
2025-04-16,2025-04-16 16:45:16.477466,2025-04-16 17:30:51.330395,2025-04-16 17:59:03.743755,45.58088215
2025-04-17,2025-04-17 10:14:27.131643,2025-04-17 10:14:27.131643,2025-04-17 10:44:07.002340,0.0
2025-04-17,2025-04-17 10:30:20.274795,2025-04-17 10:30:20.274795,2025-04-17 11:00:09.913010,0.0
2025-04-17,2025-04-17 10:41:11.058656,2025-04-17 10:44:07.002340,2025-04-17 11:13:47.945534,2.932394733333333
2025-04-17,2025-04-17 10:57:05.286148,2025-04-17 11:00:09.913010,2025-04-17 11:25:42.108256,3.0771143666666663
2025-04-17,2025-04-17 11:11:54.353150,2025-04-17 11:13:47.945534,2025-04-17 11:40:19.613740,1.8932064
2025-04-17,2025-04-17 11:19:07.269056,2025-04-17 11:25:42.108256,2025-04-17 11:54:16.804955,6.580653333333333
2025-04-17,2025-04-17 11:19:19.278286,2025-04-17 11:40:19.613740,2025-04-17 12:07:12.546462,21.0055909
2025-04-17,2025-04-17 11:22:33.327949,2025-04-17 11:54:16.804955,2025-04-17 12:23:13.924238,31.724616766666667
2025-04-17,2025-04-17 11:25:41.281853,2025-04-17 12:07:12.546462,2025-04-17 12:37:08.228795,41.521076816666664
2025-04-17,2025-04-17 11:25:50.964302,2025-04-17 12:23:13.924238,2025-04-17 12:50:23.978020,57.3826656
2025-04-17,2025-04-17 13:08:59.443983,2025-04-17 13:08:59.443983,2025-04-17 13:36:34.928854,0.0
2025-04-17,2025-04-17 11:28:38.456285,2025-04-17 12:50:23.978020,2025-04-17 13:18:37.194768,81.75869558333333
2025-04-17,2025-04-17 11:36:36.246022,2025-04-17 13:18:37.194768,2025-04-17 13:45:40.416544,102.01581243333334
2025-04-17,2025-04-17 11:48:51.201273,2025-04-17 13:36:34.928854,2025-04-17 14:04:20.978868,107.72879301666667
2025-04-17,2025-04-17 11:50:39.233195,2025-04-17 13:45:40.416544,2025-04-17 14:12:39.919351,115.01972248333333
2025-04-17,2025-04-17 11:56:52.241198,2025-04-17 14:04:20.978868,2025-04-17 14:32:42.831891,127.47896116666668
2025-04-17,2025-04-17 13:13:09.832292,2025-04-17 14:12:39.919351,2025-04-17 14:42:52.703958,59.501450983333335
2025-04-17,2025-04-17 15:07:30.779625,2025-04-17 15:07:30.779625,2025-04-17 15:34:31.505513,0.0
2025-04-17,2025-04-17 13:26:30.922679,2025-04-17 14:42:52.703958,2025-04-17 15:09:42.615087,76.36302131666666
2025-04-17,2025-04-17 15:11:45.835100,2025-04-17 15:11:45.835100,2025-04-17 15:42:13.065406,0.0
2025-04-17,2025-04-17 13:28:11.595511,2025-04-17 15:34:31.505513,2025-04-17 16:02:09.232895,126.33183336666666
2025-04-17,2025-04-17 13:33:59.016351,2025-04-17 15:42:13.065406,2025-04-17 16:10:08.053982,128.23415091666666
2025-04-17,2025-04-17 13:39:25.017848,2025-04-17 16:02:09.232895,2025-04-17 16:30:05.639221,142.73691745
2025-04-17,2025-04-17 13:42:36.691089,2025-04-17 16:10:08.053982,2025-04-17 16:37:10.240120,147.52271488333332
2025-04-17,2025-04-17 13:43:39.851222,2025-04-17 16:30:05.639221,2025-04-17 17:01:04.389209,166.42979998333334
2025-04-17,2025-04-17 13:45:07.016306,2025-04-17 16:37:10.240120,2025-04-17 17:07:10.268240,172.05373023333334
2025-04-17,2025-04-17 13:46:49.774089,2025-04-17 17:01:04.389209,2025-04-17 17:27:28.964723,194.24358533333333
2025-04-17,2025-04-17 13:58:04.407761,2025-04-17 17:07:10.268240,2025-04-17 17:35:35.156604,189.09767465000002
2025-04-17,2025-04-17 15:56:26.016314,2025-04-17 17:27:28.964723,2025-04-17 17:55:33.218662,91.04914015
2025-04-18,2025-04-18 09:21:01.559654,2025-04-18 09:21:01.559654,2025-04-18 09:49:13.190814,0.0
2025-04-18,2025-04-18 10:01:32.773942,2025-04-18 10:01:32.773942,2025-04-18 10:29:12.658039,0.0
2025-04-18,2025-04-18 10:25:37.440950,2025-04-18 10:25:37.440950,2025-04-18 10:52:13.117928,0.0
2025-04-18,2025-04-18 10:43:15.119173,2025-04-18 10:43:15.119173,2025-04-18 11:09:09.536200,0.0
2025-04-18,2025-04-18 10:52:56.943619,2025-04-18 10:52:56.943619,2025-04-18 11:22:56.860535,0.0
2025-04-18,2025-04-18 11:00:09.350809,2025-04-18 11:09:09.536200,2025-04-18 11:35:55.826589,9.00308985
2025-04-18,2025-04-18 11:03:54.107500,2025-04-18 11:22:56.860535,2025-04-18 11:47:53.410998,19.045883916666664
2025-04-18,2025-04-18 11:10:12.841975,2025-04-18 11:35:55.826589,2025-04-18 12:02:21.498744,25.71641023333333
2025-04-18,2025-04-18 11:10:13.132451,2025-04-18 11:47:53.410998,2025-04-18 12:12:24.619806,37.67130911666666
2025-04-18,2025-04-18 11:27:19.749647,2025-04-18 12:02:21.498744,2025-04-18 12:31:57.307094,35.02915161666667
2025-04-18,2025-04-18 11:31:54.335693,2025-04-18 12:12:24.619806,2025-04-18 12:38:11.918724,40.50473521666667
2025-04-18,2025-04-18 13:03:40.450441,2025-04-18 13:03:40.450441,2025-04-18 13:34:22.099690,0.0
2025-04-18,2025-04-18 11:37:19.438215,2025-04-18 12:38:11.918724,2025-04-18 13:06:16.568894,60.87467515
2025-04-18,2025-04-18 11:40:13.253509,2025-04-18 13:06:16.568894,2025-04-18 13:34:49.718654,86.05525641666667
2025-04-18,2025-04-18 11:55:24.009792,2025-04-18 13:34:22.099690,2025-04-18 13:59:34.893893,98.96816496666666
2025-04-18,2025-04-18 11:57:08.734412,2025-04-18 13:34:49.718654,2025-04-18 14:02:17.780920,97.6830707
2025-04-18,2025-04-18 13:05:30.475686,2025-04-18 13:59:34.893893,2025-04-18 14:25:50.458513,54.073636783333335
2025-04-18,2025-04-18 13:09:04.692796,2025-04-18 14:25:50.458513,2025-04-18 14:52:14.321931,76.76276195
2025-04-18,2025-04-18 13:09:55.683611,2025-04-18 14:02:17.780920,2025-04-18 14:33:53.870156,52.36828848333334
2025-04-18,2025-04-18 13:18:14.091171,2025-04-18 14:52:14.321931,2025-04-18 15:20:18.824129,94.00384600000001
2025-04-18,2025-04-18 13:33:19.964494,2025-04-18 14:33:53.870156,2025-04-18 15:02:30.199506,60.56509436666667
2025-04-18,2025-04-18 15:46:35.969230,2025-04-18 15:46:35.969230,2025-04-18 16:14:58.075518,0.0
2025-04-18,2025-04-18 13:39:09.799085,2025-04-18 15:02:30.199506,2025-04-18 15:29:29.269622,83.34000701666668
2025-04-18,2025-04-18 16:05:40.039891,2025-04-18 16:05:40.039891,2025-04-18 16:31:31.208397,0.0
2025-04-18,2025-04-18 13:39:17.749801,2025-04-18 16:14:58.075518,2025-04-18 16:42:44.998586,155.67209528333333
2025-04-18,2025-04-18 13:50:17.967457,2025-04-18 16:31:31.208397,2025-04-18 16:57:43.868794,161.22068233333331
2025-04-18,2025-04-18 13:55:10.859030,2025-04-18 16:42:44.998586,2025-04-18 17:12:38.946475,167.5689926
2025-04-18,2025-04-18 13:59:41.782039,2025-04-18 16:57:43.868794,2025-04-18 17:25:53.916866,178.03477925
2025-04-18,2025-04-18 14:26:09.627119,2025-04-18 17:12:38.946475,2025-04-18 17:38:12.871782,166.48865593333332
2025-04-19,2025-04-19 10:05:06.700849,2025-04-19 10:05:06.700849,2025-04-19 10:33:42.555358,0.0
2025-04-19,2025-04-19 11:05:56.094806,2025-04-19 11:05:56.094806,2025-04-19 11:33:23.982334,0.0
2025-04-19,2025-04-19 11:14:21.197852,2025-04-19 11:14:21.197852,2025-04-19 11:43:49.314744,0.0
2025-04-19,2025-04-19 11:19:40.982481,2025-04-19 11:33:23.982334,2025-04-19 11:57:13.398190,13.716664216666667
2025-04-19,2025-04-19 11:29:12.428086,2025-04-19 11:43:49.314744,2025-04-19 12:10:23.177893,14.614777633333334
2025-04-19,2025-04-19 11:29:21.154769,2025-04-19 11:57:13.398190,2025-04-19 12:22:12.226597,27.87072368333333
2025-04-19,2025-04-19 11:39:33.661054,2025-04-19 12:22:12.226597,2025-04-19 12:50:12.881838,42.64275905
2025-04-19,2025-04-19 11:39:38.421550,2025-04-19 12:10:23.177893,2025-04-19 12:37:12.436769,30.74593905
2025-04-19,2025-04-19 13:14:41.997733,2025-04-19 13:14:41.997733,2025-04-19 13:41:41.880475,0.0
2025-04-19,2025-04-19 11:40:08.455429,2025-04-19 12:37:12.436769,2025-04-19 13:05:28.044195,57.06635566666667
2025-04-19,2025-04-19 13:22:28.399395,2025-04-19 13:22:28.399395,2025-04-19 13:50:47.411882,0.0
2025-04-19,2025-04-19 11:43:03.831291,2025-04-19 13:41:41.880475,2025-04-19 14:06:51.034597,118.63415306666667
2025-04-19,2025-04-19 11:44:41.982089,2025-04-19 14:06:51.034597,2025-04-19 14:34:42.437607,142.15087513333336
2025-04-19,2025-04-19 11:59:00.991044,2025-04-19 13:50:47.411882,2025-04-19 14:19:03.011562,111.77368063333333
2025-04-19,2025-04-19 14:23:08.247324,2025-04-19 14:23:08.247324,2025-04-19 14:47:46.208783,0.0
2025-04-19,2025-04-19 11:59:43.757054,2025-04-19 14:34:42.437607,2025-04-19 15:01:36.230911,154.97800921666666
2025-04-19,2025-04-19 13:29:32.250227,2025-04-19 15:01:36.230911,2025-04-19 15:25:06.433619,92.06634473333334
2025-04-19,2025-04-19 13:34:36.536367,2025-04-19 14:47:46.208783,2025-04-19 15:17:07.685677,73.16120693333333
2025-04-19,2025-04-19 15:31:06.703837,2025-04-19 15:31:06.703837,2025-04-19 15:56:46.273767,0.0
2025-04-19,2025-04-19 13:48:00.726566,2025-04-19 15:56:46.273767,2025-04-19 16:22:10.191951,128.75912001666669
2025-04-19,2025-04-19 13:49:25.863763,2025-04-19 15:17:07.685677,2025-04-19 15:43:37.329091,87.6970319
2025-04-19,2025-04-19 16:01:56.310556,2025-04-19 16:01:56.310556,2025-04-19 16:29:23.077203,0.0
2025-04-19,2025-04-19 14:40:01.309543,2025-04-19 16:22:10.191951,2025-04-19 16:48:14.579952,102.14804013333334
2025-04-19,2025-04-19 16:13:41.949840,2025-04-19 16:29:23.077203,2025-04-19 16:59:40.497010,15.685456049999999
2025-04-19,2025-04-19 16:48:21.609386,2025-04-19 16:48:21.609386,2025-04-19 17:14:04.041276,0.0
2025-04-19,2025-04-19 16:48:45.645199,2025-04-19 16:59:40.497010,2025-04-19 17:27:58.297069,10.91419685
2025-04-21,2025-04-21 09:06:02.239618,2025-04-21 09:06:02.239618,2025-04-21 09:33:28.482436,0.0
2025-04-21,2025-04-21 09:06:48.417084,2025-04-21 09:06:48.417084,2025-04-21 09:34:59.945371,0.0
2025-04-21,2025-04-21 09:12:57.492938,2025-04-21 09:33:28.482436,2025-04-21 10:00:55.492531,20.51649163333333
2025-04-21,2025-04-21 09:49:16.607430,2025-04-21 09:49:16.607430,2025-04-21 10:17:11.968009,0.0
2025-04-21,2025-04-21 10:04:44.047311,2025-04-21 10:04:44.047311,2025-04-21 10:32:16.449583,0.0
2025-04-21,2025-04-21 11:01:31.266845,2025-04-21 11:01:31.266845,2025-04-21 11:29:05.394579,0.0
2025-04-21,2025-04-21 11:24:39.791896,2025-04-21 11:24:39.791896,2025-04-21 11:50:16.827320,0.0
2025-04-21,2025-04-21 11:49:19.942100,2025-04-21 11:49:19.942100,2025-04-21 12:16:39.959227,0.0
2025-04-21,2025-04-21 11:50:33.986482,2025-04-21 11:50:33.986482,2025-04-21 12:15:05.290011,0.0
2025-04-21,2025-04-21 11:50:38.407037,2025-04-21 12:16:39.959227,2025-04-21 12:46:22.082341,26.025869833333335
2025-04-21,2025-04-21 13:12:26.619566,2025-04-21 13:12:26.619566,2025-04-21 13:40:09.340731,0.0
2025-04-21,2025-04-21 13:27:24.014908,2025-04-21 13:27:24.014908,2025-04-21 13:56:05.220328,0.0
2025-04-21,2025-04-21 13:33:19.636916,2025-04-21 13:40:09.340731,2025-04-21 14:08:02.938008,6.828396916666667
2025-04-21,2025-04-21 13:41:55.217576,2025-04-21 13:56:05.220328,2025-04-21 14:25:52.802295,14.166712533333333
2025-04-21,2025-04-21 13:59:58.420062,2025-04-21 14:08:02.938008,2025-04-21 14:35:37.359034,8.0752991
2025-04-21,2025-04-21 14:05:41.302821,2025-04-21 14:25:52.802295,2025-04-21 14:54:05.640962,20.1916579
2025-04-21,2025-04-21 15:06:14.788637,2025-04-21 15:06:14.788637,2025-04-21 15:30:28.162139,0.0
2025-04-21,2025-04-21 15:09:36.933913,2025-04-21 15:09:36.933913,2025-04-21 15:36:05.006162,0.0
2025-04-21,2025-04-21 15:38:22.820416,2025-04-21 15:38:22.820416,2025-04-21 16:08:55.026471,0.0
2025-04-21,2025-04-21 16:05:48.030811,2025-04-21 16:05:48.030811,2025-04-21 16:31:42.131710,0.0
2025-04-21,2025-04-21 16:34:46.238448,2025-04-21 16:34:46.238448,2025-04-21 17:01:00.338205,0.0
2025-04-21,2025-04-21 16:36:41.804814,2025-04-21 16:36:41.804814,2025-04-21 17:06:06.430101,0.0
2025-04-21,2025-04-21 16:54:08.270330,2025-04-21 17:01:00.338205,2025-04-21 17:29:01.047520,6.8677979166666665
2025-04-22,2025-04-22 09:08:57.243517,2025-04-22 09:08:57.243517,2025-04-22 09:33:34.732662,0.0
2025-04-22,2025-04-22 10:11:23.369036,2025-04-22 10:11:23.369036,2025-04-22 10:37:41.744647,0.0
2025-04-22,2025-04-22 10:14:28.407548,2025-04-22 10:14:28.407548,2025-04-22 10:42:49.261111,0.0
2025-04-22,2025-04-22 11:00:40.424050,2025-04-22 11:00:40.424050,2025-04-22 11:28:50.384004,0.0
2025-04-22,2025-04-22 11:02:07.538618,2025-04-22 11:02:07.538618,2025-04-22 11:28:50.011771,0.0
2025-04-22,2025-04-22 11:03:56.676330,2025-04-22 11:28:50.384004,2025-04-22 11:54:01.458447,24.8951279
2025-04-22,2025-04-22 11:25:14.531802,2025-04-22 11:28:50.011771,2025-04-22 11:57:48.429247,3.5913328166666667
2025-04-22,2025-04-22 11:25:59.348472,2025-04-22 11:54:01.458447,2025-04-22 12:22:50.305259,28.03516625
2025-04-22,2025-04-22 11:30:34.664468,2025-04-22 12:22:50.305259,2025-04-22 12:50:22.096808,52.260679849999995
2025-04-22,2025-04-22 11:30:41.026096,2025-04-22 11:57:48.429247,2025-04-22 12:28:00.305384,27.12338585
2025-04-22,2025-04-22 13:09:30.502647,2025-04-22 13:09:30.502647,2025-04-22 13:36:48.014079,0.0
2025-04-22,2025-04-22 11:34:23.801196,2025-04-22 12:28:00.305384,2025-04-22 12:57:59.685252,53.60840313333333
2025-04-22,2025-04-22 13:24:15.265705,2025-04-22 13:24:15.265705,2025-04-22 13:51:29.700769,0.0
2025-04-22,2025-04-22 11:38:49.895145,2025-04-22 13:36:48.014079,2025-04-22 14:05:21.723339,117.9686489
2025-04-22,2025-04-22 11:42:58.893799,2025-04-22 13:51:29.700769,2025-04-22 14:19:05.140070,128.5134495
2025-04-22,2025-04-22 11:51:09.088519,2025-04-22 14:05:21.723339,2025-04-22 14:34:44.514504,134.21058033333333
2025-04-22,2025-04-22 11:55:39.823059,2025-04-22 14:19:05.140070,2025-04-22 14:46:38.565812,143.4219501833333
2025-04-22,2025-04-22 14:47:13.380473,2025-04-22 14:47:13.380473,2025-04-22 15:14:28.502121,0.0
2025-04-22,2025-04-22 11:56:08.529215,2025-04-22 14:46:38.565812,2025-04-22 15:10:44.844051,170.50060995
2025-04-22,2025-04-22 15:14:00.809231,2025-04-22 15:14:00.809231,2025-04-22 15:43:49.172870,0.0
2025-04-22,2025-04-22 13:33:25.087653,2025-04-22 15:14:28.502121,2025-04-22 15:43:48.294217,101.0569078
2025-04-22,2025-04-22 14:03:51.530963,2025-04-22 15:43:49.172870,2025-04-22 16:13:18.067776,99.96069845000001
2025-04-22,2025-04-22 16:33:40.696597,2025-04-22 16:33:40.696597,2025-04-22 17:03:19.711536,0.0
2025-04-22,2025-04-22 16:52:21.629743,2025-04-22 16:52:21.629743,2025-04-22 17:18:13.206689,0.0
2025-04-23,2025-04-23 09:43:12.287852,2025-04-23 09:43:12.287852,2025-04-23 10:12:42.524744,0.0
2025-04-23,2025-04-23 09:48:41.348264,2025-04-23 09:48:41.348264,2025-04-23 10:15:44.420338,0.0
2025-04-23,2025-04-23 10:03:10.704199,2025-04-23 10:12:42.524744,2025-04-23 10:40:44.024171,9.530342416666667
2025-04-23,2025-04-23 10:17:13.956579,2025-04-23 10:17:13.956579,2025-04-23 10:43:13.913654,0.0
2025-04-23,2025-04-23 10:48:51.951347,2025-04-23 10:48:51.951347,2025-04-23 11:14:14.302121,0.0
2025-04-23,2025-04-23 11:02:13.328572,2025-04-23 11:02:13.328572,2025-04-23 11:30:02.907950,0.0
2025-04-23,2025-04-23 11:20:18.522074,2025-04-23 11:20:18.522074,2025-04-23 11:46:07.251467,0.0
2025-04-23,2025-04-23 11:24:49.172405,2025-04-23 11:30:02.907950,2025-04-23 11:57:59.517013,5.22892575
2025-04-23,2025-04-23 11:28:36.578384,2025-04-23 11:46:07.251467,2025-04-23 12:14:31.425076,17.51121805
2025-04-23,2025-04-23 11:31:56.981788,2025-04-23 12:14:31.425076,2025-04-23 12:42:08.277408,42.5740548
2025-04-23,2025-04-23 11:47:45.234133,2025-04-23 11:57:59.517013,2025-04-23 12:24:35.983854,10.238048
2025-04-23,2025-04-23 13:21:09.424450,2025-04-23 13:21:09.424450,2025-04-23 13:50:20.369513,0.0
2025-04-23,2025-04-23 11:54:17.961573,2025-04-23 12:24:35.983854,2025-04-23 12:50:36.096636,30.30037135
2025-04-23,2025-04-23 13:23:33.608299,2025-04-23 13:23:33.608299,2025-04-23 13:48:14.202134,0.0
2025-04-23,2025-04-23 11:54:27.501398,2025-04-23 13:50:20.369513,2025-04-23 14:20:41.244800,115.88113525
2025-04-23,2025-04-23 11:54:38.362214,2025-04-23 13:48:14.202134,2025-04-23 14:13:17.847585,113.59733200000001
2025-04-23,2025-04-23 13:38:26.173878,2025-04-23 14:13:17.847585,2025-04-23 14:38:27.414030,34.86122845
2025-04-23,2025-04-23 13:51:33.570218,2025-04-23 14:20:41.244800,2025-04-23 14:47:00.254291,29.1279097
2025-04-23,2025-04-23 13:53:25.945004,2025-04-23 14:38:27.414030,2025-04-23 15:05:13.582127,45.02448376666667
2025-04-23,2025-04-23 15:42:58.305296,2025-04-23 15:42:58.305296,2025-04-23 16:11:34.773663,0.0
2025-04-23,2025-04-23 13:59:47.141740,2025-04-23 16:11:34.773663,2025-04-23 16:40:37.918406,131.79386538333333
2025-04-23,2025-04-23 14:16:00.229508,2025-04-23 15:05:13.582127,2025-04-23 15:33:30.066324,49.22254365
2025-04-23,2025-04-23 16:17:54.077340,2025-04-23 16:17:54.077340,2025-04-23 16:41:23.858988,0.0
2025-04-23,2025-04-23 16:18:57.763885,2025-04-23 16:40:37.918406,2025-04-23 17:08:48.339301,21.669242016666665
2025-04-23,2025-04-23 16:33:56.923102,2025-04-23 16:41:23.858988,2025-04-23 17:06:40.709000,7.448931433333333
2025-04-24,2025-04-24 09:07:08.656049,2025-04-24 09:07:08.656049,2025-04-24 09:33:29.159658,0.0
2025-04-24,2025-04-24 09:22:08.796039,2025-04-24 09:22:08.796039,2025-04-24 09:48:53.085574,0.0
2025-04-24,2025-04-24 09:26:15.424906,2025-04-24 09:33:29.159658,2025-04-24 10:02:37.599464,7.228912533333333
2025-04-24,2025-04-24 09:38:16.434845,2025-04-24 09:48:53.085574,2025-04-24 10:18:27.325360,10.610845483333332
2025-04-24,2025-04-24 09:50:26.413030,2025-04-24 10:02:37.599464,2025-04-24 10:28:08.897549,12.186440566666667
2025-04-24,2025-04-24 10:22:37.182563,2025-04-24 10:22:37.182563,2025-04-24 10:50:56.263995,0.0
2025-04-24,2025-04-24 11:07:19.291741,2025-04-24 11:07:19.291741,2025-04-24 11:37:38.223727,0.0
2025-04-24,2025-04-24 11:22:31.878999,2025-04-24 11:22:31.878999,2025-04-24 11:47:25.135003,0.0
2025-04-24,2025-04-24 11:36:52.216434,2025-04-24 11:37:38.223727,2025-04-24 12:07:43.657719,0.7667882166666666
2025-04-24,2025-04-24 11:39:00.057081,2025-04-24 12:07:43.657719,2025-04-24 12:35:08.012842,28.7266773
2025-04-24,2025-04-24 11:42:43.865543,2025-04-24 11:47:25.135003,2025-04-24 12:14:14.915276,4.687824333333333
2025-04-24,2025-04-24 13:08:24.667734,2025-04-24 13:08:24.667734,2025-04-24 13:36:32.365341,0.0
2025-04-24,2025-04-24 11:42:56.704223,2025-04-24 12:14:14.915276,2025-04-24 12:40:38.660251,31.30351755
2025-04-24,2025-04-24 13:10:39.470468,2025-04-24 13:10:39.470468,2025-04-24 13:37:15.516577,0.0
2025-04-24,2025-04-24 13:11:52.265000,2025-04-24 13:36:32.365341,2025-04-24 14:04:49.702459,24.668339016666668
2025-04-24,2025-04-24 13:28:22.676210,2025-04-24 13:37:15.516577,2025-04-24 14:02:27.806098,8.880672783333333
2025-04-24,2025-04-24 13:35:28.626776,2025-04-24 14:04:49.702459,2025-04-24 14:34:00.859003,29.351261383333334
2025-04-24,2025-04-24 13:35:49.139239,2025-04-24 14:02:27.806098,2025-04-24 14:26:31.675457,26.64444765
2025-04-24,2025-04-24 14:42:21.604313,2025-04-24 14:42:21.604313,2025-04-24 15:07:47.159754,0.0
2025-04-24,2025-04-24 13:47:30.083567,2025-04-24 15:07:47.159754,2025-04-24 15:35:48.460185,80.28460311666666
2025-04-24,2025-04-24 13:52:12.462594,2025-04-24 14:26:31.675457,2025-04-24 14:51:41.420484,34.32021438333334
2025-04-24,2025-04-24 15:14:51.630706,2025-04-24 15:14:51.630706,2025-04-24 15:44:52.481873,0.0
2025-04-24,2025-04-24 13:56:05.841631,2025-04-24 15:35:48.460185,2025-04-24 16:05:06.075475,99.71030923333333
2025-04-24,2025-04-24 15:44:52.844250,2025-04-24 15:44:52.844250,2025-04-24 16:15:30.536863,0.0
2025-04-25,2025-04-25 10:16:21.802458,2025-04-25 10:16:21.802458,2025-04-25 10:46:19.560781,0.0
2025-04-25,2025-04-25 10:24:04.756639,2025-04-25 10:24:04.756639,2025-04-25 10:51:31.366987,0.0
2025-04-25,2025-04-25 10:42:17.069509,2025-04-25 10:46:19.560781,2025-04-25 11:14:33.216198,4.0415212
2025-04-25,2025-04-25 10:43:35.847872,2025-04-25 10:51:31.366987,2025-04-25 11:20:14.231345,7.9253185833333335
2025-04-25,2025-04-25 11:02:43.682906,2025-04-25 11:14:33.216198,2025-04-25 11:41:15.305227,11.825554866666666
2025-04-25,2025-04-25 11:05:52.213267,2025-04-25 11:20:14.231345,2025-04-25 11:47:25.197331,14.366967966666666
2025-04-25,2025-04-25 11:09:26.080081,2025-04-25 11:41:15.305227,2025-04-25 12:07:45.924795,31.8204191
2025-04-25,2025-04-25 11:12:32.216162,2025-04-25 11:47:25.197331,2025-04-25 12:13:08.698815,34.883019483333335
2025-04-25,2025-04-25 11:29:25.448883,2025-04-25 12:07:45.924795,2025-04-25 12:37:03.062138,38.341265199999995
2025-04-25,2025-04-25 11:54:40.899308,2025-04-25 12:13:08.698815,2025-04-25 12:41:49.172228,18.463325116666667
2025-04-25,2025-04-25 13:13:41.716057,2025-04-25 13:13:41.716057,2025-04-25 13:44:02.578581,0.0
2025-04-25,2025-04-25 13:15:42.673724,2025-04-25 13:15:42.673724,2025-04-25 13:40:48.961922,0.0
2025-04-25,2025-04-25 13:31:09.970082,2025-04-25 13:44:02.578581,2025-04-25 14:11:05.496915,12.876808316666667
2025-04-25,2025-04-25 13:53:16.968494,2025-04-25 13:53:16.968494,2025-04-25 14:19:48.824379,0.0
2025-04-25,2025-04-25 14:53:59.633055,2025-04-25 14:53:59.633055,2025-04-25 15:18:22.970765,0.0
2025-04-25,2025-04-25 15:31:45.664012,2025-04-25 15:31:45.664012,2025-04-25 15:59:36.958619,0.0
2025-04-25,2025-04-25 15:42:09.206989,2025-04-25 15:42:09.206989,2025-04-25 16:08:52.862377,0.0
2025-04-25,2025-04-25 15:54:41.297931,2025-04-25 15:59:36.958619,2025-04-25 16:26:40.976298,4.927678133333333
2025-04-25,2025-04-25 16:06:32.223426,2025-04-25 16:08:52.862377,2025-04-25 16:38:29.250353,2.3439825166666663
2025-04-26,2025-04-26 09:26:22.031906,2025-04-26 09:26:22.031906,2025-04-26 09:52:28.338865,0.0
2025-04-26,2025-04-26 09:39:43.256350,2025-04-26 09:39:43.256350,2025-04-26 10:07:41.306165,0.0
2025-04-26,2025-04-26 10:02:41.044221,2025-04-26 10:02:41.044221,2025-04-26 10:31:56.230157,0.0
2025-04-26,2025-04-26 10:08:58.348349,2025-04-26 10:08:58.348349,2025-04-26 10:34:56.034256,0.0
2025-04-26,2025-04-26 10:36:12.631167,2025-04-26 10:36:12.631167,2025-04-26 11:04:19.896957,0.0
2025-04-26,2025-04-26 10:56:49.189312,2025-04-26 10:56:49.189312,2025-04-26 11:25:20.930634,0.0
2025-04-26,2025-04-26 11:08:14.716996,2025-04-26 11:08:14.716996,2025-04-26 11:33:47.089111,0.0
2025-04-26,2025-04-26 11:10:23.487116,2025-04-26 11:33:47.089111,2025-04-26 11:58:22.550648,23.393366583333332
2025-04-26,2025-04-26 11:21:32.891919,2025-04-26 11:25:20.930634,2025-04-26 11:51:40.971808,3.80064525
2025-04-26,2025-04-26 11:36:03.682947,2025-04-26 11:51:40.971808,2025-04-26 12:17:46.289470,15.621481016666667
2025-04-26,2025-04-26 11:40:38.944873,2025-04-26 11:58:22.550648,2025-04-26 12:25:36.990836,17.726762916666665
2025-04-26,2025-04-26 11:47:34.457010,2025-04-26 12:17:46.289470,2025-04-26 12:46:46.862205,30.197207666666667
2025-04-26,2025-04-26 13:02:51.945498,2025-04-26 13:02:51.945498,2025-04-26 13:28:42.246694,0.0
2025-04-26,2025-04-26 11:55:35.824945,2025-04-26 12:46:46.862205,2025-04-26 13:18:23.202888,51.18395433333333
2025-04-26,2025-04-26 13:06:54.254869,2025-04-26 13:18:23.202888,2025-04-26 13:46:13.571716,11.482466983333333
2025-04-26,2025-04-26 13:22:05.864219,2025-04-26 13:28:42.246694,2025-04-26 13:54:55.944993,6.606374583333333
2025-04-26,2025-04-26 13:24:38.452750,2025-04-26 13:46:13.571716,2025-04-26 14:12:45.034995,21.5853161
2025-04-26,2025-04-26 13:28:07.623732,2025-04-26 13:54:55.944993,2025-04-26 14:22:52.974733,26.80535435
2025-04-26,2025-04-26 13:46:52.709272,2025-04-26 14:22:52.974733,2025-04-26 14:49:56.238888,36.00442435
2025-04-26,2025-04-26 13:55:03.248431,2025-04-26 14:12:45.034995,2025-04-26 14:40:02.320189,17.696442733333335
2025-04-26,2025-04-26 15:07:09.302955,2025-04-26 15:07:09.302955,2025-04-26 15:33:18.823078,0.0
2025-04-26,2025-04-26 15:42:02.883787,2025-04-26 15:42:02.883787,2025-04-26 16:10:36.153239,0.0
2025-04-26,2025-04-26 15:51:44.351088,2025-04-26 15:51:44.351088,2025-04-26 16:20:39.975470,0.0
2025-04-26,2025-04-26 16:23:38.661202,2025-04-26 16:23:38.661202,2025-04-26 16:49:43.902836,0.0
2025-04-26,2025-04-26 16:50:39.258177,2025-04-26 16:50:39.258177,2025-04-26 17:19:13.616900,0.0
2025-04-28,2025-04-28 09:45:33.543808,2025-04-28 09:45:33.543808,2025-04-28 10:14:41.080963,0.0
2025-04-28,2025-04-28 10:23:01.316961,2025-04-28 10:23:01.316961,2025-04-28 10:48:43.208776,0.0
2025-04-28,2025-04-28 10:32:31.925429,2025-04-28 10:32:31.925429,2025-04-28 11:03:39.093394,0.0
2025-04-28,2025-04-28 11:24:26.612199,2025-04-28 11:24:26.612199,2025-04-28 11:53:47.440065,0.0
2025-04-28,2025-04-28 11:35:48.652615,2025-04-28 11:35:48.652615,2025-04-28 12:01:36.090986,0.0
2025-04-28,2025-04-28 11:36:38.307338,2025-04-28 11:53:47.440065,2025-04-28 12:22:19.096208,17.152212116666664
2025-04-28,2025-04-28 11:38:54.092344,2025-04-28 12:01:36.090986,2025-04-28 12:26:08.928000,22.699977366666666
2025-04-28,2025-04-28 13:05:23.080556,2025-04-28 13:05:23.080556,2025-04-28 13:33:27.093834,0.0
2025-04-28,2025-04-28 11:39:37.411555,2025-04-28 12:26:08.928000,2025-04-28 12:56:19.622020,46.525274083333336
2025-04-28,2025-04-28 13:11:13.589745,2025-04-28 13:11:13.589745,2025-04-28 13:39:14.410493,0.0
2025-04-28,2025-04-28 11:49:10.846647,2025-04-28 13:33:27.093834,2025-04-28 14:00:41.599015,104.27078645
2025-04-28,2025-04-28 13:12:27.420697,2025-04-28 13:39:14.410493,2025-04-28 14:05:36.044729,26.78316326666667
2025-04-28,2025-04-28 13:13:53.297039,2025-04-28 14:00:41.599015,2025-04-28 14:25:27.136179,46.80503293333334
2025-04-28,2025-04-28 13:14:31.624312,2025-04-28 14:05:36.044729,2025-04-28 14:33:36.610325,51.07367361666666
2025-04-28,2025-04-28 13:36:00.925883,2025-04-28 14:25:27.136179,2025-04-28 14:53:06.843945,49.43683826666667
2025-04-28,2025-04-28 13:45:54.780444,2025-04-28 14:33:36.610325,2025-04-28 14:59:09.859305,47.697164683333334
2025-04-28,2025-04-28 13:49:11.674952,2025-04-28 14:53:06.843945,2025-04-28 15:23:06.255915,63.91948321666666
2025-04-28,2025-04-28 14:04:10.866528,2025-04-28 14:59:09.859305,2025-04-28 15:31:06.133611,54.98321295
2025-04-28,2025-04-28 15:47:12.038812,2025-04-28 15:47:12.038812,2025-04-28 16:17:00.208708,0.0
2025-04-28,2025-04-28 14:23:06.590117,2025-04-28 15:31:06.133611,2025-04-28 15:59:07.743690,67.99239156666667
2025-04-28,2025-04-28 16:16:21.553422,2025-04-28 16:16:21.553422,2025-04-28 16:43:04.666476,0.0
2025-04-28,2025-04-28 14:45:12.362128,2025-04-28 16:17:00.208708,2025-04-28 16:46:09.554185,91.797443
2025-04-28,2025-04-28 16:28:20.132950,2025-04-28 16:46:09.554185,2025-04-28 17:13:45.802925,17.82368725
2025-04-28,2025-04-28 16:58:19.470679,2025-04-28 16:58:19.470679,2025-04-28 17:29:47.720042,0.0
2025-04-29,2025-04-29 09:46:33.403543,2025-04-29 09:46:33.403543,2025-04-29 10:16:13.712558,0.0
2025-04-29,2025-04-29 10:20:17.205411,2025-04-29 10:20:17.205411,2025-04-29 10:48:29.539417,0.0
2025-04-29,2025-04-29 10:43:45.500079,2025-04-29 10:43:45.500079,2025-04-29 11:07:34.841261,0.0
2025-04-29,2025-04-29 11:04:54.825814,2025-04-29 11:04:54.825814,2025-04-29 11:35:20.280460,0.0
2025-04-29,2025-04-29 11:11:15.397738,2025-04-29 11:11:15.397738,2025-04-29 11:35:56.051292,0.0
2025-04-29,2025-04-29 11:13:18.919484,2025-04-29 11:35:20.280460,2025-04-29 12:04:59.526712,22.022682933333332
2025-04-29,2025-04-29 11:51:59.221153,2025-04-29 11:51:59.221153,2025-04-29 12:17:42.841542,0.0
2025-04-29,2025-04-29 11:54:09.535484,2025-04-29 12:04:59.526712,2025-04-29 12:32:41.989313,10.833187133333332
2025-04-29,2025-04-29 13:05:36.289674,2025-04-29 13:05:36.289674,2025-04-29 13:34:12.622553,0.0
2025-04-29,2025-04-29 13:08:48.395552,2025-04-29 13:08:48.395552,2025-04-29 13:36:35.058648,0.0
2025-04-29,2025-04-29 13:09:15.034462,2025-04-29 13:34:12.622553,2025-04-29 14:01:53.346796,24.95980151666667
2025-04-29,2025-04-29 13:22:24.753449,2025-04-29 13:36:35.058648,2025-04-29 14:05:13.908126,14.171753316666667
2025-04-29,2025-04-29 13:23:56.472039,2025-04-29 14:01:53.346796,2025-04-29 14:29:56.916900,37.94791261666667
2025-04-29,2025-04-29 13:28:33.828677,2025-04-29 14:05:13.908126,2025-04-29 14:31:37.064112,36.667990816666666
2025-04-29,2025-04-29 14:42:08.275574,2025-04-29 14:42:08.275574,2025-04-29 15:11:47.810536,0.0
2025-04-29,2025-04-29 13:31:33.277483,2025-04-29 14:31:37.064112,2025-04-29 14:58:13.322052,60.06311048333334
2025-04-29,2025-04-29 15:03:30.784280,2025-04-29 15:03:30.784280,2025-04-29 15:28:50.763221,0.0
2025-04-29,2025-04-29 13:32:37.901480,2025-04-29 15:11:47.810536,2025-04-29 15:37:22.120933,99.16515093333334
2025-04-29,2025-04-29 13:36:50.713633,2025-04-29 15:28:50.763221,2025-04-29 15:57:49.044702,112.00082646666667
2025-04-29,2025-04-29 16:31:40.930980,2025-04-29 16:31:40.930980,2025-04-29 16:59:40.424771,0.0
2025-04-29,2025-04-29 13:37:44.865859,2025-04-29 15:57:49.044702,2025-04-29 16:27:27.587973,140.06964738333332
2025-04-29,2025-04-29 16:56:00.243394,2025-04-29 16:56:00.243394,2025-04-29 17:26:52.225127,0.0
2025-04-29,2025-04-29 13:54:09.731699,2025-04-29 16:59:40.424771,2025-04-29 17:32:24.975784,185.5115512
2025-04-30,2025-04-30 09:13:21.352851,2025-04-30 09:13:21.352851,2025-04-30 09:41:29.734141,0.0
2025-04-30,2025-04-30 09:42:44.610665,2025-04-30 09:42:44.610665,2025-04-30 10:10:47.291516,0.0
2025-04-30,2025-04-30 10:36:09.687895,2025-04-30 10:36:09.687895,2025-04-30 11:02:42.625655,0.0
2025-04-30,2025-04-30 10:38:22.787370,2025-04-30 10:38:22.787370,2025-04-30 11:08:32.405929,0.0
2025-04-30,2025-04-30 10:39:02.999163,2025-04-30 11:02:42.625655,2025-04-30 11:29:48.633833,23.660441533333334
2025-04-30,2025-04-30 11:19:37.596562,2025-04-30 11:19:37.596562,2025-04-30 11:49:24.104710,0.0
2025-04-30,2025-04-30 11:37:47.743381,2025-04-30 11:37:47.743381,2025-04-30 12:04:33.459417,0.0
2025-04-30,2025-04-30 11:41:30.160979,2025-04-30 11:49:24.104710,2025-04-30 12:17:58.030121,7.899062183333333
2025-04-30,2025-04-30 11:41:46.737906,2025-04-30 12:04:33.459417,2025-04-30 12:32:09.583461,22.778691849999998
2025-04-30,2025-04-30 11:43:28.813254,2025-04-30 12:17:58.030121,2025-04-30 12:50:04.150212,34.486947783333335
2025-04-30,2025-04-30 13:10:40.772155,2025-04-30 13:10:40.772155,2025-04-30 13:39:11.173922,0.0
2025-04-30,2025-04-30 11:55:14.226896,2025-04-30 12:50:04.150212,2025-04-30 13:16:30.906059,54.832055266666664
2025-04-30,2025-04-30 13:11:17.388793,2025-04-30 13:16:30.906059,2025-04-30 13:43:30.866719,5.225287766666667
2025-04-30,2025-04-30 13:14:43.860530,2025-04-30 13:39:11.173922,2025-04-30 14:08:10.255046,24.4552232
2025-04-30,2025-04-30 13:15:05.115991,2025-04-30 13:43:30.866719,2025-04-30 14:09:15.722511,28.4291788
2025-04-30,2025-04-30 13:15:40.282941,2025-04-30 14:08:10.255046,2025-04-30 14:35:30.035151,52.49953508333333
2025-04-30,2025-04-30 13:32:07.654997,2025-04-30 14:09:15.722511,2025-04-30 14:39:32.828709,37.134458566666666
2025-04-30,2025-04-30 13:44:37.517204,2025-04-30 14:35:30.035151,2025-04-30 15:04:29.364251,50.87529911666666
2025-04-30,2025-04-30 13:53:21.188633,2025-04-30 14:39:32.828709,2025-04-30 15:07:52.981377,46.19400126666667
2025-04-30,2025-04-30 13:58:13.967275,2025-04-30 15:04:29.364251,2025-04-30 15:33:49.030681,66.25661626666667
2025-04-30,2025-04-30 13:58:43.890075,2025-04-30 15:07:52.981377,2025-04-30 15:38:50.122474,69.1515217
2025-04-30,2025-04-30 15:43:23.246299,2025-04-30 15:43:23.246299,2025-04-30 16:08:25.656991,0.0
2025-04-30,2025-04-30 13:59:47.975542,2025-04-30 15:38:50.122474,2025-04-30 16:07:36.289672,99.0357822
2025-04-30,2025-04-30 14:14:01.353070,2025-04-30 16:08:25.656991,2025-04-30 16:33:50.653774,114.40506535
2025-04-30,2025-04-30 14:58:26.976718,2025-04-30 16:07:36.289672,2025-04-30 16:35:22.066643,69.1552159
2025-04-30,2025-04-30 16:40:35.558526,2025-04-30 16:40:35.558526,2025-04-30 17:10:20.397057,0.0
2025-04-30,2025-04-30 15:49:19.402061,2025-04-30 16:35:22.066643,2025-04-30 17:03:28.613895,46.044409699999996
2025-04-30,2025-04-30 16:45:12.071626,2025-04-30 17:03:28.613895,2025-04-30 17:33:47.178904,18.275704483333335
2025-05-01,2025-05-01 09:19:41.915446,2025-05-01 09:19:41.915446,2025-05-01 09:46:49.746617,0.0
2025-05-01,2025-05-01 09:27:03.768055,2025-05-01 09:27:03.768055,2025-05-01 09:57:25.281302,0.0
2025-05-01,2025-05-01 09:52:20.800278,2025-05-01 09:52:20.800278,2025-05-01 10:22:34.701610,0.0
2025-05-01,2025-05-01 11:29:52.831245,2025-05-01 11:29:52.831245,2025-05-01 12:01:40.597670,0.0
2025-05-01,2025-05-01 11:41:44.251675,2025-05-01 11:41:44.251675,2025-05-01 12:07:38.660956,0.0
2025-05-01,2025-05-01 11:48:09.170765,2025-05-01 12:01:40.597670,2025-05-01 12:29:28.114488,13.523781750000001
2025-05-01,2025-05-01 13:34:30.228565,2025-05-01 13:34:30.228565,2025-05-01 13:57:31.828286,0.0
2025-05-01,2025-05-01 13:45:57.799292,2025-05-01 13:45:57.799292,2025-05-01 14:13:41.213879,0.0
2025-05-01,2025-05-01 13:49:26.911545,2025-05-01 13:57:31.828286,2025-05-01 14:26:56.215941,8.081945683333334
2025-05-01,2025-05-01 13:51:27.078744,2025-05-01 14:26:56.215941,2025-05-01 14:53:40.118355,35.48561995
2025-05-01,2025-05-01 14:03:07.626498,2025-05-01 14:13:41.213879,2025-05-01 14:40:30.281923,10.559789683333333
2025-05-01,2025-05-01 14:34:18.008492,2025-05-01 14:53:40.118355,2025-05-01 15:21:38.056873,19.368497716666663
2025-05-01,2025-05-01 15:49:58.559765,2025-05-01 15:49:58.559765,2025-05-01 16:15:02.782063,0.0
2025-05-01,2025-05-01 15:56:22.353534,2025-05-01 15:56:22.353534,2025-05-01 16:24:50.004608,0.0
2025-05-01,2025-05-01 16:19:53.677107,2025-05-01 16:19:53.677107,2025-05-01 16:46:16.571792,0.0
2025-05-02,2025-05-02 09:18:01.700801,2025-05-02 09:18:01.700801,2025-05-02 09:44:38.745871,0.0
2025-05-02,2025-05-02 09:40:25.462050,2025-05-02 09:40:25.462050,2025-05-02 10:07:30.066384,0.0
2025-05-02,2025-05-02 09:46:33.123939,2025-05-02 09:46:33.123939,2025-05-02 10:13:35.044375,0.0
2025-05-02,2025-05-02 09:47:59.317231,2025-05-02 10:07:30.066384,2025-05-02 10:33:57.088389,19.512485883333333
2025-05-02,2025-05-02 10:03:53.639416,2025-05-02 10:13:35.044375,2025-05-02 10:36:47.857367,9.690082649999999
2025-05-02,2025-05-02 10:12:09.903316,2025-05-02 10:36:47.857367,2025-05-02 11:04:45.649009,24.632567516666665
2025-05-02,2025-05-02 10:12:41.489087,2025-05-02 10:33:57.088389,2025-05-02 11:01:54.966523,21.25998836666667
2025-05-02,2025-05-02 10:15:38.801253,2025-05-02 11:04:45.649009,2025-05-02 11:31:37.839273,49.114129266666666
2025-05-02,2025-05-02 10:25:08.863012,2025-05-02 11:01:54.966523,2025-05-02 11:29:45.975622,36.76839184999999
2025-05-02,2025-05-02 11:01:23.572701,2025-05-02 11:31:37.839273,2025-05-02 12:00:58.970618,30.2377762
2025-05-02,2025-05-02 11:09:14.469566,2025-05-02 11:29:45.975622,2025-05-02 11:56:08.214875,20.52510093333333
2025-05-02,2025-05-02 11:10:51.484179,2025-05-02 12:00:58.970618,2025-05-02 12:26:27.633730,50.12477398333333
2025-05-02,2025-05-02 11:15:29.887254,2025-05-02 11:56:08.214875,2025-05-02 12:20:50.189173,40.63879368333333
2025-05-02,2025-05-02 13:00:50.462402,2025-05-02 13:00:50.462402,2025-05-02 13:31:51.556018,0.0
2025-05-02,2025-05-02 11:27:39.242788,2025-05-02 12:20:50.189173,2025-05-02 12:49:35.242542,53.18243975
2025-05-02,2025-05-02 13:04:14.868667,2025-05-02 13:04:14.868667,2025-05-02 13:34:42.968157,0.0
2025-05-02,2025-05-02 11:29:36.962540,2025-05-02 13:31:51.556018,2025-05-02 13:59:50.769240,122.24322463333333
2025-05-02,2025-05-02 11:36:47.368103,2025-05-02 13:34:42.968157,2025-05-02 14:01:31.923499,117.92666756666667
2025-05-02,2025-05-02 13:06:58.573385,2025-05-02 13:59:50.769240,2025-05-02 14:28:38.827716,52.86993091666667
2025-05-02,2025-05-02 13:11:02.815382,2025-05-02 14:01:31.923499,2025-05-02 14:28:01.394720,50.485135283333335
2025-05-02,2025-05-02 13:29:34.414745,2025-05-02 14:28:38.827716,2025-05-02 14:57:17.597899,59.07354951666667
2025-05-02,2025-05-02 13:31:24.724553,2025-05-02 14:28:01.394720,2025-05-02 15:00:06.164981,56.611169450000006
2025-05-02,2025-05-02 16:50:39.435409,2025-05-02 16:50:39.435409,2025-05-02 17:16:15.614934,0.0
2025-05-02,2025-05-02 13:42:01.749083,2025-05-02 15:00:06.164981,2025-05-02 15:26:07.170413,78.0735983
2025-05-02,2025-05-02 13:49:33.663141,2025-05-02 15:26:07.170413,2025-05-02 15:54:50.597798,96.55845453333333
2025-05-02,2025-05-02 13:50:22.316504,2025-05-02 15:54:50.597798,2025-05-02 16:23:26.479318,124.47135490000001
2025-05-02,2025-05-02 13:51:24.969179,2025-05-02 16:23:26.479318,2025-05-02 16:52:34.199783,152.02516898333334
2025-05-02,2025-05-02 13:52:03.869468,2025-05-02 16:52:34.199783,2025-05-02 17:20:34.391759,180.50550525
2025-05-02,2025-05-02 13:56:38.462497,2025-05-02 17:16:15.614934,2025-05-02 17:42:54.968971,199.61920728333334
2025-05-02,2025-05-02 14:06:14.180880,2025-05-02 17:20:34.391759,2025-05-02 17:46:18.979781,194.33684798333334
2025-05-03,2025-05-03 09:04:59.586060,2025-05-03 09:04:59.586060,2025-05-03 09:31:57.616866,0.0
2025-05-03,2025-05-03 09:28:50.262611,2025-05-03 09:28:50.262611,2025-05-03 09:57:27.979296,0.0
2025-05-03,2025-05-03 09:35:39.414741,2025-05-03 09:35:39.414741,2025-05-03 10:02:21.439518,0.0
2025-05-03,2025-05-03 09:57:19.186411,2025-05-03 10:02:21.439518,2025-05-03 10:32:17.808267,5.037551783333333
2025-05-03,2025-05-03 10:14:39.697994,2025-05-03 10:14:39.697994,2025-05-03 10:41:55.439134,0.0
2025-05-03,2025-05-03 10:37:16.199333,2025-05-03 10:37:16.199333,2025-05-03 11:08:20.172465,0.0
2025-05-03,2025-05-03 10:44:12.529961,2025-05-03 10:44:12.529961,2025-05-03 11:11:43.686046,0.0
2025-05-03,2025-05-03 10:50:20.262729,2025-05-03 11:08:20.172465,2025-05-03 11:35:35.752860,17.998495600000002
2025-05-03,2025-05-03 11:03:31.773806,2025-05-03 11:11:43.686046,2025-05-03 11:36:00.309159,8.198537333333332
2025-05-03,2025-05-03 11:07:23.864180,2025-05-03 11:35:35.752860,2025-05-03 12:00:45.554905,28.198144666666668
2025-05-03,2025-05-03 11:08:24.723310,2025-05-03 11:36:00.309159,2025-05-03 12:06:32.614596,27.593097483333334
2025-05-03,2025-05-03 13:01:01.199936,2025-05-03 13:01:01.199936,2025-05-03 13:27:35.996250,0.0
2025-05-03,2025-05-03 11:08:33.821073,2025-05-03 12:06:32.614596,2025-05-03 12:33:38.333183,57.97989205
2025-05-03,2025-05-03 13:09:19.828038,2025-05-03 13:09:19.828038,2025-05-03 13:35:40.847443,0.0
2025-05-03,2025-05-03 11:13:39.068612,2025-05-03 13:27:35.996250,2025-05-03 13:52:56.507763,133.94879396666667
2025-05-03,2025-05-03 11:19:13.556993,2025-05-03 13:35:40.847443,2025-05-03 14:01:27.575385,136.45484083333335
2025-05-03,2025-05-03 11:19:49.314394,2025-05-03 13:52:56.507763,2025-05-03 14:20:44.258388,153.11988948333334
2025-05-03,2025-05-03 13:21:19.684133,2025-05-03 14:20:44.258388,2025-05-03 14:48:36.600603,59.40957091666667
2025-05-03,2025-05-03 13:25:05.600999,2025-05-03 14:01:27.575385,2025-05-03 14:26:55.549513,36.366239766666666
2025-05-03,2025-05-03 14:41:30.640383,2025-05-03 14:41:30.640383,2025-05-03 15:09:35.517334,0.0
2025-05-03,2025-05-03 13:29:56.833950,2025-05-03 14:48:36.600603,2025-05-03 15:18:26.962302,78.66277755
2025-05-03,2025-05-03 13:37:29.784398,2025-05-03 15:09:35.517334,2025-05-03 15:39:46.025057,92.09554893333333
2025-05-03,2025-05-03 15:54:23.775547,2025-05-03 15:54:23.775547,2025-05-03 16:25:11.034512,0.0
2025-05-03,2025-05-03 13:42:25.762942,2025-05-03 15:39:46.025057,2025-05-03 16:06:07.261727,117.33770191666667
2025-05-03,2025-05-03 13:44:33.379342,2025-05-03 16:25:11.034512,2025-05-03 16:55:07.965979,160.62758616666667
2025-05-03,2025-05-03 13:45:53.414601,2025-05-03 16:06:07.261727,2025-05-03 16:36:56.975437,140.23078543333335
2025-05-03,2025-05-03 13:56:13.569810,2025-05-03 16:55:07.965979,2025-05-03 17:21:49.776396,178.90660281666666
2025-05-03,2025-05-03 13:59:42.650003,2025-05-03 16:36:56.975437,2025-05-03 17:06:12.213847,157.23875723333333
2025-05-03,2025-05-03 16:00:01.093055,2025-05-03 17:06:12.213847,2025-05-03 17:33:20.511504,66.18534653333333
2025-05-03,2025-05-03 16:31:53.992013,2025-05-03 17:21:49.776396,2025-05-03 17:53:00.310294,49.92973971666667
2025-05-03,2025-05-03 16:32:09.821542,2025-05-03 17:33:20.511504,2025-05-03 18:01:45.027796,61.17816603333333
2025-05-03,2025-05-03 16:56:23.882207,2025-05-03 17:53:00.310294,2025-05-03 18:19:49.383174,56.60713478333333
2025-05-05,2025-05-05 09:14:44.503868,2025-05-05 09:14:44.503868,2025-05-05 09:42:05.799793,0.0
2025-05-05,2025-05-05 09:42:12.706696,2025-05-05 09:42:12.706696,2025-05-05 10:10:33.439012,0.0
2025-05-05,2025-05-05 09:44:17.993281,2025-05-05 09:44:17.993281,2025-05-05 10:11:05.044448,0.0
2025-05-05,2025-05-05 09:51:37.079818,2025-05-05 10:10:33.439012,2025-05-05 10:40:29.547903,18.939319899999997
2025-05-05,2025-05-05 10:08:47.435088,2025-05-05 10:11:05.044448,2025-05-05 10:39:48.623201,2.2934893333333335
2025-05-05,2025-05-05 11:06:34.427398,2025-05-05 11:06:34.427398,2025-05-05 11:33:19.886996,0.0
2025-05-05,2025-05-05 11:19:30.640609,2025-05-05 11:19:30.640609,2025-05-05 11:47:24.406806,0.0
2025-05-05,2025-05-05 11:41:45.302412,2025-05-05 11:41:45.302412,2025-05-05 12:07:45.568739,0.0
2025-05-05,2025-05-05 11:51:46.402761,2025-05-05 11:51:46.402761,2025-05-05 12:16:46.946046,0.0
2025-05-05,2025-05-05 11:53:37.743469,2025-05-05 12:07:45.568739,2025-05-05 12:35:35.655963,14.130421166666668
2025-05-05,2025-05-05 13:07:12.031152,2025-05-05 13:07:12.031152,2025-05-05 13:32:30.990208,0.0
2025-05-05,2025-05-05 13:14:41.736684,2025-05-05 13:14:41.736684,2025-05-05 13:42:34.698340,0.0
2025-05-05,2025-05-05 13:25:27.485273,2025-05-05 13:32:30.990208,2025-05-05 14:00:41.551560,7.058415583333333
2025-05-05,2025-05-05 13:31:29.528356,2025-05-05 13:42:34.698340,2025-05-05 14:09:02.423616,11.0861664
2025-05-05,2025-05-05 13:32:37.053862,2025-05-05 14:00:41.551560,2025-05-05 14:26:06.656590,28.07496163333333
2025-05-05,2025-05-05 13:34:03.709671,2025-05-05 14:09:02.423616,2025-05-05 14:35:13.553193,34.97856575
2025-05-05,2025-05-05 13:44:56.128533,2025-05-05 14:26:06.656590,2025-05-05 14:54:55.358976,41.175467616666666
2025-05-05,2025-05-05 13:46:05.781950,2025-05-05 14:35:13.553193,2025-05-05 15:06:06.508535,49.12952071666667
2025-05-05,2025-05-05 15:08:25.809278,2025-05-05 15:08:25.809278,2025-05-05 15:37:23.658194,0.0
2025-05-05,2025-05-05 14:19:39.704706,2025-05-05 15:37:23.658194,2025-05-05 16:06:22.857852,77.73255813333334
2025-05-05,2025-05-05 15:44:59.836844,2025-05-05 15:44:59.836844,2025-05-05 16:09:46.977055,0.0
2025-05-05,2025-05-05 15:54:23.195631,2025-05-05 16:06:22.857852,2025-05-05 16:35:16.021870,11.99437035
2025-05-05,2025-05-05 16:02:59.996312,2025-05-05 16:09:46.977055,2025-05-05 16:38:38.424894,6.783012383333333
2025-05-05,2025-05-05 16:10:34.223564,2025-05-05 16:35:16.021870,2025-05-05 17:02:24.577907,24.69663843333333
2025-05-05,2025-05-05 16:23:54.535471,2025-05-05 16:38:38.424894,2025-05-05 17:07:00.094839,14.731490383333332
2025-05-05,2025-05-05 16:59:35.267207,2025-05-05 17:02:24.577907,2025-05-05 17:29:47.158402,2.821845
2025-05-06,2025-05-06 10:37:53.924282,2025-05-06 10:37:53.924282,2025-05-06 11:05:34.547618,0.0
2025-05-06,2025-05-06 11:02:27.719638,2025-05-06 11:02:27.719638,2025-05-06 11:30:09.231423,0.0
2025-05-06,2025-05-06 11:05:38.129241,2025-05-06 11:05:38.129241,2025-05-06 11:32:14.076098,0.0
2025-05-06,2025-05-06 11:06:25.064603,2025-05-06 11:32:14.076098,2025-05-06 11:59:39.814308,25.81685825
2025-05-06,2025-05-06 11:09:57.366612,2025-05-06 11:30:09.231423,2025-05-06 11:59:24.444749,20.197746849999998
2025-05-06,2025-05-06 11:14:43.992162,2025-05-06 11:59:39.814308,2025-05-06 12:24:16.485713,44.9303691
2025-05-06,2025-05-06 11:43:53.017072,2025-05-06 11:59:24.444749,2025-05-06 12:26:29.860375,15.523794616666667
2025-05-06,2025-05-06 13:01:21.454661,2025-05-06 13:01:21.454661,2025-05-06 13:28:30.300799,0.0
2025-05-06,2025-05-06 13:06:57.102383,2025-05-06 13:06:57.102383,2025-05-06 13:35:31.195848,0.0
2025-05-06,2025-05-06 13:10:03.461162,2025-05-06 13:28:30.300799,2025-05-06 13:54:47.883268,18.447327283333333
2025-05-06,2025-05-06 13:11:34.270452,2025-05-06 13:35:31.195848,2025-05-06 14:02:01.824647,23.948756600000003
2025-05-06,2025-05-06 13:21:10.368128,2025-05-06 13:54:47.883268,2025-05-06 14:23:33.388714,33.625252333333336
2025-05-06,2025-05-06 13:25:29.955694,2025-05-06 14:02:01.824647,2025-05-06 14:29:22.219020,36.53114921666667
2025-05-06,2025-05-06 13:36:28.011279,2025-05-06 14:23:33.388714,2025-05-06 14:51:34.035757,47.08962391666667
2025-05-06,2025-05-06 13:40:44.580930,2025-05-06 14:29:22.219020,2025-05-06 15:00:46.775768,48.6273015
2025-05-06,2025-05-06 13:50:22.337546,2025-05-06 14:51:34.035757,2025-05-06 15:21:19.314176,61.19497018333333
2025-05-06,2025-05-06 13:56:33.711504,2025-05-06 15:00:46.775768,2025-05-06 15:27:35.138498,64.21773773333334
2025-05-06,2025-05-06 14:19:21.037379,2025-05-06 15:21:19.314176,2025-05-06 15:46:26.970524,61.97127995
2025-05-06,2025-05-06 14:48:48.853256,2025-05-06 15:27:35.138498,2025-05-06 15:55:47.077230,38.7714207
2025-05-06,2025-05-06 16:24:22.456835,2025-05-06 16:24:22.456835,2025-05-06 16:51:36.192479,0.0
2025-05-06,2025-05-06 15:13:46.027955,2025-05-06 15:55:47.077230,2025-05-06 16:22:44.306185,42.01748791666667
2025-05-07,2025-05-07 09:04:18.282974,2025-05-07 09:04:18.282974,2025-05-07 09:33:02.240125,0.0
2025-05-07,2025-05-07 10:24:50.384961,2025-05-07 10:24:50.384961,2025-05-07 10:50:38.825867,0.0
2025-05-07,2025-05-07 10:39:21.200435,2025-05-07 10:39:21.200435,2025-05-07 11:08:50.637935,0.0
2025-05-07,2025-05-07 11:07:25.106680,2025-05-07 11:07:25.106680,2025-05-07 11:37:34.998667,0.0
2025-05-07,2025-05-07 11:21:52.062548,2025-05-07 11:21:52.062548,2025-05-07 11:49:53.742210,0.0
2025-05-07,2025-05-07 11:48:19.713366,2025-05-07 11:48:19.713366,2025-05-07 12:14:56.649808,0.0
2025-05-07,2025-05-07 11:49:26.741128,2025-05-07 12:14:56.649808,2025-05-07 12:46:24.911488,25.498478
2025-05-07,2025-05-07 13:00:15.773678,2025-05-07 13:00:15.773678,2025-05-07 13:28:16.136643,0.0
2025-05-07,2025-05-07 13:02:54.441636,2025-05-07 13:02:54.441636,2025-05-07 13:29:11.104627,0.0
2025-05-07,2025-05-07 13:15:39.191678,2025-05-07 13:28:16.136643,2025-05-07 13:53:50.339063,12.615749416666667
2025-05-07,2025-05-07 13:15:53.137787,2025-05-07 13:29:11.104627,2025-05-07 13:59:41.341334,13.299447333333335
2025-05-07,2025-05-07 13:19:36.565601,2025-05-07 13:53:50.339063,2025-05-07 14:18:16.286496,34.2295577
2025-05-07,2025-05-07 13:24:10.822562,2025-05-07 14:18:16.286496,2025-05-07 14:47:42.317846,54.091065566666664
2025-05-07,2025-05-07 13:26:57.563380,2025-05-07 13:59:41.341334,2025-05-07 14:26:50.202180,32.729632566666666
2025-05-07,2025-05-07 15:14:15.602310,2025-05-07 15:14:15.602310,2025-05-07 15:43:31.684132,0.0
2025-05-07,2025-05-07 13:29:38.021226,2025-05-07 14:26:50.202180,2025-05-07 14:54:51.633701,57.2030159
2025-05-07,2025-05-07 15:33:53.114723,2025-05-07 15:33:53.114723,2025-05-07 16:00:06.298015,0.0
2025-05-07,2025-05-07 13:34:42.315178,2025-05-07 15:43:31.684132,2025-05-07 16:09:16.069375,128.8228159
2025-05-07,2025-05-07 13:50:24.133070,2025-05-07 16:00:06.298015,2025-05-07 16:28:40.226104,129.70274908333334
2025-05-07,2025-05-07 13:50:35.215330,2025-05-07 16:09:16.069375,2025-05-07 16:37:29.389843,138.68090075
2025-05-07,2025-05-07 13:59:05.100363,2025-05-07 16:28:40.226104,2025-05-07 16:55:00.048283,149.58542901666667
2025-05-07,2025-05-07 13:59:28.982666,2025-05-07 16:37:29.389843,2025-05-07 17:04:31.887395,158.00678628333333
2025-05-07,2025-05-07 15:52:28.549041,2025-05-07 16:55:00.048283,2025-05-07 17:24:23.265848,62.524987366666664
2025-05-08,2025-05-08 10:05:05.179783,2025-05-08 10:05:05.179783,2025-05-08 10:30:52.555655,0.0
2025-05-08,2025-05-08 10:42:14.318015,2025-05-08 10:42:14.318015,2025-05-08 11:07:07.713360,0.0
2025-05-08,2025-05-08 11:14:19.503651,2025-05-08 11:14:19.503651,2025-05-08 11:42:25.918550,0.0
2025-05-08,2025-05-08 11:18:08.424724,2025-05-08 11:18:08.424724,2025-05-08 11:46:38.957511,0.0
2025-05-08,2025-05-08 11:19:43.898959,2025-05-08 11:42:25.918550,2025-05-08 12:12:03.018438,22.700326516666667
2025-05-08,2025-05-08 11:21:30.473078,2025-05-08 11:46:38.957511,2025-05-08 12:17:38.189029,25.141407216666668
2025-05-08,2025-05-08 11:21:46.608834,2025-05-08 12:12:03.018438,2025-05-08 12:39:54.086383,50.2734934
2025-05-08,2025-05-08 11:24:31.487744,2025-05-08 12:17:38.189029,2025-05-08 12:45:09.862165,53.111688083333334
2025-05-08,2025-05-08 13:02:29.035720,2025-05-08 13:02:29.035720,2025-05-08 13:29:57.460767,0.0
2025-05-08,2025-05-08 11:30:28.214419,2025-05-08 12:45:09.862165,2025-05-08 13:12:46.900287,74.6941291
2025-05-08,2025-05-08 11:43:44.158218,2025-05-08 13:12:46.900287,2025-05-08 13:42:53.461392,89.04570115
2025-05-08,2025-05-08 11:49:13.486326,2025-05-08 13:29:57.460767,2025-05-08 13:56:47.264868,100.73290735
2025-05-08,2025-05-08 11:50:53.398651,2025-05-08 13:42:53.461392,2025-05-08 14:11:47.034511,112.00104568333333
2025-05-08,2025-05-08 13:11:16.960985,2025-05-08 13:56:47.264868,2025-05-08 14:23:28.298389,45.505064716666666
2025-05-08,2025-05-08 13:11:29.738230,2025-05-08 14:23:28.298389,2025-05-08 14:49:55.020401,71.97600265
2025-05-08,2025-05-08 13:22:04.520401,2025-05-08 14:11:47.034511,2025-05-08 14:36:36.492640,49.7085685
2025-05-08,2025-05-08 13:24:24.147635,2025-05-08 14:49:55.020401,2025-05-08 15:17:14.291571,85.5145461
2025-05-08,2025-05-08 13:25:16.089090,2025-05-08 14:36:36.492640,2025-05-08 15:06:28.875629,71.34005916666666
2025-05-08,2025-05-08 15:12:21.961831,2025-05-08 15:12:21.961831,2025-05-08 15:43:41.175287,0.0
2025-05-08,2025-05-08 13:32:50.010736,2025-05-08 15:17:14.291571,2025-05-08 15:44:04.099020,104.40468058333333
2025-05-08,2025-05-08 13:37:32.924351,2025-05-08 15:44:04.099020,2025-05-08 16:12:52.774396,126.51957781666667
2025-05-08,2025-05-08 13:41:13.296533,2025-05-08 15:43:41.175287,2025-05-08 16:12:36.282216,122.46464590000001
2025-05-08,2025-05-08 13:47:12.627000,2025-05-08 16:12:36.282216,2025-05-08 16:38:10.728210,145.39425359999998
2025-05-08,2025-05-08 14:05:42.937652,2025-05-08 16:12:52.774396,2025-05-08 16:37:30.019748,127.16394573333334
2025-05-08,2025-05-08 14:26:24.517548,2025-05-08 16:37:30.019748,2025-05-08 17:05:27.038321,131.09170333333333
2025-05-08,2025-05-08 15:30:21.717790,2025-05-08 16:38:10.728210,2025-05-08 17:04:24.303270,67.81684033333333
2025-05-08,2025-05-08 15:31:52.526500,2025-05-08 17:04:24.303270,2025-05-08 17:32:30.760171,92.52961283333335
2025-05-08,2025-05-08 16:01:48.300787,2025-05-08 17:05:27.038321,2025-05-08 17:33:16.096728,63.645625566666666
2025-05-08,2025-05-08 16:04:34.095270,2025-05-08 17:32:30.760171,2025-05-08 17:58:28.125993,87.94441501666667
2025-05-09,2025-05-09 09:17:58.498441,2025-05-09 09:17:58.498441,2025-05-09 09:47:20.217603,0.0
2025-05-09,2025-05-09 09:33:53.726319,2025-05-09 09:33:53.726319,2025-05-09 10:02:26.322065,0.0
2025-05-09,2025-05-09 10:20:52.333099,2025-05-09 10:20:52.333099,2025-05-09 10:44:45.549917,0.0
2025-05-09,2025-05-09 10:59:25.035598,2025-05-09 10:59:25.035598,2025-05-09 11:27:42.627850,0.0
2025-05-09,2025-05-09 11:06:35.288389,2025-05-09 11:06:35.288389,2025-05-09 11:36:11.681044,0.0
2025-05-09,2025-05-09 11:06:57.356314,2025-05-09 11:27:42.627850,2025-05-09 11:52:59.456374,20.7545256
2025-05-09,2025-05-09 11:11:52.291157,2025-05-09 11:36:11.681044,2025-05-09 12:06:42.292906,24.323164783333333
2025-05-09,2025-05-09 11:20:17.385227,2025-05-09 11:52:59.456374,2025-05-09 12:21:39.822753,32.70118578333334
2025-05-09,2025-05-09 11:24:13.202698,2025-05-09 12:06:42.292906,2025-05-09 12:34:11.538103,42.484836800000004
2025-05-09,2025-05-09 13:06:11.186652,2025-05-09 13:06:11.186652,2025-05-09 13:32:00.823618,0.0
2025-05-09,2025-05-09 11:32:57.405787,2025-05-09 12:34:11.538103,2025-05-09 13:03:25.698300,61.235538600000005
2025-05-09,2025-05-09 13:12:44.029722,2025-05-09 13:12:44.029722,2025-05-09 13:38:22.250897,0.0
2025-05-09,2025-05-09 11:45:25.044777,2025-05-09 13:32:00.823618,2025-05-09 14:01:04.390385,106.59631401666667
2025-05-09,2025-05-09 11:46:09.695617,2025-05-09 13:38:22.250897,2025-05-09 14:03:02.139887,112.20925466666667
2025-05-09,2025-05-09 13:14:17.087538,2025-05-09 14:01:04.390385,2025-05-09 14:30:45.012253,46.78838078333333
2025-05-09,2025-05-09 13:17:53.620367,2025-05-09 14:03:02.139887,2025-05-09 14:29:44.349687,45.141991999999995
2025-05-09,2025-05-09 14:38:45.053260,2025-05-09 14:38:45.053260,2025-05-09 15:08:04.180983,0.0
2025-05-09,2025-05-09 13:33:23.425530,2025-05-09 14:29:44.349687,2025-05-09 14:56:57.256441,56.34873595
2025-05-09,2025-05-09 13:35:27.334369,2025-05-09 14:56:57.256441,2025-05-09 15:26:41.200157,81.4987012
2025-05-09,2025-05-09 13:46:48.133667,2025-05-09 15:08:04.180983,2025-05-09 15:37:30.625920,81.26745526666667
2025-05-09,2025-05-09 13:50:02.230344,2025-05-09 15:26:41.200157,2025-05-09 15:55:55.373352,96.64949688333333
2025-05-09,2025-05-09 16:33:19.703892,2025-05-09 16:33:19.703892,2025-05-09 17:05:05.552788,0.0
2025-05-09,2025-05-09 13:53:06.347786,2025-05-09 15:55:55.373352,2025-05-09 16:22:08.878743,122.81709276666668
2025-05-09,2025-05-09 16:36:13.730938,2025-05-09 16:36:13.730938,2025-05-09 17:03:21.883922,0.0
2025-05-09,2025-05-09 14:41:34.006617,2025-05-09 17:03:21.883922,2025-05-09 17:30:37.320632,141.79795508333333
2025-05-09,2025-05-09 14:48:13.268832,2025-05-09 17:05:05.552788,2025-05-09 17:33:59.337793,136.87139926666666
2025-05-09,2025-05-09 15:02:57.642827,2025-05-09 17:30:37.320632,2025-05-09 17:58:02.048839,147.66129675
2025-05-09,2025-05-09 16:41:10.531044,2025-05-09 17:33:59.337793,2025-05-09 17:59:49.030739,52.813445816666665
2025-05-09,2025-05-09 16:42:06.498406,2025-05-09 17:58:02.048839,2025-05-09 18:26:38.927654,75.92584055
2025-05-10,2025-05-10 10:29:21.153012,2025-05-10 10:29:21.153012,2025-05-10 10:55:55.630137,0.0
2025-05-10,2025-05-10 10:38:27.760089,2025-05-10 10:38:27.760089,2025-05-10 11:07:04.442395,0.0
2025-05-10,2025-05-10 10:46:59.910601,2025-05-10 10:55:55.630137,2025-05-10 11:26:45.311476,8.928658933333333
2025-05-10,2025-05-10 11:00:48.984917,2025-05-10 11:07:04.442395,2025-05-10 11:33:03.474424,6.257624633333333
2025-05-10,2025-05-10 11:08:22.764421,2025-05-10 11:26:45.311476,2025-05-10 11:56:30.362081,18.37578425
2025-05-10,2025-05-10 11:17:38.710272,2025-05-10 11:33:03.474424,2025-05-10 11:57:46.344251,15.412735866666667
2025-05-10,2025-05-10 11:30:58.561909,2025-05-10 11:56:30.362081,2025-05-10 12:25:29.483670,25.530002866666667
2025-05-10,2025-05-10 11:33:39.331415,2025-05-10 11:57:46.344251,2025-05-10 12:26:55.400484,24.116880600000002
2025-05-10,2025-05-10 13:12:10.847214,2025-05-10 13:12:10.847214,2025-05-10 13:38:09.453407,0.0
2025-05-10,2025-05-10 11:48:27.676525,2025-05-10 12:26:55.400484,2025-05-10 12:53:17.491358,38.46206598333333
2025-05-10,2025-05-10 13:18:23.816361,2025-05-10 13:18:23.816361,2025-05-10 13:46:09.126165,0.0
2025-05-10,2025-05-10 11:54:12.379139,2025-05-10 13:38:09.453407,2025-05-10 14:08:45.592471,103.9512378
2025-05-10,2025-05-10 13:29:02.022715,2025-05-10 13:46:09.126165,2025-05-10 14:10:53.385519,17.118390833333333
2025-05-10,2025-05-10 13:44:20.908739,2025-05-10 14:08:45.592471,2025-05-10 14:36:53.467068,24.411395533333334
2025-05-10,2025-05-10 13:52:54.564355,2025-05-10 14:10:53.385519,2025-05-10 14:41:50.007381,17.980352733333334
2025-05-10,2025-05-10 15:26:03.519904,2025-05-10 15:26:03.519904,2025-05-10 15:52:44.687136,0.0
2025-05-10,2025-05-10 15:41:03.264263,2025-05-10 15:41:03.264263,2025-05-10 16:10:48.129152,0.0
2025-05-10,2025-05-10 16:11:35.136975,2025-05-10 16:11:35.136975,2025-05-10 16:42:17.846157,0.0
2025-05-10,2025-05-10 16:19:38.144604,2025-05-10 16:19:38.144604,2025-05-10 16:45:05.976504,0.0
2025-05-12,2025-05-12 09:09:29.154792,2025-05-12 09:09:29.154792,2025-05-12 09:36:00.655125,0.0
2025-05-12,2025-05-12 09:30:32.803436,2025-05-12 09:30:32.803436,2025-05-12 09:58:11.166862,0.0
2025-05-12,2025-05-12 10:17:59.101408,2025-05-12 10:17:59.101408,2025-05-12 10:47:23.141061,0.0
2025-05-12,2025-05-12 10:19:05.325621,2025-05-12 10:19:05.325621,2025-05-12 10:50:11.368942,0.0
2025-05-12,2025-05-12 11:02:52.096163,2025-05-12 11:02:52.096163,2025-05-12 11:28:32.720055,0.0
2025-05-12,2025-05-12 11:04:23.072380,2025-05-12 11:04:23.072380,2025-05-12 11:31:15.200191,0.0
2025-05-12,2025-05-12 11:06:14.352940,2025-05-12 11:28:32.720055,2025-05-12 11:55:09.465033,22.306118583333333
2025-05-12,2025-05-12 11:14:59.609666,2025-05-12 11:31:15.200191,2025-05-12 11:59:46.564749,16.259842083333332
2025-05-12,2025-05-12 11:28:59.424209,2025-05-12 11:55:09.465033,2025-05-12 12:23:10.521182,26.167347066666665
2025-05-12,2025-05-12 11:29:51.851072,2025-05-12 12:23:10.521182,2025-05-12 12:51:37.782907,53.3111685
2025-05-12,2025-05-12 11:36:36.987449,2025-05-12 11:59:46.564749,2025-05-12 12:28:27.930270,23.159621666666666
2025-05-12,2025-05-12 13:10:06.401439,2025-05-12 13:10:06.401439,2025-05-12 13:37:09.451702,0.0
2025-05-12,2025-05-12 11:40:10.052005,2025-05-12 12:28:27.930270,2025-05-12 12:56:21.775273,48.29797108333333
2025-05-12,2025-05-12 13:24:30.539482,2025-05-12 13:24:30.539482,2025-05-12 13:50:25.541786,0.0
2025-05-12,2025-05-12 11:48:41.938680,2025-05-12 13:37:09.451702,2025-05-12 14:05:32.753555,108.45855036666667
2025-05-12,2025-05-12 11:50:54.736038,2025-05-12 13:50:25.541786,2025-05-12 14:16:59.740292,119.51342913333333
2025-05-12,2025-05-12 11:58:01.658931,2025-05-12 14:05:32.753555,2025-05-12 14:31:22.045117,127.51824373333334
2025-05-12,2025-05-12 11:59:35.872863,2025-05-12 14:16:59.740292,2025-05-12 14:44:39.012593,137.39779048333332
2025-05-12,2025-05-12 14:38:24.738376,2025-05-12 14:38:24.738376,2025-05-12 15:04:34.456406,0.0
2025-05-12,2025-05-12 13:28:35.005676,2025-05-12 14:44:39.012593,2025-05-12 15:13:36.932587,76.06678194999999
2025-05-12,2025-05-12 13:31:42.635812,2025-05-12 15:04:34.456406,2025-05-12 15:32:06.684962,92.86367656666667
2025-05-12,2025-05-12 13:39:47.493985,2025-05-12 15:13:36.932587,2025-05-12 15:44:09.485205,93.8239767
2025-05-12,2025-05-12 13:57:10.062760,2025-05-12 15:32:06.684962,2025-05-12 16:00:32.878073,94.94370336666665
2025-05-12,2025-05-12 14:59:37.826989,2025-05-12 15:44:09.485205,2025-05-12 16:11:42.331285,44.52763693333333
2025-05-12,2025-05-12 15:14:59.678568,2025-05-12 16:00:32.878073,2025-05-12 16:31:59.852920,45.553325083333334
2025-05-12,2025-05-12 15:20:16.798988,2025-05-12 16:11:42.331285,2025-05-12 16:39:33.375002,51.42553828333334
2025-05-12,2025-05-12 16:44:01.850082,2025-05-12 16:44:01.850082,2025-05-12 17:12:39.440923,0.0
2025-05-12,2025-05-12 15:44:59.743027,2025-05-12 16:39:33.375002,2025-05-12 17:07:00.269971,54.560532916666666
2025-05-12,2025-05-12 15:52:34.172202,2025-05-12 17:07:00.269971,2025-05-12 17:31:40.513615,74.43496281666667
2025-05-13,2025-05-13 09:06:42.108000,2025-05-13 09:06:42.108000,2025-05-13 09:37:04.889717,0.0
2025-05-13,2025-05-13 10:29:33.644453,2025-05-13 10:29:33.644453,2025-05-13 10:55:54.603771,0.0
2025-05-13,2025-05-13 11:00:50.321403,2025-05-13 11:00:50.321403,2025-05-13 11:26:28.452225,0.0
2025-05-13,2025-05-13 11:05:41.915878,2025-05-13 11:05:41.915878,2025-05-13 11:33:44.748865,0.0
2025-05-13,2025-05-13 11:11:25.426809,2025-05-13 11:26:28.452225,2025-05-13 11:55:23.573166,15.050423599999998
2025-05-13,2025-05-13 11:14:13.311324,2025-05-13 11:33:44.748865,2025-05-13 12:02:39.964148,19.523959016666666
2025-05-13,2025-05-13 11:28:20.836551,2025-05-13 11:55:23.573166,2025-05-13 12:23:39.664358,27.04561025
2025-05-13,2025-05-13 11:29:25.310020,2025-05-13 12:23:39.664358,2025-05-13 12:51:00.805190,54.23923896666667
2025-05-13,2025-05-13 11:43:25.583614,2025-05-13 12:02:39.964148,2025-05-13 12:29:46.293960,19.239675566666666
2025-05-13,2025-05-13 13:01:05.408887,2025-05-13 13:01:05.408887,2025-05-13 13:27:17.698474,0.0
2025-05-13,2025-05-13 11:47:23.038319,2025-05-13 12:29:46.293960,2025-05-13 12:57:57.906305,42.38759401666667
2025-05-13,2025-05-13 13:14:24.841306,2025-05-13 13:14:24.841306,2025-05-13 13:41:02.603069,0.0
2025-05-13,2025-05-13 11:47:28.773299,2025-05-13 13:27:17.698474,2025-05-13 13:56:04.324205,99.81541958333334
2025-05-13,2025-05-13 11:48:03.876154,2025-05-13 13:41:02.603069,2025-05-13 14:08:23.314713,112.97878191666668
2025-05-13,2025-05-13 11:51:42.397937,2025-05-13 13:56:04.324205,2025-05-13 14:22:50.715168,124.36543780000001
2025-05-13,2025-05-13 11:57:47.477468,2025-05-13 14:08:23.314713,2025-05-13 14:35:12.556457,130.59728741666666
2025-05-13,2025-05-13 11:58:58.945320,2025-05-13 14:22:50.715168,2025-05-13 14:49:42.477942,143.8628308
2025-05-13,2025-05-13 13:19:44.096295,2025-05-13 14:35:12.556457,2025-05-13 15:04:09.346477,75.47433603333334
2025-05-13,2025-05-13 13:27:05.385473,2025-05-13 14:49:42.477942,2025-05-13 15:18:46.358147,82.61820781666667
2025-05-13,2025-05-13 13:55:49.385114,2025-05-13 15:04:09.346477,2025-05-13 15:33:22.796953,68.33268938333335
2025-05-13,2025-05-13 14:06:22.101845,2025-05-13 15:18:46.358147,2025-05-13 15:46:11.670129,72.4042717
2025-05-13,2025-05-13 14:12:08.451041,2025-05-13 15:33:22.796953,2025-05-13 15:59:30.704872,81.23909853333333
2025-05-13,2025-05-13 16:27:00.520067,2025-05-13 16:27:00.520067,2025-05-13 16:53:10.580145,0.0
2025-05-13,2025-05-13 14:21:42.278808,2025-05-13 15:59:30.704872,2025-05-13 16:27:21.009770,97.80710106666668
2025-05-13,2025-05-13 16:35:25.929600,2025-05-13 16:35:25.929600,2025-05-13 17:03:41.640003,0.0
2025-05-13,2025-05-13 14:46:31.072420,2025-05-13 16:53:10.580145,2025-05-13 17:19:28.181439,126.65846208333333
2025-05-13,2025-05-13 14:46:44.559843,2025-05-13 17:03:41.640003,2025-05-13 17:31:20.147356,136.951336
2025-05-13,2025-05-13 15:01:01.298593,2025-05-13 17:19:28.181439,2025-05-13 17:44:15.746458,138.44804743333333
2025-05-13,2025-05-13 15:06:26.537734,2025-05-13 17:31:20.147356,2025-05-13 18:00:59.264790,144.8934937
2025-05-13,2025-05-13 16:39:08.467064,2025-05-13 17:44:15.746458,2025-05-13 18:09:46.556347,65.12132323333334
2025-05-14,2025-05-14 10:27:24.097346,2025-05-14 10:27:24.097346,2025-05-14 10:54:36.769239,0.0
2025-05-14,2025-05-14 10:33:39.589024,2025-05-14 10:33:39.589024,2025-05-14 11:01:23.117916,0.0
2025-05-14,2025-05-14 10:47:03.087054,2025-05-14 10:54:36.769239,2025-05-14 11:25:40.287871,7.56136975
2025-05-14,2025-05-14 11:00:26.301683,2025-05-14 11:01:23.117916,2025-05-14 11:28:54.318523,0.9469372166666666
2025-05-14,2025-05-14 11:07:01.239967,2025-05-14 11:25:40.287871,2025-05-14 11:53:23.630208,18.6507984
2025-05-14,2025-05-14 11:08:26.140710,2025-05-14 11:28:54.318523,2025-05-14 11:57:11.795042,20.469630216666665
2025-05-14,2025-05-14 11:10:00.720137,2025-05-14 11:53:23.630208,2025-05-14 12:20:47.758511,43.381834516666665
2025-05-14,2025-05-14 11:11:50.537250,2025-05-14 12:20:47.758511,2025-05-14 12:52:36.942717,68.95368768333333
2025-05-14,2025-05-14 11:16:09.519126,2025-05-14 11:57:11.795042,2025-05-14 12:28:48.315210,41.03793193333333
2025-05-14,2025-05-14 13:15:37.963599,2025-05-14 13:15:37.963599,2025-05-14 13:46:10.655001,0.0
2025-05-14,2025-05-14 11:16:28.997443,2025-05-14 12:28:48.315210,2025-05-14 12:57:04.244716,72.32196278333332
2025-05-14,2025-05-14 13:15:45.452546,2025-05-14 13:15:45.452546,2025-05-14 13:42:13.495238,0.0
2025-05-14,2025-05-14 11:20:57.889733,2025-05-14 13:42:13.495238,2025-05-14 14:08:17.965389,141.26009175
2025-05-14,2025-05-14 11:46:19.353396,2025-05-14 13:46:10.655001,2025-05-14 14:12:16.591121,119.85502675
2025-05-14,2025-05-14 11:54:09.916335,2025-05-14 14:12:16.591121,2025-05-14 14:40:26.200568,138.11124643333332
2025-05-14,2025-05-14 13:21:11.241214,2025-05-14 14:08:17.965389,2025-05-14 14:36:39.778422,47.11206958333333
2025-05-14,2025-05-14 14:59:24.713776,2025-05-14 14:59:24.713776,2025-05-14 15:30:02.863625,0.0
2025-05-14,2025-05-14 13:24:23.349633,2025-05-14 15:30:02.863625,2025-05-14 15:59:29.807805,125.65856653333334
2025-05-14,2025-05-14 13:24:30.244547,2025-05-14 14:36:39.778422,2025-05-14 15:02:41.424076,72.15889791666667
2025-05-14,2025-05-14 15:40:46.176092,2025-05-14 15:40:46.176092,2025-05-14 16:09:50.143101,0.0
2025-05-14,2025-05-14 13:27:06.125100,2025-05-14 15:59:29.807805,2025-05-14 16:25:06.285336,152.39471175
2025-05-14,2025-05-14 13:39:39.891955,2025-05-14 16:09:50.143101,2025-05-14 16:38:21.474065,150.17085243333335
2025-05-14,2025-05-14 16:59:18.061384,2025-05-14 16:59:18.061384,2025-05-14 17:26:49.030748,0.0
2025-05-14,2025-05-14 13:42:12.664868,2025-05-14 16:38:21.474065,2025-05-14 17:06:31.710813,176.14681995
2025-05-14,2025-05-14 13:43:32.478506,2025-05-14 17:06:31.710813,2025-05-14 17:33:06.967729,202.98720511666667
2025-05-14,2025-05-14 14:01:49.100107,2025-05-14 17:26:49.030748,2025-05-14 17:52:41.963035,204.99884401666668
2025-05-15,2025-05-15 09:09:07.279915,2025-05-15 09:09:07.279915,2025-05-15 09:35:26.726602,0.0
2025-05-15,2025-05-15 09:09:46.874543,2025-05-15 09:09:46.874543,2025-05-15 09:37:04.055620,0.0
2025-05-15,2025-05-15 10:02:47.597136,2025-05-15 10:02:47.597136,2025-05-15 10:31:56.485362,0.0
2025-05-15,2025-05-15 10:13:03.073929,2025-05-15 10:13:03.073929,2025-05-15 10:38:47.437560,0.0
2025-05-15,2025-05-15 10:53:31.547077,2025-05-15 10:53:31.547077,2025-05-15 11:22:31.068377,0.0
2025-05-15,2025-05-15 11:07:21.395009,2025-05-15 11:07:21.395009,2025-05-15 11:33:45.314823,0.0
2025-05-15,2025-05-15 11:14:42.728308,2025-05-15 11:22:31.068377,2025-05-15 11:50:09.002720,7.805667816666667
2025-05-15,2025-05-15 11:16:55.427445,2025-05-15 11:33:45.314823,2025-05-15 12:00:18.403642,16.8314563
2025-05-15,2025-05-15 11:17:27.859202,2025-05-15 11:50:09.002720,2025-05-15 12:19:05.394335,32.6857253
2025-05-15,2025-05-15 11:23:26.289454,2025-05-15 12:19:05.394335,2025-05-15 12:44:35.376701,55.65174801666667
2025-05-15,2025-05-15 11:23:31.823785,2025-05-15 12:00:18.403642,2025-05-15 12:28:26.161012,36.77633095
2025-05-15,2025-05-15 13:20:40.498977,2025-05-15 13:20:40.498977,2025-05-15 13:49:15.698723,0.0
2025-05-15,2025-05-15 11:32:58.224614,2025-05-15 12:28:26.161012,2025-05-15 12:56:47.223134,55.46560663333333
2025-05-15,2025-05-15 13:38:35.671308,2025-05-15 13:38:35.671308,2025-05-15 14:06:35.513664,0.0
2025-05-15,2025-05-15 11:34:23.697812,2025-05-15 13:49:15.698723,2025-05-15 14:18:37.855042,134.86668185
2025-05-15,2025-05-15 11:45:36.637458,2025-05-15 14:18:37.855042,2025-05-15 14:42:36.484360,153.02029306666665
2025-05-15,2025-05-15 11:56:33.190604,2025-05-15 14:06:35.513664,2025-05-15 14:34:09.740769,130.03871766666666
2025-05-15,2025-05-15 11:57:41.869369,2025-05-15 14:42:36.484360,2025-05-15 15:10:56.263162,164.91024985
2025-05-15,2025-05-15 13:49:25.741495,2025-05-15 14:34:09.740769,2025-05-15 15:02:29.263291,44.73332123333333
2025-05-15,2025-05-15 15:33:01.798187,2025-05-15 15:33:01.798187,2025-05-15 15:58:20.913459,0.0
2025-05-15,2025-05-15 13:53:16.956323,2025-05-15 15:58:20.913459,2025-05-15 16:26:13.419637,125.06595226666667
2025-05-15,2025-05-15 13:58:12.160403,2025-05-15 15:02:29.263291,2025-05-15 15:31:34.169659,64.28504813333333
2025-05-15,2025-05-15 16:46:30.340338,2025-05-15 16:46:30.340338,2025-05-15 17:11:07.909443,0.0
2025-05-15,2025-05-15 14:00:35.578876,2025-05-15 15:31:34.169659,2025-05-15 15:57:57.912330,90.97651305
2025-05-15,2025-05-15 14:23:37.841054,2025-05-15 15:57:57.912330,2025-05-15 16:26:16.711940,94.33452126666666
2025-05-16,2025-05-16 09:01:03.388333,2025-05-16 09:01:03.388333,2025-05-16 09:28:37.229949,0.0
2025-05-16,2025-05-16 09:01:35.503807,2025-05-16 09:01:35.503807,2025-05-16 09:28:46.018938,0.0
2025-05-16,2025-05-16 10:14:59.585319,2025-05-16 10:14:59.585319,2025-05-16 10:41:59.450090,0.0
2025-05-16,2025-05-16 10:19:00.805734,2025-05-16 10:19:00.805734,2025-05-16 10:47:04.596495,0.0
2025-05-16,2025-05-16 10:28:24.191872,2025-05-16 10:41:59.450090,2025-05-16 11:09:12.357456,13.587636966666668
2025-05-16,2025-05-16 11:00:07.424289,2025-05-16 11:00:07.424289,2025-05-16 11:27:56.765627,0.0
2025-05-16,2025-05-16 11:06:14.770159,2025-05-16 11:09:12.357456,2025-05-16 11:36:57.876394,2.9597882833333333
2025-05-16,2025-05-16 11:11:39.404416,2025-05-16 11:36:57.876394,2025-05-16 12:02:27.614325,25.3078663
2025-05-16,2025-05-16 11:20:09.416826,2025-05-16 11:27:56.765627,2025-05-16 11:54:15.629687,7.789146683333333
2025-05-16,2025-05-16 11:27:22.670620,2025-05-16 11:54:15.629687,2025-05-16 12:24:31.473597,26.88265111666667
2025-05-16,2025-05-16 11:37:31.165528,2025-05-16 12:02:27.614325,2025-05-16 12:31:35.078779,24.940813283333334
2025-05-16,2025-05-16 11:43:45.931088,2025-05-16 12:24:31.473597,2025-05-16 12:52:24.256933,40.75904181666667
2025-05-16,2025-05-16 13:01:04.075732,2025-05-16 13:01:04.075732,2025-05-16 13:29:00.802423,0.0
2025-05-16,2025-05-16 11:47:20.505473,2025-05-16 12:52:24.256933,2025-05-16 13:19:02.569061,65.06252433333333
2025-05-16,2025-05-16 11:57:50.017702,2025-05-16 13:19:02.569061,2025-05-16 13:45:42.062725,81.20918931666667
2025-05-16,2025-05-16 13:05:11.527143,2025-05-16 13:29:00.802423,2025-05-16 13:59:05.819790,23.82125466666667
2025-05-16,2025-05-16 13:08:21.383589,2025-05-16 13:45:42.062725,2025-05-16 14:14:27.409678,37.34465226666667
2025-05-16,2025-05-16 13:15:33.004601,2025-05-16 13:59:05.819790,2025-05-16 14:28:33.312814,43.546919816666666
2025-05-16,2025-05-16 13:27:37.615918,2025-05-16 14:14:27.409678,2025-05-16 14:42:12.435432,46.829896
2025-05-16,2025-05-16 15:00:17.801236,2025-05-16 15:00:17.801236,2025-05-16 15:25:33.091616,0.0
2025-05-16,2025-05-16 13:28:43.214361,2025-05-16 15:25:33.091616,2025-05-16 15:52:59.418609,116.83128758333334
2025-05-16,2025-05-16 13:32:45.888384,2025-05-16 14:42:12.435432,2025-05-16 15:09:48.149771,69.4424508
2025-05-16,2025-05-16 15:33:59.224718,2025-05-16 15:33:59.224718,2025-05-16 16:00:49.478189,0.0
2025-05-16,2025-05-16 13:55:34.677957,2025-05-16 15:52:59.418609,2025-05-16 16:19:19.668756,117.4123442
2025-05-16,2025-05-16 15:54:11.045422,2025-05-16 16:19:19.668756,2025-05-16 16:44:48.042781,25.143722233333335
2025-05-16,2025-05-16 16:39:10.313214,2025-05-16 16:39:10.313214,2025-05-16 17:02:19.354780,0.0
2025-05-16,2025-05-16 16:53:45.919328,2025-05-16 16:53:45.919328,2025-05-16 17:21:35.982223,0.0
2025-05-17,2025-05-17 10:14:26.887410,2025-05-17 10:14:26.887410,2025-05-17 10:42:31.845586,0.0
2025-05-17,2025-05-17 10:35:48.199078,2025-05-17 10:35:48.199078,2025-05-17 11:03:27.263883,0.0
2025-05-17,2025-05-17 10:51:11.422234,2025-05-17 10:51:11.422234,2025-05-17 11:18:52.732120,0.0
2025-05-17,2025-05-17 11:00:35.020591,2025-05-17 11:03:27.263883,2025-05-17 11:31:24.244341,2.870721533333333
2025-05-17,2025-05-17 11:01:15.694085,2025-05-17 11:18:52.732120,2025-05-17 11:45:41.593700,17.617300583333336
2025-05-17,2025-05-17 11:02:05.282628,2025-05-17 11:31:24.244341,2025-05-17 11:59:22.170718,29.31602855
2025-05-17,2025-05-17 11:07:33.412531,2025-05-17 11:45:41.593700,2025-05-17 12:14:05.128983,38.136352816666665
2025-05-17,2025-05-17 11:38:57.442281,2025-05-17 12:14:05.128983,2025-05-17 12:44:00.200462,35.1281117
2025-05-17,2025-05-17 11:45:25.154021,2025-05-17 11:59:22.170718,2025-05-17 12:26:31.199493,13.950278283333335
2025-05-17,2025-05-17 13:04:16.359520,2025-05-17 13:04:16.359520,2025-05-17 13:34:20.042855,0.0
2025-05-17,2025-05-17 11:46:44.379796,2025-05-17 12:26:31.199493,2025-05-17 12:54:31.639436,39.78032828333333
2025-05-17,2025-05-17 13:09:55.916875,2025-05-17 13:09:55.916875,2025-05-17 13:36:30.064911,0.0
2025-05-17,2025-05-17 11:51:47.157861,2025-05-17 13:34:20.042855,2025-05-17 14:04:17.816041,102.54808323333333
2025-05-17,2025-05-17 11:57:21.469613,2025-05-17 13:36:30.064911,2025-05-17 14:05:57.108274,99.14325496666667
2025-05-17,2025-05-17 13:10:05.047449,2025-05-17 14:04:17.816041,2025-05-17 14:29:12.081306,54.21280986666667
2025-05-17,2025-05-17 13:15:53.528934,2025-05-17 14:05:57.108274,2025-05-17 14:34:20.883959,50.059655666666664
2025-05-17,2025-05-17 15:03:58.008824,2025-05-17 15:03:58.008824,2025-05-17 15:29:59.573950,0.0
2025-05-17,2025-05-17 13:21:21.104931,2025-05-17 15:29:59.573950,2025-05-17 15:55:40.105325,128.64115031666668
2025-05-17,2025-05-17 13:23:42.495754,2025-05-17 14:34:20.883959,2025-05-17 15:01:53.825144,70.63980341666667
2025-05-17,2025-05-17 16:09:51.692881,2025-05-17 16:09:51.692881,2025-05-17 16:38:03.959347,0.0
2025-05-17,2025-05-17 13:31:46.726485,2025-05-17 15:01:53.825144,2025-05-17 15:29:17.017200,90.11831098333333
2025-05-17,2025-05-17 13:36:55.812555,2025-05-17 15:29:17.017200,2025-05-17 15:56:12.341517,112.35341075
2025-05-17,2025-05-17 13:37:12.474464,2025-05-17 15:56:12.341517,2025-05-17 16:23:34.920772,138.99778421666667
2025-05-19,2025-05-19 09:36:02.332006,2025-05-19 09:36:02.332006,2025-05-19 10:02:09.681893,0.0
2025-05-19,2025-05-19 09:36:43.155331,2025-05-19 09:36:43.155331,2025-05-19 10:05:12.637197,0.0
2025-05-19,2025-05-19 10:20:59.003456,2025-05-19 10:20:59.003456,2025-05-19 10:49:16.789553,0.0
2025-05-19,2025-05-19 10:37:09.768791,2025-05-19 10:37:09.768791,2025-05-19 11:03:32.526214,0.0
2025-05-19,2025-05-19 11:10:35.959574,2025-05-19 11:10:35.959574,2025-05-19 11:40:12.125400,0.0
2025-05-19,2025-05-19 11:10:37.902217,2025-05-19 11:10:37.902217,2025-05-19 11:38:33.194898,0.0
2025-05-19,2025-05-19 11:32:26.924707,2025-05-19 11:40:12.125400,2025-05-19 12:11:58.393400,7.753344883333333
2025-05-19,2025-05-19 11:34:26.268078,2025-05-19 11:38:33.194898,2025-05-19 12:05:00.511426,4.115447
2025-05-19,2025-05-19 11:47:30.540455,2025-05-19 12:11:58.393400,2025-05-19 12:41:56.962399,24.46421575
2025-05-19,2025-05-19 11:52:17.421591,2025-05-19 12:05:00.511426,2025-05-19 12:32:14.229325,12.718163916666667
2025-05-19,2025-05-19 13:01:02.611032,2025-05-19 13:01:02.611032,2025-05-19 13:28:35.414454,0.0
2025-05-19,2025-05-19 11:59:25.311777,2025-05-19 12:32:14.229325,2025-05-19 13:00:26.240366,32.81529246666666
2025-05-19,2025-05-19 13:04:12.807321,2025-05-19 13:04:12.807321,2025-05-19 13:31:50.454669,0.0
2025-05-19,2025-05-19 11:59:56.314942,2025-05-19 13:28:35.414454,2025-05-19 13:57:24.378648,88.65165853333333
2025-05-19,2025-05-19 13:13:52.124476,2025-05-19 13:31:50.454669,2025-05-19 13:58:55.171187,17.972169883333333
2025-05-19,2025-05-19 15:03:16.145797,2025-05-19 15:03:16.145797,2025-05-19 15:32:24.720587,0.0
2025-05-19,2025-05-19 13:17:48.256373,2025-05-19 13:58:55.171187,2025-05-19 14:25:34.967929,41.1152469
2025-05-19,2025-05-19 15:09:16.390263,2025-05-19 15:09:16.390263,2025-05-19 15:39:11.290047,0.0
2025-05-19,2025-05-19 13:21:02.785879,2025-05-19 15:32:24.720587,2025-05-19 16:01:32.056265,131.36557846666668
2025-05-19,2025-05-19 13:23:08.856542,2025-05-19 15:39:11.290047,2025-05-19 16:08:41.741141,136.04055841666667
2025-05-19,2025-05-19 15:11:49.095006,2025-05-19 16:01:32.056265,2025-05-19 16:29:13.238487,49.71602098333334
2025-05-19,2025-05-19 15:22:15.291510,2025-05-19 16:08:41.741141,2025-05-19 16:38:15.907896,46.44082718333333
2025-05-19,2025-05-19 15:44:53.457425,2025-05-19 16:29:13.238487,2025-05-19 16:57:53.134883,44.32968436666667
2025-05-19,2025-05-19 16:12:28.753913,2025-05-19 16:38:15.907896,2025-05-19 17:06:14.635265,25.785899716666666
2025-05-20,2025-05-20 09:43:50.380667,2025-05-20 09:43:50.380667,2025-05-20 10:13:13.691432,0.0
2025-05-20,2025-05-20 11:04:37.351888,2025-05-20 11:04:37.351888,2025-05-20 11:32:27.853847,0.0
2025-05-20,2025-05-20 11:16:00.873316,2025-05-20 11:16:00.873316,2025-05-20 11:43:20.627398,0.0
2025-05-20,2025-05-20 11:18:58.273966,2025-05-20 11:32:27.853847,2025-05-20 12:00:22.548260,13.492998016666666
2025-05-20,2025-05-20 11:26:08.839425,2025-05-20 11:43:20.627398,2025-05-20 12:12:47.611800,17.196466216666668
2025-05-20,2025-05-20 11:31:50.123757,2025-05-20 12:00:22.548260,2025-05-20 12:30:11.864432,28.540408383333332
2025-05-20,2025-05-20 11:43:15.399624,2025-05-20 12:12:47.611800,2025-05-20 12:41:33.893056,29.5368696
2025-05-20,2025-05-20 13:12:59.114266,2025-05-20 13:12:59.114266,2025-05-20 13:39:23.421946,0.0
2025-05-20,2025-05-20 11:48:33.554492,2025-05-20 12:41:33.893056,2025-05-20 13:13:17.332645,53.00564273333334
2025-05-20,2025-05-20 13:21:35.606701,2025-05-20 13:21:35.606701,2025-05-20 13:50:19.291503,0.0
2025-05-20,2025-05-20 11:57:52.039037,2025-05-20 13:39:23.421946,2025-05-20 14:05:24.447693,101.52304848333333
2025-05-20,2025-05-20 13:23:35.295258,2025-05-20 13:50:19.291503,2025-05-20 14:20:37.690047,26.73327075
2025-05-20,2025-05-20 13:34:06.477481,2025-05-20 14:05:24.447693,2025-05-20 14:32:10.935012,31.299503533333333
2025-05-20,2025-05-20 13:36:27.004428,2025-05-20 14:32:10.935012,2025-05-20 15:04:03.660810,55.7321764
2025-05-20,2025-05-20 13:36:44.768076,2025-05-20 14:20:37.690047,2025-05-20 14:46:17.153268,43.88203285
2025-05-20,2025-05-20 13:36:54.524365,2025-05-20 14:46:17.153268,2025-05-20 15:14:37.427173,69.37714838333333
2025-05-20,2025-05-20 13:40:04.562488,2025-05-20 15:04:03.660810,2025-05-20 15:31:10.130375,83.98497203333334
2025-05-20,2025-05-20 13:40:07.474696,2025-05-20 15:31:10.130375,2025-05-20 15:56:58.398984,111.04426131666668
2025-05-20,2025-05-20 13:40:53.761637,2025-05-20 15:14:37.427173,2025-05-20 15:43:26.175636,93.72775893333333
2025-05-20,2025-05-20 16:26:54.490175,2025-05-20 16:26:54.490175,2025-05-20 16:55:03.395574,0.0
2025-05-20,2025-05-20 13:42:14.659373,2025-05-20 15:43:26.175636,2025-05-20 16:08:21.238024,121.19193771666667
2025-05-20,2025-05-20 13:49:56.222702,2025-05-20 16:08:21.238024,2025-05-20 16:35:10.282578,138.41692203333332
2025-05-20,2025-05-20 13:56:38.972053,2025-05-20 16:35:10.282578,2025-05-20 17:03:01.029381,158.52184208333335
2025-05-20,2025-05-20 14:13:37.169420,2025-05-20 16:55:03.395574,2025-05-20 17:20:08.538938,161.43710256666665
2025-05-20,2025-05-20 14:38:55.985331,2025-05-20 17:03:01.029381,2025-05-20 17:29:17.870057,144.0840675
2025-05-20,2025-05-20 14:57:13.977971,2025-05-20 17:20:08.538938,2025-05-20 17:49:41.773984,142.90934944999998
2025-05-20,2025-05-20 15:01:29.320829,2025-05-20 17:29:17.870057,2025-05-20 17:56:04.761596,147.8091538
2025-05-20,2025-05-20 15:12:27.968336,2025-05-20 17:49:41.773984,2025-05-20 18:18:26.390224,157.23009413333332
2025-05-21,2025-05-21 09:13:04.467925,2025-05-21 09:13:04.467925,2025-05-21 09:41:25.484125,0.0
2025-05-21,2025-05-21 09:52:55.043415,2025-05-21 09:52:55.043415,2025-05-21 10:22:46.863256,0.0
2025-05-21,2025-05-21 09:57:45.218187,2025-05-21 09:57:45.218187,2025-05-21 10:22:51.600743,0.0
2025-05-21,2025-05-21 10:06:41.388025,2025-05-21 10:22:46.863256,2025-05-21 10:52:41.827448,16.09125385
2025-05-21,2025-05-21 10:26:09.834702,2025-05-21 10:26:09.834702,2025-05-21 10:54:32.383890,0.0
2025-05-21,2025-05-21 10:44:02.734289,2025-05-21 10:52:41.827448,2025-05-21 11:17:26.887691,8.651552650000001
2025-05-21,2025-05-21 11:02:17.740674,2025-05-21 11:02:17.740674,2025-05-21 11:27:04.386640,0.0
2025-05-21,2025-05-21 11:23:12.749104,2025-05-21 11:23:12.749104,2025-05-21 11:50:13.288601,0.0
2025-05-21,2025-05-21 11:29:53.359961,2025-05-21 11:29:53.359961,2025-05-21 11:54:49.681083,0.0
2025-05-21,2025-05-21 13:18:05.610188,2025-05-21 13:18:05.610188,2025-05-21 13:45:25.994434,0.0
2025-05-21,2025-05-21 13:26:14.363757,2025-05-21 13:26:14.363757,2025-05-21 13:55:55.383606,0.0
2025-05-21,2025-05-21 13:35:17.797028,2025-05-21 13:45:25.994434,2025-05-21 14:13:36.418541,10.136623433333334
2025-05-21,2025-05-21 13:40:19.193730,2025-05-21 13:55:55.383606,2025-05-21 14:24:10.878799,15.603164600000001
2025-05-21,2025-05-21 13:44:47.803248,2025-05-21 14:13:36.418541,2025-05-21 14:38:41.916722,28.810254883333336
2025-05-21,2025-05-21 13:47:42.101241,2025-05-21 14:38:41.916722,2025-05-21 15:06:51.771799,50.99692468333333
2025-05-21,2025-05-21 14:07:30.115116,2025-05-21 14:24:10.878799,2025-05-21 14:50:40.560736,16.679394716666668
2025-05-21,2025-05-21 15:57:05.956457,2025-05-21 15:57:05.956457,2025-05-21 16:26:39.412363,0.0
2025-05-21,2025-05-21 14:15:29.928676,2025-05-21 16:26:39.412363,2025-05-21 16:53:16.283347,131.15806145
2025-05-21,2025-05-21 16:37:08.963134,2025-05-21 16:37:08.963134,2025-05-21 17:04:16.450694,0.0
2025-05-21,2025-05-21 16:40:10.405556,2025-05-21 16:53:16.283347,2025-05-21 17:23:48.875343,13.097963183333333
2025-05-21,2025-05-21 16:43:42.837086,2025-05-21 17:04:16.450694,2025-05-21 17:28:27.562830,20.560226800000002
2025-05-21,2025-05-21 16:53:45.737092,2025-05-21 17:23:48.875343,2025-05-21 17:55:17.646522,30.052304183333334
2025-05-22,2025-05-22 09:13:44.374134,2025-05-22 09:13:44.374134,2025-05-22 09:40:34.054875,0.0
2025-05-22,2025-05-22 09:30:24.236107,2025-05-22 09:30:24.236107,2025-05-22 09:56:54.807435,0.0
2025-05-22,2025-05-22 09:32:58.421901,2025-05-22 09:40:34.054875,2025-05-22 10:06:41.482024,7.5938829
2025-05-22,2025-05-22 10:03:46.348615,2025-05-22 10:03:46.348615,2025-05-22 10:30:51.134539,0.0
2025-05-22,2025-05-22 10:33:18.470480,2025-05-22 10:33:18.470480,2025-05-22 10:59:07.254349,0.0
2025-05-22,2025-05-22 11:05:52.262026,2025-05-22 11:05:52.262026,2025-05-22 11:33:31.810938,0.0
2025-05-22,2025-05-22 11:16:53.135101,2025-05-22 11:16:53.135101,2025-05-22 11:47:51.311485,0.0
2025-05-22,2025-05-22 11:22:03.359838,2025-05-22 11:33:31.810938,2025-05-22 11:59:06.622009,11.474185
2025-05-22,2025-05-22 13:19:57.094963,2025-05-22 13:19:57.094963,2025-05-22 13:45:45.979673,0.0
2025-05-22,2025-05-22 13:22:01.164001,2025-05-22 13:22:01.164001,2025-05-22 13:50:04.754844,0.0
2025-05-22,2025-05-22 13:41:36.065089,2025-05-22 13:45:45.979673,2025-05-22 14:13:10.125994,4.165243066666666
2025-05-22,2025-05-22 13:42:09.232799,2025-05-22 13:50:04.754844,2025-05-22 14:17:27.888402,7.925367416666666
2025-05-22,2025-05-22 14:04:00.220252,2025-05-22 14:13:10.125994,2025-05-22 14:39:27.057594,9.1650957
2025-05-22,2025-05-22 14:50:51.410444,2025-05-22 14:50:51.410444,2025-05-22 15:20:37.188780,0.0
2025-05-22,2025-05-22 15:08:26.676602,2025-05-22 15:08:26.676602,2025-05-22 15:35:25.869804,0.0
2025-05-22,2025-05-22 15:23:42.653003,2025-05-22 15:23:42.653003,2025-05-22 15:50:17.298408,0.0
2025-05-22,2025-05-22 16:09:02.619973,2025-05-22 16:09:02.619973,2025-05-22 16:34:51.034675,0.0
2025-05-22,2025-05-22 16:30:12.587109,2025-05-22 16:30:12.587109,2025-05-22 16:59:58.084737,0.0
2025-05-22,2025-05-22 16:51:58.988474,2025-05-22 16:51:58.988474,2025-05-22 17:19:59.606283,0.0
2025-05-23,2025-05-23 09:15:49.694409,2025-05-23 09:15:49.694409,2025-05-23 09:42:03.708865,0.0
2025-05-23,2025-05-23 09:49:09.106060,2025-05-23 09:49:09.106060,2025-05-23 10:18:18.564203,0.0
2025-05-23,2025-05-23 09:53:34.414112,2025-05-23 09:53:34.414112,2025-05-23 10:22:12.370017,0.0
2025-05-23,2025-05-23 10:07:01.080430,2025-05-23 10:18:18.564203,2025-05-23 10:48:51.595117,11.291396216666667
2025-05-23,2025-05-23 11:02:07.289751,2025-05-23 11:02:07.289751,2025-05-23 11:31:06.070685,0.0
2025-05-23,2025-05-23 11:04:40.143751,2025-05-23 11:04:40.143751,2025-05-23 11:31:07.983942,0.0
2025-05-23,2025-05-23 11:07:17.599508,2025-05-23 11:31:06.070685,2025-05-23 11:57:37.410382,23.807852949999997
2025-05-23,2025-05-23 11:13:12.077131,2025-05-23 11:31:07.983942,2025-05-23 11:59:03.131219,17.931780183333334
2025-05-23,2025-05-23 11:14:07.093113,2025-05-23 11:57:37.410382,2025-05-23 12:23:50.511531,43.505287816666666
2025-05-23,2025-05-23 11:19:38.054864,2025-05-23 11:59:03.131219,2025-05-23 12:28:06.885485,39.41793925
2025-05-23,2025-05-23 13:18:10.353972,2025-05-23 13:18:10.353972,2025-05-23 13:44:23.572423,0.0
2025-05-23,2025-05-23 11:23:24.252233,2025-05-23 12:28:06.885485,2025-05-23 12:53:41.212306,64.7105542
2025-05-23,2025-05-23 13:39:26.822036,2025-05-23 13:39:26.822036,2025-05-23 14:07:53.106003,0.0
2025-05-23,2025-05-23 11:25:58.760249,2025-05-23 13:44:23.572423,2025-05-23 14:10:11.896046,138.41353623333333
2025-05-23,2025-05-23 11:35:23.136910,2025-05-23 14:10:11.896046,2025-05-23 14:40:20.373792,154.81265226666667
2025-05-23,2025-05-23 11:42:57.343781,2025-05-23 14:07:53.106003,2025-05-23 14:33:11.138763,144.92937036666666
2025-05-23,2025-05-23 11:55:38.261405,2025-05-23 14:33:11.138763,2025-05-23 14:58:59.482558,157.54795596666665
2025-05-23,2025-05-23 11:55:51.791936,2025-05-23 14:40:20.373792,2025-05-23 15:05:36.140387,164.47636426666668
2025-05-23,2025-05-23 11:56:54.232201,2025-05-23 14:58:59.482558,2025-05-23 15:23:40.785171,182.08750595
2025-05-23,2025-05-23 15:11:55.056428,2025-05-23 15:11:55.056428,2025-05-23 15:40:09.249934,0.0
2025-05-23,2025-05-23 13:45:28.006447,2025-05-23 15:23:40.785171,2025-05-23 15:50:32.943378,98.21297873333333
2025-05-23,2025-05-23 13:53:06.866347,2025-05-23 15:40:09.249934,2025-05-23 16:08:53.811552,107.03972645
2025-05-23,2025-05-23 13:57:39.711622,2025-05-23 15:50:32.943378,2025-05-23 16:21:19.160496,112.88719593333333
2025-05-23,2025-05-23 14:14:04.905862,2025-05-23 16:08:53.811552,2025-05-23 16:37:06.751822,114.81509483333333
2025-05-23,2025-05-23 14:35:54.663527,2025-05-23 16:21:19.160496,2025-05-23 16:49:04.831734,105.40828281666667
2025-05-23,2025-05-23 15:27:06.618052,2025-05-23 16:37:06.751822,2025-05-23 17:03:57.413189,70.00222950000001
2025-05-23,2025-05-23 15:47:16.274040,2025-05-23 16:49:04.831734,2025-05-23 17:17:38.165372,61.809294900000005
2025-05-24,2025-05-24 09:19:45.174365,2025-05-24 09:19:45.174365,2025-05-24 09:47:58.109838,0.0
2025-05-24,2025-05-24 09:31:51.206232,2025-05-24 09:31:51.206232,2025-05-24 10:02:35.138942,0.0
2025-05-24,2025-05-24 10:15:23.397874,2025-05-24 10:15:23.397874,2025-05-24 10:41:32.877308,0.0
2025-05-24,2025-05-24 10:41:41.688541,2025-05-24 10:41:41.688541,2025-05-24 11:10:24.353221,0.0
2025-05-24,2025-05-24 10:43:49.082179,2025-05-24 10:43:49.082179,2025-05-24 11:09:01.921566,0.0
2025-05-24,2025-05-24 11:14:38.704877,2025-05-24 11:14:38.704877,2025-05-24 11:44:11.933130,0.0
2025-05-24,2025-05-24 11:24:34.791605,2025-05-24 11:24:34.791605,2025-05-24 11:55:03.845797,0.0
2025-05-24,2025-05-24 11:25:27.965784,2025-05-24 11:44:11.933130,2025-05-24 12:10:12.920291,18.732789099999998
2025-05-24,2025-05-24 11:30:00.463517,2025-05-24 11:55:03.845797,2025-05-24 12:22:28.118808,25.056371333333335
2025-05-24,2025-05-24 13:00:50.431166,2025-05-24 13:00:50.431166,2025-05-24 13:31:02.230093,0.0
2025-05-24,2025-05-24 11:31:54.379372,2025-05-24 12:22:28.118808,2025-05-24 12:51:21.926798,50.56232393333333
2025-05-24,2025-05-24 13:01:24.694928,2025-05-24 13:01:24.694928,2025-05-24 13:27:39.208861,0.0
2025-05-24,2025-05-24 11:32:28.339602,2025-05-24 13:31:02.230093,2025-05-24 13:59:02.341044,118.56484151666668
2025-05-24,2025-05-24 11:36:14.471931,2025-05-24 13:27:39.208861,2025-05-24 13:52:42.494551,111.41228216666667
2025-05-24,2025-05-24 13:13:16.688239,2025-05-24 13:59:02.341044,2025-05-24 14:28:57.904013,45.76088008333333
2025-05-24,2025-05-24 13:19:27.361331,2025-05-24 13:52:42.494551,2025-05-24 14:23:00.302577,33.252220333333334
2025-05-24,2025-05-24 13:46:23.248758,2025-05-24 14:28:57.904013,2025-05-24 14:54:26.782229,42.57758758333333
2025-05-24,2025-05-24 14:04:18.729581,2025-05-24 14:23:00.302577,2025-05-24 14:48:42.703814,18.69288326666667
2025-05-24,2025-05-24 15:49:10.449036,2025-05-24 15:49:10.449036,2025-05-24 16:15:24.797583,0.0
2025-05-24,2025-05-24 15:56:19.295974,2025-05-24 15:56:19.295974,2025-05-24 16:27:01.010153,0.0
2025-05-24,2025-05-24 16:48:12.445846,2025-05-24 16:48:12.445846,2025-05-24 17:12:48.892571,0.0
2025-05-26,2025-05-26 09:01:21.661734,2025-05-26 09:01:21.661734,2025-05-26 09:29:28.489529,0.0
2025-05-26,2025-05-26 09:05:18.938406,2025-05-26 09:05:18.938406,2025-05-26 09:32:59.089723,0.0
2025-05-26,2025-05-26 09:14:06.764594,2025-05-26 09:29:28.489529,2025-05-26 09:57:01.938568,15.362082249999998
2025-05-26,2025-05-26 11:09:08.473601,2025-05-26 11:09:08.473601,2025-05-26 11:35:02.042358,0.0
2025-05-26,2025-05-26 11:10:25.139230,2025-05-26 11:10:25.139230,2025-05-26 11:39:22.426241,0.0
2025-05-26,2025-05-26 11:14:02.100062,2025-05-26 11:35:02.042358,2025-05-26 12:04:02.775547,20.999038266666666
2025-05-26,2025-05-26 11:19:16.497393,2025-05-26 11:39:22.426241,2025-05-26 12:05:22.221999,20.098814133333335
2025-05-26,2025-05-26 11:19:46.841379,2025-05-26 12:04:02.775547,2025-05-26 12:31:09.671072,44.26556946666667
2025-05-26,2025-05-26 11:28:15.549693,2025-05-26 12:05:22.221999,2025-05-26 12:30:48.799829,37.1112051
2025-05-26,2025-05-26 13:23:46.293647,2025-05-26 13:23:46.293647,2025-05-26 13:51:52.969491,0.0
2025-05-26,2025-05-26 11:47:59.349896,2025-05-26 12:30:48.799829,2025-05-26 13:02:06.138150,42.82416555
2025-05-26,2025-05-26 13:26:21.841670,2025-05-26 13:26:21.841670,2025-05-26 13:54:56.004076,0.0
2025-05-26,2025-05-26 13:31:25.429414,2025-05-26 13:51:52.969491,2025-05-26 14:21:12.720450,20.459001283333336
2025-05-26,2025-05-26 14:15:12.578528,2025-05-26 14:15:12.578528,2025-05-26 14:42:58.786978,0.0
2025-05-26,2025-05-26 15:02:52.274923,2025-05-26 15:02:52.274923,2025-05-26 15:30:59.332478,0.0
2025-05-26,2025-05-26 15:10:29.446765,2025-05-26 15:10:29.446765,2025-05-26 15:36:51.101740,0.0
2025-05-26,2025-05-26 15:20:02.826510,2025-05-26 15:30:59.332478,2025-05-26 15:58:05.298830,10.941766133333335
2025-05-26,2025-05-26 15:33:32.162873,2025-05-26 15:36:51.101740,2025-05-26 16:04:17.464638,3.315647783333333
2025-05-26,2025-05-26 15:35:25.136143,2025-05-26 15:58:05.298830,2025-05-26 16:25:59.074743,22.669378116666667
2025-05-26,2025-05-26 15:37:56.110946,2025-05-26 16:04:17.464638,2025-05-26 16:31:11.417362,26.355894866666667
2025-05-26,2025-05-26 15:44:34.079240,2025-05-26 16:25:59.074743,2025-05-26 16:52:38.299026,41.416591716666666
2025-05-26,2025-05-26 15:53:46.235140,2025-05-26 16:31:11.417362,2025-05-26 17:01:33.864584,37.4197037
2025-05-26,2025-05-26 16:14:24.664495,2025-05-26 16:52:38.299026,2025-05-26 17:21:31.496303,38.22724218333334
2025-05-26,2025-05-26 16:26:25.219326,2025-05-26 17:01:33.864584,2025-05-26 17:27:32.717368,35.144087633333335
2025-05-26,2025-05-26 16:27:46.101898,2025-05-26 17:21:31.496303,2025-05-26 17:51:20.017219,53.75657341666667
2025-05-26,2025-05-26 16:46:20.023547,2025-05-26 17:27:32.717368,2025-05-26 17:54:05.331717,41.21156368333333
2025-05-27,2025-05-27 09:11:32.782971,2025-05-27 09:11:32.782971,2025-05-27 09:38:09.346283,0.0
2025-05-27,2025-05-27 09:15:08.989023,2025-05-27 09:15:08.989023,2025-05-27 09:44:39.349834,0.0
2025-05-27,2025-05-27 09:28:43.299893,2025-05-27 09:38:09.346283,2025-05-27 10:08:07.092441,9.4341065
2025-05-27,2025-05-27 09:41:44.105999,2025-05-27 09:44:39.349834,2025-05-27 10:16:34.675085,2.920730583333333
2025-05-27,2025-05-27 09:47:42.268115,2025-05-27 10:08:07.092441,2025-05-27 10:32:11.460822,20.413738766666665
2025-05-27,2025-05-27 09:48:08.365550,2025-05-27 10:16:34.675085,2025-05-27 10:45:20.507028,28.438492250000003
2025-05-27,2025-05-27 10:33:09.484567,2025-05-27 10:33:09.484567,2025-05-27 11:01:15.718016,0.0
2025-05-27,2025-05-27 11:03:13.767695,2025-05-27 11:03:13.767695,2025-05-27 11:32:30.955203,0.0
2025-05-27,2025-05-27 11:14:08.598951,2025-05-27 11:14:08.598951,2025-05-27 11:43:00.116988,0.0
2025-05-27,2025-05-27 11:20:41.004473,2025-05-27 11:32:30.955203,2025-05-27 12:02:03.699454,11.832512166666667
2025-05-27,2025-05-27 11:21:17.450860,2025-05-27 12:02:03.699454,2025-05-27 12:28:51.400953,40.7708099
2025-05-27,2025-05-27 11:38:24.045884,2025-05-27 11:43:00.116988,2025-05-27 12:12:25.209237,4.601185066666667
2025-05-27,2025-05-27 13:05:51.227195,2025-05-27 13:05:51.227195,2025-05-27 13:34:32.083706,0.0
2025-05-27,2025-05-27 11:41:23.955761,2025-05-27 12:12:25.209237,2025-05-27 12:40:46.869654,31.02089126666667
2025-05-27,2025-05-27 13:15:58.010474,2025-05-27 13:15:58.010474,2025-05-27 13:44:56.704694,0.0
2025-05-27,2025-05-27 13:22:40.684302,2025-05-27 13:34:32.083706,2025-05-27 14:03:05.494388,11.856656733333333
2025-05-27,2025-05-27 13:32:36.825839,2025-05-27 13:44:56.704694,2025-05-27 14:09:17.113700,12.33131425
2025-05-27,2025-05-27 13:39:39.207061,2025-05-27 14:03:05.494388,2025-05-27 14:27:51.563563,23.438122116666666
2025-05-27,2025-05-27 13:49:04.018149,2025-05-27 14:09:17.113700,2025-05-27 14:39:41.784105,20.21825918333333
2025-05-27,2025-05-27 13:52:17.712884,2025-05-27 14:27:51.563563,2025-05-27 14:54:27.803634,35.56417798333334
2025-05-27,2025-05-27 13:54:56.529961,2025-05-27 14:39:41.784105,2025-05-27 15:07:06.326884,44.75423573333333
2025-05-27,2025-05-27 13:59:29.220598,2025-05-27 14:54:27.803634,2025-05-27 15:24:03.305127,54.97638393333333
2025-05-27,2025-05-27 14:07:10.697923,2025-05-27 15:24:03.305127,2025-05-27 15:52:53.841240,76.87678673333333
2025-05-27,2025-05-27 14:07:54.358995,2025-05-27 15:07:06.326884,2025-05-27 15:32:37.266406,59.19946481666667
2025-05-27,2025-05-27 16:21:04.046737,2025-05-27 16:21:04.046737,2025-05-27 16:47:45.024923,0.0
2025-05-27,2025-05-27 14:10:14.496526,2025-05-27 15:32:37.266406,2025-05-27 15:59:27.946112,82.379498
2025-05-27,2025-05-27 16:29:15.623771,2025-05-27 16:29:15.623771,2025-05-27 16:58:00.270785,0.0
2025-05-27,2025-05-27 14:25:36.573395,2025-05-27 16:47:45.024923,2025-05-27 17:15:53.336002,142.1408588
2025-05-27,2025-05-27 14:26:20.396811,2025-05-27 16:58:00.270785,2025-05-27 17:25:33.083648,151.66456623333335
2025-05-27,2025-05-27 14:39:11.247160,2025-05-27 17:15:53.336002,2025-05-27 17:44:51.994289,156.7014807
2025-05-27,2025-05-27 14:40:09.426937,2025-05-27 17:25:33.083648,2025-05-27 17:54:53.731906,165.39427851666667
2025-05-27,2025-05-27 15:03:27.146366,2025-05-27 17:44:51.994289,2025-05-27 18:09:55.865241,161.41413204999998
2025-05-27,2025-05-27 16:49:21.399801,2025-05-27 17:54:53.731906,2025-05-27 18:23:48.662575,65.53886841666666
2025-05-28,2025-05-28 09:51:20.380461,2025-05-28 09:51:20.380461,2025-05-28 10:21:53.029408,0.0
2025-05-28,2025-05-28 10:21:04.251804,2025-05-28 10:21:04.251804,2025-05-28 10:48:57.773355,0.0
2025-05-28,2025-05-28 10:27:40.925181,2025-05-28 10:27:40.925181,2025-05-28 10:57:23.813104,0.0
2025-05-28,2025-05-28 11:16:55.032266,2025-05-28 11:16:55.032266,2025-05-28 11:44:34.123352,0.0
2025-05-28,2025-05-28 11:17:14.051823,2025-05-28 11:17:14.051823,2025-05-28 11:44:44.933242,0.0
2025-05-28,2025-05-28 11:24:36.361825,2025-05-28 11:44:34.123352,2025-05-28 12:14:00.291447,19.962692116666666
2025-05-28,2025-05-28 11:26:33.500385,2025-05-28 11:44:44.933242,2025-05-28 12:14:02.263230,18.190547616666667
2025-05-28,2025-05-28 11:27:11.391054,2025-05-28 12:14:00.291447,2025-05-28 12:41:09.161203,46.81500655
2025-05-28,2025-05-28 11:39:46.890658,2025-05-28 12:14:02.263230,2025-05-28 12:39:44.083618,34.25620953333334
2025-05-28,2025-05-28 13:02:47.138829,2025-05-28 13:02:47.138829,2025-05-28 13:31:24.023221,0.0
2025-05-28,2025-05-28 11:41:45.355535,2025-05-28 13:31:24.023221,2025-05-28 14:01:07.762053,109.64446143333333
2025-05-28,2025-05-28 11:42:59.020603,2025-05-28 12:39:44.083618,2025-05-28 13:08:06.679647,56.751050250000006
2025-05-28,2025-05-28 13:31:46.610019,2025-05-28 13:31:46.610019,2025-05-28 13:59:18.696424,0.0
2025-05-28,2025-05-28 11:45:27.681110,2025-05-28 14:01:07.762053,2025-05-28 14:23:47.727050,135.66801571666667
2025-05-28,2025-05-28 13:40:33.366562,2025-05-28 13:59:18.696424,2025-05-28 14:28:25.803239,18.7554977
2025-05-28,2025-05-28 14:49:44.407493,2025-05-28 14:49:44.407493,2025-05-28 15:17:07.117546,0.0
2025-05-28,2025-05-28 13:46:26.687391,2025-05-28 15:17:07.117546,2025-05-28 15:45:05.148584,90.67383591666666
2025-05-28,2025-05-28 13:50:44.381641,2025-05-28 14:28:25.803239,2025-05-28 14:56:51.261618,37.69035996666666
2025-05-28,2025-05-28 15:25:35.830063,2025-05-28 15:25:35.830063,2025-05-28 15:54:26.097219,0.0
2025-05-28,2025-05-28 13:50:47.005095,2025-05-28 15:45:05.148584,2025-05-28 16:12:43.425223,114.30239148333334
2025-05-28,2025-05-28 13:58:08.013215,2025-05-28 15:54:26.097219,2025-05-28 16:22:45.509099,116.30140006666667
2025-05-28,2025-05-28 16:44:09.851005,2025-05-28 16:44:09.851005,2025-05-28 17:12:02.032863,0.0
2025-05-28,2025-05-28 13:58:44.470521,2025-05-28 16:22:45.509099,2025-05-28 16:48:49.938039,144.01730963333333
2025-05-28,2025-05-28 13:58:56.712042,2025-05-28 16:48:49.938039,2025-05-28 17:12:46.409392,169.88709995
2025-05-28,2025-05-28 15:35:02.674449,2025-05-28 17:12:02.032863,2025-05-28 17:40:21.662057,96.9893069
2025-05-28,2025-05-28 16:46:31.298043,2025-05-28 17:12:46.409392,2025-05-28 17:40:51.533233,26.251855816666666
2025-05-28,2025-05-28 16:53:28.201404,2025-05-28 17:40:21.662057,2025-05-28 18:09:06.691059,46.89101088333334
2025-05-29,2025-05-29 09:17:15.811876,2025-05-29 09:17:15.811876,2025-05-29 09:43:23.832859,0.0
2025-05-29,2025-05-29 09:37:08.729372,2025-05-29 09:37:08.729372,2025-05-29 10:03:22.864604,0.0
2025-05-29,2025-05-29 10:00:33.273424,2025-05-29 10:00:33.273424,2025-05-29 10:28:31.646561,0.0
2025-05-29,2025-05-29 10:19:23.529979,2025-05-29 10:19:23.529979,2025-05-29 10:48:14.617591,0.0
2025-05-29,2025-05-29 11:24:45.807945,2025-05-29 11:24:45.807945,2025-05-29 11:50:50.711157,0.0
2025-05-29,2025-05-29 11:41:51.277867,2025-05-29 11:41:51.277867,2025-05-29 12:09:29.862021,0.0
2025-05-29,2025-05-29 13:11:21.543011,2025-05-29 13:11:21.543011,2025-05-29 13:41:23.526868,0.0
2025-05-29,2025-05-29 13:11:44.388233,2025-05-29 13:11:44.388233,2025-05-29 13:37:12.412664,0.0
2025-05-29,2025-05-29 13:12:24.080419,2025-05-29 13:37:12.412664,2025-05-29 14:08:19.174699,24.805537416666667
2025-05-29,2025-05-29 13:13:43.658168,2025-05-29 13:41:23.526868,2025-05-29 14:08:33.700397,27.66447833333333
2025-05-29,2025-05-29 13:14:28.576784,2025-05-29 14:08:33.700397,2025-05-29 14:35:54.744121,54.085393550000006
2025-05-29,2025-05-29 13:17:37.899704,2025-05-29 14:08:19.174699,2025-05-29 14:35:47.383774,50.68791658333334
2025-05-29,2025-05-29 13:19:49.035709,2025-05-29 14:35:54.744121,2025-05-29 15:05:37.052948,76.0951402
2025-05-29,2025-05-29 13:25:27.793991,2025-05-29 14:35:47.383774,2025-05-29 15:00:35.829330,70.32649638333334
2025-05-29,2025-05-29 15:26:32.443179,2025-05-29 15:26:32.443179,2025-05-29 15:54:13.076139,0.0
2025-05-29,2025-05-29 13:39:08.093051,2025-05-29 15:00:35.829330,2025-05-29 15:28:05.746470,81.46227131666666
2025-05-29,2025-05-29 15:41:49.933506,2025-05-29 15:41:49.933506,2025-05-29 16:07:35.433645,0.0
2025-05-29,2025-05-29 13:41:19.983338,2025-05-29 15:54:13.076139,2025-05-29 16:23:26.999290,132.88488001666667
2025-05-29,2025-05-29 13:48:51.941866,2025-05-29 16:07:35.433645,2025-05-29 16:33:25.515949,138.72486298333334
2025-05-29,2025-05-29 13:59:44.780280,2025-05-29 16:23:26.999290,2025-05-29 16:49:16.330584,143.70365016666668
2025-05-29,2025-05-29 14:26:56.975882,2025-05-29 16:33:25.515949,2025-05-29 17:01:48.906560,126.47566778333334
2025-05-29,2025-05-29 15:55:56.648285,2025-05-29 16:49:16.330584,2025-05-29 17:16:10.083982,53.32803831666667
2025-05-29,2025-05-29 15:56:21.781481,2025-05-29 17:01:48.906560,2025-05-29 17:32:31.450843,65.45208465
2025-05-29,2025-05-29 16:21:50.853293,2025-05-29 17:16:10.083982,2025-05-29 17:43:26.163487,54.320511483333334
2025-05-29,2025-05-29 16:38:49.568296,2025-05-29 17:32:31.450843,2025-05-29 18:00:42.574322,53.69804245
2025-05-29,2025-05-29 16:40:52.762249,2025-05-29 17:43:26.163487,2025-05-29 18:13:26.050207,62.5566873
2025-05-30,2025-05-30 10:53:48.304642,2025-05-30 10:53:48.304642,2025-05-30 11:23:41.950786,0.0
2025-05-30,2025-05-30 11:06:50.322937,2025-05-30 11:06:50.322937,2025-05-30 11:34:58.316085,0.0
2025-05-30,2025-05-30 11:15:35.058354,2025-05-30 11:23:41.950786,2025-05-30 11:51:38.573324,8.114873866666667
2025-05-30,2025-05-30 11:28:21.305867,2025-05-30 11:34:58.316085,2025-05-30 12:01:40.594923,6.616836966666667
2025-05-30,2025-05-30 11:29:14.476063,2025-05-30 11:51:38.573324,2025-05-30 12:16:42.448003,22.401621016666663
2025-05-30,2025-05-30 11:30:40.214800,2025-05-30 12:16:42.448003,2025-05-30 12:42:46.856841,46.037220049999995
2025-05-30,2025-05-30 11:31:36.894325,2025-05-30 12:01:40.594923,2025-05-30 12:31:43.979228,30.06167663333333
2025-05-30,2025-05-30 13:16:30.135572,2025-05-30 13:16:30.135572,2025-05-30 13:41:30.001400,0.0
2025-05-30,2025-05-30 11:45:51.479228,2025-05-30 12:31:43.979228,2025-05-30 12:56:52.969875,45.875
2025-05-30,2025-05-30 13:20:42.080527,2025-05-30 13:20:42.080527,2025-05-30 13:51:12.083766,0.0
2025-05-30,2025-05-30 11:54:58.950320,2025-05-30 13:41:30.001400,2025-05-30 14:11:53.309723,106.51751800000001
2025-05-30,2025-05-30 13:23:52.714500,2025-05-30 13:51:12.083766,2025-05-30 14:18:24.384874,27.3228211
2025-05-30,2025-05-30 13:25:30.693798,2025-05-30 14:11:53.309723,2025-05-30 14:36:28.297921,46.37693208333334
2025-05-30,2025-05-30 13:33:59.059008,2025-05-30 14:18:24.384874,2025-05-30 14:46:32.714647,44.42209776666667
2025-05-30,2025-05-30 14:59:01.146165,2025-05-30 14:59:01.146165,2025-05-30 15:24:15.147798,0.0
2025-05-30,2025-05-30 13:34:04.825040,2025-05-30 15:24:15.147798,2025-05-30 15:54:28.429978,110.17204596666667
2025-05-30,2025-05-30 13:34:18.508899,2025-05-30 14:46:32.714647,2025-05-30 15:13:26.070217,72.23676246666668
2025-05-30,2025-05-30 15:42:35.126062,2025-05-30 15:42:35.126062,2025-05-30 16:08:06.203988,0.0
2025-05-30,2025-05-30 13:44:28.880096,2025-05-30 15:54:28.429978,2025-05-30 16:20:37.429662,129.99249803333333
2025-05-30,2025-05-30 13:57:11.318221,2025-05-30 16:08:06.203988,2025-05-30 16:36:00.575941,130.91476278333332
2025-05-30,2025-05-30 15:52:11.611364,2025-05-30 16:20:37.429662,2025-05-30 16:50:16.539783,28.430304966666665
2025-05-30,2025-05-30 16:09:12.455212,2025-05-30 16:36:00.575941,2025-05-30 17:00:03.491399,26.80201215
2025-05-30,2025-05-30 16:42:21.177803,2025-05-30 16:50:16.539783,2025-05-30 17:17:47.150025,7.922699666666667
2025-05-30,2025-05-30 16:52:58.329986,2025-05-30 17:00:03.491399,2025-05-30 17:27:13.939558,7.086023549999999
2025-05-31,2025-05-31 09:40:10.568348,2025-05-31 09:40:10.568348,2025-05-31 10:11:30.369203,0.0
2025-05-31,2025-05-31 10:16:12.088581,2025-05-31 10:16:12.088581,2025-05-31 10:45:13.707133,0.0
2025-05-31,2025-05-31 10:16:44.733171,2025-05-31 10:16:44.733171,2025-05-31 10:42:48.139370,0.0
2025-05-31,2025-05-31 10:33:51.280810,2025-05-31 10:45:13.707133,2025-05-31 11:13:30.690235,11.373772050000001
2025-05-31,2025-05-31 10:46:18.378089,2025-05-31 10:46:18.378089,2025-05-31 11:15:09.311029,0.0
2025-05-31,2025-05-31 11:04:18.801215,2025-05-31 11:13:30.690235,2025-05-31 11:39:01.002065,9.198150333333333
2025-05-31,2025-05-31 11:06:10.065306,2025-05-31 11:15:09.311029,2025-05-31 11:46:21.631654,8.987428716666667
2025-05-31,2025-05-31 11:28:31.595013,2025-05-31 11:39:01.002065,2025-05-31 12:07:13.111949,10.490117533333335
2025-05-31,2025-05-31 11:39:26.944228,2025-05-31 11:46:21.631654,2025-05-31 12:16:03.950646,6.911457100000001
2025-05-31,2025-05-31 11:43:39.444752,2025-05-31 12:07:13.111949,2025-05-31 12:35:03.641828,23.56111995
2025-05-31,2025-05-31 11:55:28.156105,2025-05-31 12:16:03.950646,2025-05-31 12:43:10.175053,20.596575683333334
2025-05-31,2025-05-31 13:08:14.202724,2025-05-31 13:08:14.202724,2025-05-31 13:35:21.636551,0.0
2025-05-31,2025-05-31 11:56:31.547896,2025-05-31 12:43:10.175053,2025-05-31 13:09:22.063662,46.64378595
2025-05-31,2025-05-31 13:10:06.462255,2025-05-31 13:10:06.462255,2025-05-31 13:38:30.711489,0.0
2025-05-31,2025-05-31 11:59:33.178499,2025-05-31 13:35:21.636551,2025-05-31 14:02:56.130718,95.8076342
2025-05-31,2025-05-31 13:18:39.254307,2025-05-31 13:38:30.711489,2025-05-31 14:06:23.981305,19.8576197
2025-05-31,2025-05-31 13:20:36.780430,2025-05-31 14:02:56.130718,2025-05-31 14:28:54.826959,42.322504800000004
2025-05-31,2025-05-31 13:21:21.010685,2025-05-31 14:06:23.981305,2025-05-31 14:32:57.814725,45.04951033333334
2025-05-31,2025-05-31 15:41:53.644738,2025-05-31 15:41:53.644738,2025-05-31 16:09:49.303479,0.0
2025-05-31,2025-05-31 13:25:37.052340,2025-05-31 16:09:49.303479,2025-05-31 16:35:47.579888,164.20418565
2025-05-31,2025-05-31 13:30:59.021997,2025-05-31 14:32:57.814725,2025-05-31 15:02:43.883443,61.9798788
2025-05-31,2025-05-31 16:32:43.679024,2025-05-31 16:32:43.679024,2025-05-31 16:59:00.576496,0.0
2025-05-31,2025-05-31 13:31:55.453472,2025-05-31 16:35:47.579888,2025-05-31 17:00:13.423153,183.8687736
2025-05-31,2025-05-31 13:37:03.233679,2025-05-31 16:59:00.576496,2025-05-31 17:27:45.413961,201.95571361666669
2025-05-31,2025-05-31 13:44:11.682742,2025-05-31 17:00:13.423153,2025-05-31 17:26:53.792323,196.02900685
2025-05-31,2025-05-31 16:44:57.175316,2025-05-31 17:26:53.792323,2025-05-31 17:57:22.347387,41.94361678333333
2025-06-02,2025-06-02 09:44:56.904269,2025-06-02 09:44:56.904269,2025-06-02 10:13:11.935593,0.0
2025-06-02,2025-06-02 10:18:15.701572,2025-06-02 10:18:15.701572,2025-06-02 10:44:08.505036,0.0
2025-06-02,2025-06-02 10:29:09.045778,2025-06-02 10:29:09.045778,2025-06-02 10:52:07.607875,0.0
2025-06-02,2025-06-02 11:00:17.956768,2025-06-02 11:00:17.956768,2025-06-02 11:29:07.118026,0.0
2025-06-02,2025-06-02 11:01:18.670705,2025-06-02 11:01:18.670705,2025-06-02 11:31:52.211345,0.0
2025-06-02,2025-06-02 11:15:21.099152,2025-06-02 11:29:07.118026,2025-06-02 11:55:53.700835,13.766981233333333
2025-06-02,2025-06-02 11:16:01.750550,2025-06-02 11:31:52.211345,2025-06-02 12:01:45.521793,15.84101325
2025-06-02,2025-06-02 11:29:16.173541,2025-06-02 11:55:53.700835,2025-06-02 12:23:26.653846,26.6254549
2025-06-02,2025-06-02 11:39:31.958782,2025-06-02 12:23:26.653846,2025-06-02 12:50:11.505976,43.9115844
2025-06-02,2025-06-02 11:58:19.547117,2025-06-02 12:01:45.521793,2025-06-02 12:30:11.553579,3.4329112666666664
2025-06-02,2025-06-02 13:00:40.185103,2025-06-02 13:00:40.185103,2025-06-02 13:29:50.169188,0.0
2025-06-02,2025-06-02 13:05:28.807047,2025-06-02 13:05:28.807047,2025-06-02 13:33:10.260244,0.0
2025-06-02,2025-06-02 13:54:55.853101,2025-06-02 13:54:55.853101,2025-06-02 14:21:48.484253,0.0
2025-06-02,2025-06-02 13:59:21.238060,2025-06-02 13:59:21.238060,2025-06-02 14:27:48.313887,0.0
2025-06-02,2025-06-02 14:02:55.515003,2025-06-02 14:21:48.484253,2025-06-02 14:48:53.109174,18.882820833333334
2025-06-02,2025-06-02 14:25:03.883508,2025-06-02 14:48:53.109174,2025-06-02 15:19:06.536599,23.82042776666667
2025-06-02,2025-06-02 16:56:47.337816,2025-06-02 16:56:47.337816,2025-06-02 17:26:17.413710,0.0
2025-06-03,2025-06-03 09:12:32.263928,2025-06-03 09:12:32.263928,2025-06-03 09:40:01.553134,0.0
2025-06-03,2025-06-03 09:27:00.652829,2025-06-03 09:27:00.652829,2025-06-03 09:55:11.296844,0.0
2025-06-03,2025-06-03 11:05:00.108634,2025-06-03 11:05:00.108634,2025-06-03 11:30:31.299364,0.0
2025-06-03,2025-06-03 11:09:09.995531,2025-06-03 11:09:09.995531,2025-06-03 11:36:07.579041,0.0
2025-06-03,2025-06-03 11:13:36.971529,2025-06-03 11:30:31.299364,2025-06-03 11:56:39.241032,16.90546391666667
2025-06-03,2025-06-03 11:16:56.614917,2025-06-03 11:36:07.579041,2025-06-03 12:03:29.454330,19.182735400000002
2025-06-03,2025-06-03 11:19:55.028529,2025-06-03 11:56:39.241032,2025-06-03 12:22:21.256556,36.73687505
2025-06-03,2025-06-03 11:23:23.903654,2025-06-03 12:22:21.256556,2025-06-03 12:51:19.983478,58.9558817
2025-06-03,2025-06-03 11:24:52.413657,2025-06-03 12:03:29.454330,2025-06-03 12:28:46.706468,38.61734455
2025-06-03,2025-06-03 13:44:51.138441,2025-06-03 13:44:51.138441,2025-06-03 14:15:27.600972,0.0
2025-06-03,2025-06-03 11:42:58.900842,2025-06-03 12:28:46.706468,2025-06-03 12:53:59.241466,45.79676043333333
2025-06-03,2025-06-03 13:45:56.173135,2025-06-03 13:45:56.173135,2025-06-03 14:09:46.694297,0.0
2025-06-03,2025-06-03 11:56:48.459445,2025-06-03 14:09:46.694297,2025-06-03 14:36:18.680167,132.97058086666667
2025-06-03,2025-06-03 11:59:11.894538,2025-06-03 14:15:27.600972,2025-06-03 14:41:18.881384,136.2617739
2025-06-03,2025-06-03 13:58:19.426388,2025-06-03 14:41:18.881384,2025-06-03 15:11:24.759473,42.9909166
2025-06-03,2025-06-03 13:59:24.029690,2025-06-03 14:36:18.680167,2025-06-03 15:04:12.286699,36.91084128333333
2025-06-03,2025-06-03 15:14:26.667417,2025-06-03 15:14:26.667417,2025-06-03 15:38:13.351624,0.0
2025-06-03,2025-06-03 14:15:21.067362,2025-06-03 15:04:12.286699,2025-06-03 15:32:23.126300,48.853655616666664
2025-06-03,2025-06-03 14:16:21.102458,2025-06-03 15:32:23.126300,2025-06-03 15:59:26.004405,76.03373069999999
2025-06-03,2025-06-03 15:25:19.021869,2025-06-03 15:38:13.351624,2025-06-03 16:09:11.581828,12.905495916666666
2025-06-03,2025-06-03 15:34:01.072331,2025-06-03 16:09:11.581828,2025-06-03 16:35:51.233996,35.17515828333333
2025-06-03,2025-06-03 15:36:24.673972,2025-06-03 15:59:26.004405,2025-06-03 16:25:07.386043,23.022173883333334
2025-06-03,2025-06-03 16:46:53.110914,2025-06-03 16:46:53.110914,2025-06-03 17:13:42.483710,0.0
2025-06-03,2025-06-03 15:38:52.826404,2025-06-03 16:25:07.386043,2025-06-03 16:52:17.184528,46.24266065
2025-06-03,2025-06-03 15:39:18.375037,2025-06-03 16:52:17.184528,2025-06-03 17:15:39.196992,72.98015818333333
2025-06-04,2025-06-04 09:36:50.303159,2025-06-04 09:36:50.303159,2025-06-04 10:03:43.662158,0.0
2025-06-04,2025-06-04 09:49:56.583768,2025-06-04 09:49:56.583768,2025-06-04 10:16:46.079575,0.0
2025-06-04,2025-06-04 10:40:40.658607,2025-06-04 10:40:40.658607,2025-06-04 11:07:48.376233,0.0
2025-06-04,2025-06-04 11:02:28.202643,2025-06-04 11:02:28.202643,2025-06-04 11:27:52.843327,0.0
2025-06-04,2025-06-04 11:03:29.395524,2025-06-04 11:07:48.376233,2025-06-04 11:34:26.602625,4.31634515
2025-06-04,2025-06-04 11:53:00.982138,2025-06-04 11:53:00.982138,2025-06-04 12:20:02.218254,0.0
2025-06-04,2025-06-04 13:02:48.375635,2025-06-04 13:02:48.375635,2025-06-04 13:30:57.060359,0.0
2025-06-04,2025-06-04 13:34:27.362234,2025-06-04 13:34:27.362234,2025-06-04 14:03:58.018625,0.0
2025-06-04,2025-06-04 13:47:07.794383,2025-06-04 13:47:07.794383,2025-06-04 14:19:07.855286,0.0
2025-06-04,2025-06-04 13:59:48.964858,2025-06-04 14:03:58.018625,2025-06-04 14:33:43.571423,4.150896116666667
2025-06-04,2025-06-04 13:59:53.021292,2025-06-04 14:19:07.855286,2025-06-04 14:46:04.265358,19.247233233333336
2025-06-04,2025-06-04 14:02:44.811010,2025-06-04 14:33:43.571423,2025-06-04 15:03:51.808454,30.979340216666667
2025-06-04,2025-06-04 14:27:46.599217,2025-06-04 14:46:04.265358,2025-06-04 15:15:46.008094,18.294435683333333
2025-06-04,2025-06-04 14:44:40.218412,2025-06-04 15:03:51.808454,2025-06-04 15:34:22.451158,19.193167366666668
2025-06-04,2025-06-04 14:47:13.382684,2025-06-04 15:34:22.451158,2025-06-04 16:04:34.521804,47.151141233333334
2025-06-04,2025-06-04 15:15:21.460145,2025-06-04 15:15:46.008094,2025-06-04 15:40:29.085208,0.4091324833333333
2025-06-04,2025-06-04 16:27:15.431474,2025-06-04 16:27:15.431474,2025-06-04 16:52:30.995440,0.0
2025-06-05,2025-06-05 10:13:04.676984,2025-06-05 10:13:04.676984,2025-06-05 10:42:33.481360,0.0
2025-06-05,2025-06-05 10:24:06.332558,2025-06-05 10:24:06.332558,2025-06-05 10:55:31.297486,0.0
2025-06-05,2025-06-05 11:17:01.399501,2025-06-05 11:17:01.399501,2025-06-05 11:44:22.668311,0.0
2025-06-05,2025-06-05 11:33:20.367714,2025-06-05 11:33:20.367714,2025-06-05 12:03:28.627155,0.0
2025-06-05,2025-06-05 11:33:52.739938,2025-06-05 11:44:22.668311,2025-06-05 12:09:11.788548,10.498806216666667
2025-06-05,2025-06-05 11:35:11.569542,2025-06-05 12:09:11.788548,2025-06-05 12:36:20.645953,34.0036501
2025-06-05,2025-06-05 11:38:08.109977,2025-06-05 12:03:28.627155,2025-06-05 12:29:13.565978,25.341952966666668
2025-06-05,2025-06-05 13:10:40.031149,2025-06-05 13:10:40.031149,2025-06-05 13:39:04.891220,0.0
2025-06-05,2025-06-05 11:42:49.217836,2025-06-05 13:39:04.891220,2025-06-05 14:09:03.853905,116.26122306666666
2025-06-05,2025-06-05 11:46:43.484202,2025-06-05 12:29:13.565978,2025-06-05 12:53:00.960594,42.50136293333333
2025-06-05,2025-06-05 13:43:44.127217,2025-06-05 13:43:44.127217,2025-06-05 14:10:37.097560,0.0
2025-06-05,2025-06-05 11:47:20.573957,2025-06-05 14:09:03.853905,2025-06-05 14:34:05.939664,141.72133246666667
2025-06-05,2025-06-05 11:55:48.951424,2025-06-05 14:10:37.097560,2025-06-05 14:39:53.059681,134.8024356
2025-06-05,2025-06-05 14:54:15.564643,2025-06-05 14:54:15.564643,2025-06-05 15:21:15.826637,0.0
2025-06-05,2025-06-05 11:56:01.290777,2025-06-05 14:39:53.059681,2025-06-05 15:08:46.455547,163.86281506666668
2025-06-05,2025-06-05 15:12:15.376813,2025-06-05 15:12:15.376813,2025-06-05 15:41:19.860812,0.0
2025-06-05,2025-06-05 11:59:07.904392,2025-06-05 15:21:15.826637,2025-06-05 15:50:18.257743,202.13203741666666
2025-06-05,2025-06-05 13:44:59.572236,2025-06-05 15:41:19.860812,2025-06-05 16:05:28.434447,116.33814293333333
2025-06-05,2025-06-05 13:54:10.363647,2025-06-05 15:50:18.257743,2025-06-05 16:16:48.957926,116.13156826666666
2025-06-05,2025-06-05 15:41:46.988963,2025-06-05 16:05:28.434447,2025-06-05 16:32:36.124546,23.690758066666668
2025-06-05,2025-06-05 15:53:21.627673,2025-06-05 16:16:48.957926,2025-06-05 16:47:17.319877,23.455504216666668
2025-06-06,2025-06-06 09:24:40.830259,2025-06-06 09:24:40.830259,2025-06-06 09:49:45.040050,0.0
2025-06-06,2025-06-06 10:09:08.569456,2025-06-06 10:09:08.569456,2025-06-06 10:35:38.181741,0.0
2025-06-06,2025-06-06 10:14:04.253250,2025-06-06 10:14:04.253250,2025-06-06 10:38:26.485155,0.0
2025-06-06,2025-06-06 11:03:05.539478,2025-06-06 11:03:05.539478,2025-06-06 11:29:54.941981,0.0
2025-06-06,2025-06-06 11:13:29.636502,2025-06-06 11:13:29.636502,2025-06-06 11:40:59.525490,0.0
2025-06-06,2025-06-06 11:14:20.395410,2025-06-06 11:29:54.941981,2025-06-06 11:57:13.215264,15.575776183333334
2025-06-06,2025-06-06 11:18:52.335577,2025-06-06 11:40:59.525490,2025-06-06 12:08:34.528440,22.119831883333333
2025-06-06,2025-06-06 11:25:11.719108,2025-06-06 11:57:13.215264,2025-06-06 12:24:50.333102,32.02493593333333
2025-06-06,2025-06-06 11:27:24.619286,2025-06-06 12:08:34.528440,2025-06-06 12:34:28.764213,41.16515256666666
2025-06-06,2025-06-06 13:10:51.118013,2025-06-06 13:10:51.118013,2025-06-06 13:39:26.175604,0.0
2025-06-06,2025-06-06 11:33:13.247094,2025-06-06 12:34:28.764213,2025-06-06 13:02:33.577277,61.25861865
2025-06-06,2025-06-06 13:12:41.132514,2025-06-06 13:12:41.132514,2025-06-06 13:39:36.957129,0.0
2025-06-06,2025-06-06 11:44:25.457778,2025-06-06 13:39:26.175604,2025-06-06 14:09:15.988389,115.01196376666667
2025-06-06,2025-06-06 11:46:01.725121,2025-06-06 13:39:36.957129,2025-06-06 14:08:49.793892,113.58720013333333
2025-06-06,2025-06-06 11:49:06.385319,2025-06-06 14:09:15.988389,2025-06-06 14:37:25.240158,140.16005116666665
2025-06-06,2025-06-06 11:49:12.287089,2025-06-06 14:08:49.793892,2025-06-06 14:32:46.334850,139.62511338333334
2025-06-06,2025-06-06 15:13:46.100281,2025-06-06 15:13:46.100281,2025-06-06 15:38:21.609857,0.0
2025-06-06,2025-06-06 13:13:22.315393,2025-06-06 14:32:46.334850,2025-06-06 14:58:33.321367,79.40032428333333
2025-06-06,2025-06-06 15:29:58.542796,2025-06-06 15:29:58.542796,2025-06-06 15:56:59.042835,0.0
2025-06-06,2025-06-06 13:14:43.221021,2025-06-06 15:38:21.609857,2025-06-06 16:05:40.306690,143.63981393333333
2025-06-06,2025-06-06 13:14:55.050752,2025-06-06 15:56:59.042835,2025-06-06 16:26:37.454859,162.06653471666667
2025-06-06,2025-06-06 16:22:55.111699,2025-06-06 16:22:55.111699,2025-06-06 16:50:52.538959,0.0
2025-06-06,2025-06-06 13:16:46.654404,2025-06-06 16:26:37.454859,2025-06-06 16:52:14.271931,189.84667425
2025-06-06,2025-06-06 13:22:39.629468,2025-06-06 16:50:52.538959,2025-06-06 17:18:11.988978,208.21515818333333
2025-06-06,2025-06-06 13:22:55.932818,2025-06-06 16:52:14.271931,2025-06-06 17:19:34.395889,209.30565188333333
2025-06-06,2025-06-06 13:39:19.007927,2025-06-06 17:18:11.988978,2025-06-06 17:44:28.069666,218.88301751666668
2025-06-06,2025-06-06 13:48:34.164888,2025-06-06 17:19:34.395889,2025-06-06 17:47:09.450402,211.00385001666666
2025-06-06,2025-06-06 13:50:43.561995,2025-06-06 17:44:28.069666,2025-06-06 18:13:34.047482,233.74179451666666
2025-06-06,2025-06-06 13:53:52.335681,2025-06-06 17:47:09.450402,2025-06-06 18:13:09.394400,233.28524535
2025-06-06,2025-06-06 13:55:50.554611,2025-06-06 18:13:09.394400,2025-06-06 18:40:12.474558,257.3139964833333
2025-06-06,2025-06-06 13:58:02.748950,2025-06-06 18:13:34.047482,2025-06-06 18:44:13.638862,255.5216422
2025-06-06,2025-06-06 13:58:15.812695,2025-06-06 18:40:12.474558,2025-06-06 19:08:52.866631,281.9443643833334
2025-06-07,2025-06-07 10:01:45.222706,2025-06-07 10:01:45.222706,2025-06-07 10:30:21.773073,0.0
2025-06-07,2025-06-07 10:04:49.813034,2025-06-07 10:04:49.813034,2025-06-07 10:35:19.403209,0.0
2025-06-07,2025-06-07 10:45:10.265320,2025-06-07 10:45:10.265320,2025-06-07 11:12:20.380651,0.0
2025-06-07,2025-06-07 11:06:07.238613,2025-06-07 11:06:07.238613,2025-06-07 11:33:52.211753,0.0
2025-06-07,2025-06-07 11:06:07.308997,2025-06-07 11:12:20.380651,2025-06-07 11:38:35.724796,6.217860900000001
2025-06-07,2025-06-07 11:10:44.107172,2025-06-07 11:38:35.724796,2025-06-07 12:07:20.741165,27.860293733333332
2025-06-07,2025-06-07 11:18:44.048367,2025-06-07 11:33:52.211753,2025-06-07 12:01:37.751588,15.136056433333332
2025-06-07,2025-06-07 11:21:40.854330,2025-06-07 12:07:20.741165,2025-06-07 12:32:51.179439,45.66478058333333
2025-06-07,2025-06-07 11:26:04.816677,2025-06-07 12:01:37.751588,2025-06-07 12:32:22.566378,35.54891518333333
2025-06-07,2025-06-07 13:20:14.405365,2025-06-07 13:20:14.405365,2025-06-07 13:48:56.779303,0.0
2025-06-07,2025-06-07 11:44:12.102509,2025-06-07 12:32:22.566378,2025-06-07 13:01:07.349969,48.17439781666667
2025-06-07,2025-06-07 13:28:12.834253,2025-06-07 13:28:12.834253,2025-06-07 13:54:18.335007,0.0
2025-06-07,2025-06-07 11:50:45.016526,2025-06-07 13:48:56.779303,2025-06-07 14:16:00.732652,118.19604628333333
2025-06-07,2025-06-07 13:28:43.868221,2025-06-07 14:16:00.732652,2025-06-07 14:41:54.083375,47.28107385
2025-06-07,2025-06-07 13:30:08.819091,2025-06-07 13:54:18.335007,2025-06-07 14:23:17.805621,24.1585986
2025-06-07,2025-06-07 13:34:37.008249,2025-06-07 14:41:54.083375,2025-06-07 15:08:33.087809,67.28458543333333
2025-06-07,2025-06-07 13:48:50.404701,2025-06-07 14:23:17.805621,2025-06-07 14:51:28.870262,34.456682
2025-06-07,2025-06-07 15:21:59.309561,2025-06-07 15:21:59.309561,2025-06-07 15:50:56.136401,0.0
2025-06-07,2025-06-07 13:49:02.989386,2025-06-07 14:51:28.870262,2025-06-07 15:17:10.989718,62.431347933333335
2025-06-07,2025-06-07 15:26:34.453382,2025-06-07 15:26:34.453382,2025-06-07 15:52:58.683209,0.0
2025-06-07,2025-06-07 13:53:30.829915,2025-06-07 15:50:56.136401,2025-06-07 16:18:31.831040,117.42177476666667
2025-06-07,2025-06-07 14:22:57.838294,2025-06-07 15:52:58.683209,2025-06-07 16:21:16.160554,90.01408191666665
2025-06-09,2025-06-09 09:27:20.424758,2025-06-09 09:27:20.424758,2025-06-09 09:54:52.721630,0.0
2025-06-09,2025-06-09 09:30:23.534678,2025-06-09 09:30:23.534678,2025-06-09 09:59:01.306194,0.0
2025-06-09,2025-06-09 10:40:34.615951,2025-06-09 10:40:34.615951,2025-06-09 11:07:09.312746,0.0
2025-06-09,2025-06-09 10:43:36.060022,2025-06-09 10:43:36.060022,2025-06-09 11:10:59.546954,0.0
2025-06-09,2025-06-09 11:11:02.995072,2025-06-09 11:11:02.995072,2025-06-09 11:40:36.793186,0.0
2025-06-09,2025-06-09 11:22:19.069971,2025-06-09 11:22:19.069971,2025-06-09 11:49:20.019049,0.0
2025-06-09,2025-06-09 11:22:33.006790,2025-06-09 11:40:36.793186,2025-06-09 12:09:10.549399,18.0631066
2025-06-09,2025-06-09 11:25:07.719577,2025-06-09 11:49:20.019049,2025-06-09 12:15:18.870160,24.2049912
2025-06-09,2025-06-09 11:37:53.847677,2025-06-09 12:09:10.549399,2025-06-09 12:39:22.951043,31.278362033333334
2025-06-09,2025-06-09 11:38:19.139386,2025-06-09 12:15:18.870160,2025-06-09 12:42:00.921615,36.9955129
2025-06-09,2025-06-09 13:03:53.682997,2025-06-09 13:03:53.682997,2025-06-09 13:34:02.673115,0.0
2025-06-09,2025-06-09 11:44:01.073748,2025-06-09 12:42:00.921615,2025-06-09 13:09:25.334394,57.99746445
2025-06-09,2025-06-09 11:49:22.249596,2025-06-09 13:09:25.334394,2025-06-09 13:39:49.812541,80.0514133
2025-06-09,2025-06-09 11:53:58.691275,2025-06-09 13:34:02.673115,2025-06-09 13:57:55.396560,100.06636400000001
2025-06-09,2025-06-09 11:54:22.753087,2025-06-09 13:39:49.812541,2025-06-09 14:05:14.736163,105.45099090000001
2025-06-09,2025-06-09 11:58:46.923349,2025-06-09 13:57:55.396560,2025-06-09 14:26:49.846628,119.14122018333335
2025-06-09,2025-06-09 13:08:52.294396,2025-06-09 14:05:14.736163,2025-06-09 14:31:31.206710,56.374029449999995
2025-06-09,2025-06-09 13:22:44.371735,2025-06-09 14:26:49.846628,2025-06-09 14:54:32.460400,64.09124821666667
2025-06-09,2025-06-09 13:38:59.422576,2025-06-09 14:31:31.206710,2025-06-09 14:58:52.815770,52.529735566666666
2025-06-09,2025-06-09 13:39:12.974848,2025-06-09 14:54:32.460400,2025-06-09 15:21:58.864053,75.3247592
2025-06-09,2025-06-09 13:45:09.271488,2025-06-09 14:58:52.815770,2025-06-09 15:27:13.944861,73.72573803333333
2025-06-09,2025-06-09 13:46:20.069803,2025-06-09 15:21:58.864053,2025-06-09 15:49:52.671860,95.64657083333333
2025-06-09,2025-06-09 13:47:34.965358,2025-06-09 15:27:13.944861,2025-06-09 15:51:03.945604,99.64965838333333
2025-06-09,2025-06-09 13:53:33.801808,2025-06-09 15:49:52.671860,2025-06-09 16:19:30.274717,116.31450086666668
2025-06-09,2025-06-09 13:55:42.027298,2025-06-09 15:51:03.945604,2025-06-09 16:18:53.212271,115.36530509999999
2025-06-09,2025-06-09 13:56:30.178067,2025-06-09 16:18:53.212271,2025-06-09 16:45:57.027389,142.38390339999998
2025-06-09,2025-06-09 13:59:25.553218,2025-06-09 16:19:30.274717,2025-06-09 16:45:42.731043,140.07869165
2025-06-09,2025-06-09 14:12:06.426428,2025-06-09 16:45:42.731043,2025-06-09 17:10:27.894492,153.60507691666666
2025-06-09,2025-06-09 14:13:22.614877,2025-06-09 16:45:57.027389,2025-06-09 17:10:52.530038,152.5735418666667
2025-06-09,2025-06-09 14:47:52.874235,2025-06-09 17:10:27.894492,2025-06-09 17:40:33.725617,142.58367095
2025-06-10,2025-06-10 09:06:44.869325,2025-06-10 09:06:44.869325,2025-06-10 09:36:43.871898,0.0
2025-06-10,2025-06-10 09:38:11.162880,2025-06-10 09:38:11.162880,2025-06-10 10:04:28.847603,0.0
2025-06-10,2025-06-10 09:39:07.293781,2025-06-10 09:39:07.293781,2025-06-10 10:07:04.688396,0.0
2025-06-10,2025-06-10 10:22:30.730205,2025-06-10 10:22:30.730205,2025-06-10 10:49:30.164866,0.0
2025-06-10,2025-06-10 10:35:37.200280,2025-06-10 10:35:37.200280,2025-06-10 11:01:25.106795,0.0
2025-06-10,2025-06-10 10:45:03.810589,2025-06-10 10:49:30.164866,2025-06-10 11:18:41.465021,4.439237950000001
2025-06-10,2025-06-10 10:50:37.325376,2025-06-10 11:01:25.106795,2025-06-10 11:26:51.701891,10.796356983333334
2025-06-10,2025-06-10 11:00:09.335019,2025-06-10 11:18:41.465021,2025-06-10 11:44:21.998522,18.535500033333335
2025-06-10,2025-06-10 11:06:01.382390,2025-06-10 11:26:51.701891,2025-06-10 11:54:10.046527,20.83865835
2025-06-10,2025-06-10 11:16:24.901621,2025-06-10 11:44:21.998522,2025-06-10 12:15:50.327206,27.951615016666665
2025-06-10,2025-06-10 11:27:55.796573,2025-06-10 11:54:10.046527,2025-06-10 12:21:49.256958,26.23749923333333
2025-06-10,2025-06-10 11:37:20.311167,2025-06-10 12:15:50.327206,2025-06-10 12:45:05.115068,38.500267316666665
2025-06-10,2025-06-10 11:44:51.389851,2025-06-10 12:21:49.256958,2025-06-10 12:51:06.515051,36.96445178333333
2025-06-10,2025-06-10 13:05:40.965114,2025-06-10 13:05:40.965114,2025-06-10 13:32:41.700835,0.0
2025-06-10,2025-06-10 11:48:44.195950,2025-06-10 12:51:06.515051,2025-06-10 13:19:14.083001,62.37198501666667
2025-06-10,2025-06-10 11:59:43.157368,2025-06-10 13:19:14.083001,2025-06-10 13:45:25.398767,79.51542721666667
2025-06-10,2025-06-10 11:59:48.440957,2025-06-10 13:32:41.700835,2025-06-10 14:00:00.105115,92.88766463333333
2025-06-10,2025-06-10 13:07:09.105113,2025-06-10 13:45:25.398767,2025-06-10 14:10:45.303206,38.271560900000004
2025-06-10,2025-06-10 14:13:21.989450,2025-06-10 14:13:21.989450,2025-06-10 14:44:49.966314,0.0
2025-06-10,2025-06-10 13:08:38.485949,2025-06-10 14:44:49.966314,2025-06-10 15:13:46.360960,96.19133941666668
2025-06-10,2025-06-10 13:31:03.111479,2025-06-10 14:10:45.303206,2025-06-10 14:40:54.855595,39.703195449999996
2025-06-10,2025-06-10 16:51:39.456803,2025-06-10 16:51:39.456803,2025-06-10 17:17:44.284817,0.0
2025-06-11,2025-06-11 09:07:17.729151,2025-06-11 09:07:17.729151,2025-06-11 09:36:21.721119,0.0
2025-06-11,2025-06-11 10:26:09.860514,2025-06-11 10:26:09.860514,2025-06-11 10:55:41.243858,0.0
2025-06-11,2025-06-11 10:36:16.150315,2025-06-11 10:36:16.150315,2025-06-11 11:02:56.377144,0.0
2025-06-11,2025-06-11 10:42:17.322293,2025-06-11 10:55:41.243858,2025-06-11 11:19:13.820575,13.39869275
2025-06-11,2025-06-11 10:46:38.298600,2025-06-11 11:02:56.377144,2025-06-11 11:31:52.383124,16.301309066666665
2025-06-11,2025-06-11 11:10:13.587594,2025-06-11 11:19:13.820575,2025-06-11 11:44:54.909532,9.003883016666666
2025-06-11,2025-06-11 11:12:21.493991,2025-06-11 11:44:54.909532,2025-06-11 12:14:26.852839,32.55692568333333
2025-06-11,2025-06-11 11:19:28.139680,2025-06-11 11:31:52.383124,2025-06-11 12:00:04.123075,12.4040574
2025-06-11,2025-06-11 11:21:37.793351,2025-06-11 12:14:26.852839,2025-06-11 12:42:41.265542,52.81765813333333
2025-06-11,2025-06-11 11:23:38.376343,2025-06-11 12:00:04.123075,2025-06-11 12:29:11.702919,36.4291122
2025-06-11,2025-06-11 13:18:01.916497,2025-06-11 13:18:01.916497,2025-06-11 13:45:42.202306,0.0
2025-06-11,2025-06-11 11:44:57.572155,2025-06-11 12:29:11.702919,2025-06-11 12:53:18.788406,44.23551273333333
2025-06-11,2025-06-11 13:18:24.170414,2025-06-11 13:18:24.170414,2025-06-11 13:43:04.032545,0.0
2025-06-11,2025-06-11 11:48:17.564414,2025-06-11 13:45:42.202306,2025-06-11 14:13:51.524589,117.41063153333333
2025-06-11,2025-06-11 11:52:06.717835,2025-06-11 13:43:04.032545,2025-06-11 14:09:51.797399,110.95524516666666
2025-06-11,2025-06-11 13:25:23.290889,2025-06-11 14:13:51.524589,2025-06-11 14:42:34.665613,48.47056166666667
2025-06-11,2025-06-11 13:27:05.141030,2025-06-11 14:09:51.797399,2025-06-11 14:40:05.426455,42.77760615
2025-06-11,2025-06-11 13:41:32.062322,2025-06-11 14:42:34.665613,2025-06-11 15:13:14.166818,61.043388183333334
2025-06-11,2025-06-11 13:49:29.273266,2025-06-11 14:40:05.426455,2025-06-11 15:08:25.317093,50.60255315
2025-06-11,2025-06-11 13:51:53.566281,2025-06-11 15:13:14.166818,2025-06-11 15:40:39.147442,81.34334228333334
2025-06-11,2025-06-11 13:53:21.188082,2025-06-11 15:08:25.317093,2025-06-11 15:35:48.910581,75.06881685
2025-06-11,2025-06-11 13:54:38.355639,2025-06-11 15:40:39.147442,2025-06-11 16:06:58.593465,106.01319671666667
2025-06-11,2025-06-11 13:58:53.393429,2025-06-11 15:35:48.910581,2025-06-11 16:03:46.544747,96.92528586666667
2025-06-11,2025-06-11 16:19:22.048625,2025-06-11 16:19:22.048625,2025-06-11 16:43:19.418508,0.0
2025-06-11,2025-06-11 14:33:24.588367,2025-06-11 16:03:46.544747,2025-06-11 16:33:07.278751,90.36593966666666
2025-06-11,2025-06-11 16:34:25.083469,2025-06-11 16:34:25.083469,2025-06-11 17:02:33.789952,0.0
2025-06-11,2025-06-11 14:33:27.631599,2025-06-11 16:43:19.418508,2025-06-11 17:09:01.185831,129.86311515
2025-06-11,2025-06-11 15:04:42.149464,2025-06-11 17:02:33.789952,2025-06-11 17:28:58.282756,117.8606748
2025-06-11,2025-06-11 15:19:08.529799,2025-06-11 17:09:01.185831,2025-06-11 17:37:17.343791,109.87760053333334
2025-06-11,2025-06-11 16:35:22.501662,2025-06-11 17:28:58.282756,2025-06-11 17:56:59.787280,53.59635156666666
2025-06-11,2025-06-11 16:47:44.569562,2025-06-11 17:37:17.343791,2025-06-11 18:03:38.708281,49.54623715
2025-06-12,2025-06-12 10:12:52.647739,2025-06-12 10:12:52.647739,2025-06-12 10:37:35.036380,0.0
2025-06-12,2025-06-12 10:15:07.786467,2025-06-12 10:15:07.786467,2025-06-12 10:44:12.654640,0.0
2025-06-12,2025-06-12 10:17:43.822294,2025-06-12 10:37:35.036380,2025-06-12 11:09:02.761337,19.8535681
2025-06-12,2025-06-12 11:27:39.357846,2025-06-12 11:27:39.357846,2025-06-12 11:56:49.430760,0.0
2025-06-12,2025-06-12 11:36:04.796286,2025-06-12 11:36:04.796286,2025-06-12 12:05:53.276370,0.0
2025-06-12,2025-06-12 11:42:04.826863,2025-06-12 11:56:49.430760,2025-06-12 12:22:49.096335,14.743398283333333
2025-06-12,2025-06-12 11:54:28.221987,2025-06-12 12:22:49.096335,2025-06-12 12:47:38.610846,28.3479058
2025-06-12,2025-06-12 11:59:12.172183,2025-06-12 12:05:53.276370,2025-06-12 12:34:34.513041,6.685069783333334
2025-06-12,2025-06-12 13:09:09.660251,2025-06-12 13:09:09.660251,2025-06-12 13:34:23.974187,0.0
2025-06-12,2025-06-12 13:20:39.760005,2025-06-12 13:20:39.760005,2025-06-12 13:47:42.823616,0.0
2025-06-12,2025-06-12 13:43:36.629117,2025-06-12 13:43:36.629117,2025-06-12 14:12:27.094654,0.0
2025-06-12,2025-06-12 13:55:07.427663,2025-06-12 13:55:07.427663,2025-06-12 14:22:16.378368,0.0
2025-06-12,2025-06-12 13:56:56.319218,2025-06-12 14:12:27.094654,2025-06-12 14:38:30.123760,15.512923933333333
2025-06-12,2025-06-12 13:58:28.013821,2025-06-12 14:22:16.378368,2025-06-12 14:50:38.016377,23.80607578333333
2025-06-13,2025-06-13 09:28:19.605653,2025-06-13 09:28:19.605653,2025-06-13 09:56:37.005633,0.0
2025-06-13,2025-06-13 09:40:47.760150,2025-06-13 09:40:47.760150,2025-06-13 10:11:20.967008,0.0
2025-06-13,2025-06-13 10:13:56.061703,2025-06-13 10:13:56.061703,2025-06-13 10:42:57.370973,0.0
2025-06-13,2025-06-13 10:21:12.982076,2025-06-13 10:21:12.982076,2025-06-13 10:46:42.560898,0.0
2025-06-13,2025-06-13 10:21:31.959303,2025-06-13 10:42:57.370973,2025-06-13 11:13:29.197681,21.42352783333333
2025-06-13,2025-06-13 10:23:21.710076,2025-06-13 10:46:42.560898,2025-06-13 11:13:23.108516,23.3475137
2025-06-13,2025-06-13 11:03:16.326384,2025-06-13 11:13:29.197681,2025-06-13 11:40:41.387047,10.214521616666667
2025-06-13,2025-06-13 11:11:26.284119,2025-06-13 11:13:23.108516,2025-06-13 11:40:02.429913,1.9470732833333335
2025-06-13,2025-06-13 11:23:51.555504,2025-06-13 11:40:41.387047,2025-06-13 12:06:02.190177,16.830525716666667
2025-06-13,2025-06-13 11:25:24.325526,2025-06-13 11:40:02.429913,2025-06-13 12:06:10.486506,14.635073116666666
2025-06-13,2025-06-13 11:29:52.054636,2025-06-13 12:06:02.190177,2025-06-13 12:33:14.917150,36.168925683333335
2025-06-13,2025-06-13 11:33:15.388727,2025-06-13 12:06:10.486506,2025-06-13 12:33:07.961026,32.91829631666666
2025-06-13,2025-06-13 13:07:05.802233,2025-06-13 13:07:05.802233,2025-06-13 13:35:52.259270,0.0
2025-06-13,2025-06-13 11:46:06.008983,2025-06-13 12:33:07.961026,2025-06-13 12:59:14.971352,47.032534049999995
2025-06-13,2025-06-13 13:08:22.445350,2025-06-13 13:08:22.445350,2025-06-13 13:33:37.838630,0.0
2025-06-13,2025-06-13 11:46:29.195181,2025-06-13 13:33:37.838630,2025-06-13 14:00:20.893303,107.14405748333334
2025-06-13,2025-06-13 13:10:46.425385,2025-06-13 13:35:52.259270,2025-06-13 14:05:16.616687,25.097231416666666
2025-06-13,2025-06-13 13:29:43.529774,2025-06-13 14:05:16.616687,2025-06-13 14:34:15.053562,35.55144855
2025-06-13,2025-06-13 13:35:10.258861,2025-06-13 14:00:20.893303,2025-06-13 14:30:23.710542,25.177240700000002
2025-06-13,2025-06-13 13:36:47.347622,2025-06-13 14:34:15.053562,2025-06-13 15:02:27.943082,57.461765666666665
2025-06-13,2025-06-13 13:54:18.356689,2025-06-13 14:30:23.710542,2025-06-13 14:59:08.033815,36.089230883333336
2025-06-13,2025-06-13 13:54:21.895143,2025-06-13 15:02:27.943082,2025-06-13 15:29:34.345008,68.10079898333333
2025-06-13,2025-06-13 14:19:54.540923,2025-06-13 14:59:08.033815,2025-06-13 15:24:25.626535,39.22488153333334
2025-06-13,2025-06-13 16:40:56.485977,2025-06-13 16:40:56.485977,2025-06-13 17:08:14.830604,0.0
2025-06-13,2025-06-13 14:41:04.378156,2025-06-13 15:24:25.626535,2025-06-13 15:52:34.679059,43.35413965
2025-06-13,2025-06-13 16:57:29.954997,2025-06-13 16:57:29.954997,2025-06-13 17:26:54.233001,0.0
2025-06-13,2025-06-13 14:49:58.768886,2025-06-13 17:08:14.830604,2025-06-13 17:37:56.621566,138.2676953
2025-06-14,2025-06-14 09:07:14.398540,2025-06-14 09:07:14.398540,2025-06-14 09:36:52.176175,0.0
2025-06-14,2025-06-14 09:22:09.378687,2025-06-14 09:22:09.378687,2025-06-14 09:50:09.780433,0.0
2025-06-14,2025-06-14 09:34:09.323670,2025-06-14 09:36:52.176175,2025-06-14 10:06:17.845792,2.7142084166666667
2025-06-14,2025-06-14 09:35:32.475366,2025-06-14 09:50:09.780433,2025-06-14 10:18:43.358728,14.621751116666667
2025-06-14,2025-06-14 10:06:43.668680,2025-06-14 10:06:43.668680,2025-06-14 10:32:40.435498,0.0
2025-06-14,2025-06-14 11:07:52.830901,2025-06-14 11:07:52.830901,2025-06-14 11:34:48.433392,0.0
2025-06-14,2025-06-14 11:10:43.998672,2025-06-14 11:10:43.998672,2025-06-14 11:40:30.201841,0.0
2025-06-14,2025-06-14 11:10:56.342531,2025-06-14 11:34:48.433392,2025-06-14 12:05:00.566786,23.868181016666664
2025-06-14,2025-06-14 11:12:16.087785,2025-06-14 11:40:30.201841,2025-06-14 12:09:20.165774,28.235234266666666
2025-06-14,2025-06-14 11:26:57.527444,2025-06-14 12:05:00.566786,2025-06-14 12:34:08.942174,38.0506557
2025-06-14,2025-06-14 11:47:39.176609,2025-06-14 12:09:20.165774,2025-06-14 12:33:55.511487,21.683152749999998
2025-06-14,2025-06-14 13:08:36.361044,2025-06-14 13:08:36.361044,2025-06-14 13:37:49.445788,0.0
2025-06-14,2025-06-14 11:57:00.293651,2025-06-14 12:33:55.511487,2025-06-14 13:02:42.023688,36.920297266666665
2025-06-14,2025-06-14 13:17:02.399441,2025-06-14 13:17:02.399441,2025-06-14 13:45:10.133388,0.0
2025-06-14,2025-06-14 13:17:15.524069,2025-06-14 13:37:49.445788,2025-06-14 14:06:22.409287,20.565361983333332
2025-06-14,2025-06-14 13:20:04.915753,2025-06-14 13:45:10.133388,2025-06-14 14:13:30.561664,25.086960583333333
2025-06-14,2025-06-14 13:22:08.117701,2025-06-14 14:06:22.409287,2025-06-14 14:33:41.108028,44.2381931
2025-06-14,2025-06-14 13:27:08.487803,2025-06-14 14:33:41.108028,2025-06-14 15:01:28.917043,66.54367041666667
2025-06-14,2025-06-14 13:49:58.682797,2025-06-14 14:13:30.561664,2025-06-14 14:39:45.112773,23.53131445
2025-06-14,2025-06-14 16:02:46.590830,2025-06-14 16:02:46.590830,2025-06-14 16:28:01.337775,0.0
2025-06-14,2025-06-14 13:51:37.452900,2025-06-14 14:39:45.112773,2025-06-14 15:06:24.570059,48.12766455
2025-06-14,2025-06-14 13:53:31.785454,2025-06-14 15:06:24.570059,2025-06-14 15:31:27.325413,72.87974341666667
2025-06-14,2025-06-14 13:55:59.297932,2025-06-14 15:31:27.325413,2025-06-14 16:02:21.641939,95.46712468333334
2025-06-14,2025-06-14 14:06:54.911372,2025-06-14 16:02:21.641939,2025-06-14 16:29:47.403538,115.44550944999999
2025-06-14,2025-06-14 14:11:12.463809,2025-06-14 16:28:01.337775,2025-06-14 16:57:56.186513,136.81456609999998
2025-06-16,2025-06-16 09:44:32.811297,2025-06-16 09:44:32.811297,2025-06-16 10:11:19.117125,0.0
2025-06-16,2025-06-16 10:47:42.271959,2025-06-16 10:47:42.271959,2025-06-16 11:15:11.714838,0.0
2025-06-16,2025-06-16 11:14:33.017064,2025-06-16 11:14:33.017064,2025-06-16 11:42:15.796788,0.0
2025-06-16,2025-06-16 11:18:20.708130,2025-06-16 11:18:20.708130,2025-06-16 11:47:11.282500,0.0
2025-06-16,2025-06-16 11:26:26.190637,2025-06-16 11:47:11.282500,2025-06-16 12:17:08.421884,20.75153105
2025-06-16,2025-06-16 11:29:40.289514,2025-06-16 11:42:15.796788,2025-06-16 12:11:14.625482,12.591787900000002
2025-06-16,2025-06-16 11:36:18.062463,2025-06-16 12:17:08.421884,2025-06-16 12:43:28.231272,40.83932368333333
2025-06-16,2025-06-16 11:50:47.779341,2025-06-16 12:11:14.625482,2025-06-16 12:36:35.405674,20.44743568333333
2025-06-16,2025-06-16 13:10:52.997676,2025-06-16 13:10:52.997676,2025-06-16 13:37:34.810381,0.0
2025-06-16,2025-06-16 13:11:01.409574,2025-06-16 13:11:01.409574,2025-06-16 13:37:06.826071,0.0
2025-06-16,2025-06-16 13:11:58.474078,2025-06-16 13:37:34.810381,2025-06-16 14:03:19.943445,25.60560505
2025-06-16,2025-06-16 13:14:16.342349,2025-06-16 13:37:06.826071,2025-06-16 14:08:42.621470,22.841395366666667
2025-06-16,2025-06-16 13:18:34.470792,2025-06-16 14:03:19.943445,2025-06-16 14:31:44.264814,44.757877549999996
2025-06-16,2025-06-16 13:31:40.667792,2025-06-16 14:08:42.621470,2025-06-16 14:35:48.000313,37.0325613
2025-06-16,2025-06-16 13:37:02.231781,2025-06-16 14:31:44.264814,2025-06-16 14:59:00.778930,54.70055055
2025-06-16,2025-06-16 13:46:19.397254,2025-06-16 14:59:00.778930,2025-06-16 15:24:46.993390,72.6896946
2025-06-16,2025-06-16 13:55:33.344807,2025-06-16 14:35:48.000313,2025-06-16 15:06:42.937077,40.244258433333336
2025-06-16,2025-06-16 15:21:03.113685,2025-06-16 15:21:03.113685,2025-06-16 15:46:53.120991,0.0
2025-06-16,2025-06-16 13:56:13.828625,2025-06-16 15:24:46.993390,2025-06-16 15:51:08.887011,88.55274608333335
2025-06-16,2025-06-16 13:58:30.469138,2025-06-16 15:46:53.120991,2025-06-16 16:14:31.813833,108.37753088333334
2025-06-16,2025-06-16 14:09:07.476401,2025-06-16 15:51:08.887011,2025-06-16 16:18:15.584477,102.02351016666667
2025-06-16,2025-06-16 14:33:31.616559,2025-06-16 16:18:15.584477,2025-06-16 16:48:31.240010,104.73279863333333
2025-06-16,2025-06-16 15:30:14.097925,2025-06-16 16:14:31.813833,2025-06-16 16:44:29.781161,44.29526513333334
2025-06-16,2025-06-16 15:50:42.874634,2025-06-16 16:44:29.781161,2025-06-16 17:10:11.132973,53.781775450000005
2025-06-16,2025-06-16 16:07:18.861654,2025-06-16 16:48:31.240010,2025-06-16 17:18:27.721880,41.20630593333333
2025-06-16,2025-06-16 16:20:23.379399,2025-06-16 17:10:11.132973,2025-06-16 17:37:04.787099,49.7958929
2025-06-17,2025-06-17 09:41:06.004883,2025-06-17 09:41:06.004883,2025-06-17 10:08:28.587030,0.0
2025-06-17,2025-06-17 09:44:23.444677,2025-06-17 09:44:23.444677,2025-06-17 10:10:29.535710,0.0
2025-06-17,2025-06-17 10:22:01.574888,2025-06-17 10:22:01.574888,2025-06-17 10:47:59.018479,0.0
2025-06-17,2025-06-17 10:22:55.103746,2025-06-17 10:22:55.103746,2025-06-17 10:50:52.462457,0.0
2025-06-17,2025-06-17 10:57:16.264792,2025-06-17 10:57:16.264792,2025-06-17 11:24:14.549629,0.0
2025-06-17,2025-06-17 11:00:26.174947,2025-06-17 11:00:26.174947,2025-06-17 11:28:50.153843,0.0
2025-06-17,2025-06-17 11:00:51.652640,2025-06-17 11:24:14.549629,2025-06-17 11:49:46.316737,23.381616483333335
2025-06-17,2025-06-17 11:01:02.799302,2025-06-17 11:28:50.153843,2025-06-17 11:54:17.396145,27.78924235
2025-06-17,2025-06-17 11:04:03.966791,2025-06-17 11:49:46.316737,2025-06-17 12:16:56.944351,45.70583243333333
2025-06-17,2025-06-17 11:04:50.266658,2025-06-17 11:54:17.396145,2025-06-17 12:25:11.813714,49.452158116666666
2025-06-17,2025-06-17 11:10:02.155071,2025-06-17 12:16:56.944351,2025-06-17 12:46:05.743186,66.91315466666667
2025-06-17,2025-06-17 11:11:41.344922,2025-06-17 12:25:11.813714,2025-06-17 12:53:58.792999,73.5078132
2025-06-17,2025-06-17 13:00:27.275609,2025-06-17 13:00:27.275609,2025-06-17 13:26:09.104780,0.0
2025-06-17,2025-06-17 11:13:15.703042,2025-06-17 12:53:58.792999,2025-06-17 13:20:41.033609,100.71816595
2025-06-17,2025-06-17 11:15:44.348844,2025-06-17 13:26:09.104780,2025-06-17 13:58:10.442791,130.41259893333333
2025-06-17,2025-06-17 11:16:34.760035,2025-06-17 13:20:41.033609,2025-06-17 13:49:36.827981,124.10455956666667
2025-06-17,2025-06-17 11:18:42.144839,2025-06-17 13:58:10.442791,2025-06-17 14:23:25.341316,159.47163253333335
2025-06-17,2025-06-17 11:31:11.730311,2025-06-17 13:49:36.827981,2025-06-17 14:20:41.414684,138.41829449999997
2025-06-17,2025-06-17 15:31:32.881841,2025-06-17 15:31:32.881841,2025-06-17 15:59:55.109459,0.0
2025-06-17,2025-06-17 11:41:05.218533,2025-06-17 15:59:55.109459,2025-06-17 16:27:43.531425,258.8315154333333
2025-06-17,2025-06-17 11:41:31.295492,2025-06-17 14:20:41.414684,2025-06-17 14:49:01.477925,159.1686532
2025-06-17,2025-06-17 16:08:50.148279,2025-06-17 16:08:50.148279,2025-06-17 16:37:19.503320,0.0
2025-06-17,2025-06-17 11:42:00.664581,2025-06-17 16:27:43.531425,2025-06-17 16:55:45.938083,285.7144474
2025-06-17,2025-06-17 11:44:07.758044,2025-06-17 16:37:19.503320,2025-06-17 17:08:18.589409,293.19575460000004
2025-06-17,2025-06-17 11:52:44.004202,2025-06-17 16:55:45.938083,2025-06-17 17:22:16.726401,303.03223135
2025-06-17,2025-06-17 11:59:49.325387,2025-06-17 17:08:18.589409,2025-06-17 17:33:06.650413,308.4877337
2025-06-17,2025-06-17 11:59:59.449724,2025-06-17 17:22:16.726401,2025-06-17 17:52:32.216394,322.2879446166667
2025-06-17,2025-06-17 13:06:56.789677,2025-06-17 17:33:06.650413,2025-06-17 18:02:27.049079,266.1643456
2025-06-17,2025-06-17 13:28:26.332340,2025-06-17 17:52:32.216394,2025-06-17 18:19:12.437392,264.09806756666666
2025-06-17,2025-06-17 13:28:40.871691,2025-06-17 18:02:27.049079,2025-06-17 18:31:24.967265,273.7696231333333
2025-06-17,2025-06-17 13:34:20.503903,2025-06-17 18:19:12.437392,2025-06-17 18:48:32.036370,284.86555814999997
2025-06-17,2025-06-17 13:46:41.872808,2025-06-17 18:31:24.967265,2025-06-17 18:55:34.541679,284.71824095
2025-06-17,2025-06-17 16:20:25.144739,2025-06-17 18:48:32.036370,2025-06-17 19:17:18.710514,148.11486051666668
2025-06-17,2025-06-17 16:45:13.251082,2025-06-17 18:55:34.541679,2025-06-17 19:23:21.823798,130.35484328333334
2025-06-17,2025-06-17 16:53:20.584006,2025-06-17 19:17:18.710514,2025-06-17 19:44:25.635031,143.9687751333333
2025-06-18,2025-06-18 09:55:40.835666,2025-06-18 09:55:40.835666,2025-06-18 10:22:54.937278,0.0
2025-06-18,2025-06-18 11:07:50.015662,2025-06-18 11:07:50.015662,2025-06-18 11:35:59.807732,0.0
2025-06-18,2025-06-18 11:14:50.228624,2025-06-18 11:14:50.228624,2025-06-18 11:41:20.436308,0.0
2025-06-18,2025-06-18 11:16:27.011297,2025-06-18 11:35:59.807732,2025-06-18 12:03:18.011158,19.54660725
2025-06-18,2025-06-18 11:23:10.170809,2025-06-18 11:41:20.436308,2025-06-18 12:10:20.134848,18.17109165
2025-06-18,2025-06-18 11:28:33.063595,2025-06-18 12:03:18.011158,2025-06-18 12:34:27.827205,34.74912605
2025-06-18,2025-06-18 11:31:56.512047,2025-06-18 12:10:20.134848,2025-06-18 12:37:07.458907,38.39371335
2025-06-18,2025-06-18 13:01:07.154913,2025-06-18 13:01:07.154913,2025-06-18 13:29:17.160541,0.0
2025-06-18,2025-06-18 11:36:19.975824,2025-06-18 12:37:07.458907,2025-06-18 13:06:50.745546,60.79138471666667
2025-06-18,2025-06-18 11:55:14.776512,2025-06-18 13:06:50.745546,2025-06-18 13:34:09.502517,71.5994839
2025-06-18,2025-06-18 13:02:46.545097,2025-06-18 13:29:17.160541,2025-06-18 13:56:11.969825,26.5102574
2025-06-18,2025-06-18 13:06:14.584264,2025-06-18 13:34:09.502517,2025-06-18 14:00:48.082482,27.915304216666666
2025-06-18,2025-06-18 13:16:29.259580,2025-06-18 13:56:11.969825,2025-06-18 14:22:55.970906,39.71183741666667
2025-06-18,2025-06-18 13:42:08.618080,2025-06-18 14:00:48.082482,2025-06-18 14:31:55.103990,18.657740033333333
2025-06-18,2025-06-18 14:24:10.033671,2025-06-18 14:24:10.033671,2025-06-18 14:52:51.175905,0.0
2025-06-18,2025-06-18 13:43:46.291370,2025-06-18 14:31:55.103990,2025-06-18 15:00:29.241007,48.146877
2025-06-18,2025-06-18 13:45:58.467509,2025-06-18 14:52:51.175905,2025-06-18 15:22:36.030949,66.87847326666666
2025-06-18,2025-06-18 13:48:56.235990,2025-06-18 15:00:29.241007,2025-06-18 15:26:00.918065,71.55008361666667
2025-06-18,2025-06-18 13:50:15.137697,2025-06-18 15:22:36.030949,2025-06-18 15:49:26.543630,92.34822086666667
2025-06-18,2025-06-18 14:31:56.291909,2025-06-18 15:49:26.543630,2025-06-18 16:18:10.394783,77.50419534999999
2025-06-18,2025-06-18 14:47:23.507276,2025-06-18 15:26:00.918065,2025-06-18 15:55:14.082883,38.62351315
2025-06-18,2025-06-18 16:44:55.991975,2025-06-18 16:44:55.991975,2025-06-18 17:09:25.497834,0.0
2025-06-18,2025-06-18 14:51:09.579553,2025-06-18 15:55:14.082883,2025-06-18 16:25:18.739052,64.0750555
2025-06-18,2025-06-18 15:09:14.581592,2025-06-18 16:25:18.739052,2025-06-18 16:54:09.567616,76.069291
2025-06-18,2025-06-18 15:25:12.382115,2025-06-18 16:54:09.567616,2025-06-18 17:24:43.952920,88.95309168333333
2025-06-19,2025-06-19 09:02:10.400356,2025-06-19 09:02:10.400356,2025-06-19 09:27:38.421011,0.0
2025-06-19,2025-06-19 09:35:52.301441,2025-06-19 09:35:52.301441,2025-06-19 10:07:08.014536,0.0
2025-06-19,2025-06-19 09:49:49.927277,2025-06-19 09:49:49.927277,2025-06-19 10:18:46.248001,0.0
2025-06-19,2025-06-19 10:18:28.882477,2025-06-19 10:18:28.882477,2025-06-19 10:46:02.131304,0.0
2025-06-19,2025-06-19 10:26:03.873381,2025-06-19 10:26:03.873381,2025-06-19 10:52:14.697076,0.0
2025-06-19,2025-06-19 10:47:44.769874,2025-06-19 10:47:44.769874,2025-06-19 11:13:47.981292,0.0
2025-06-19,2025-06-19 11:03:19.406824,2025-06-19 11:03:19.406824,2025-06-19 11:31:25.379890,0.0
2025-06-19,2025-06-19 11:05:34.887001,2025-06-19 11:13:47.981292,2025-06-19 11:41:35.944459,8.218238183333334
2025-06-19,2025-06-19 11:08:25.326772,2025-06-19 11:41:35.944459,2025-06-19 12:07:54.422460,33.17696145
2025-06-19,2025-06-19 11:10:54.248172,2025-06-19 11:31:25.379890,2025-06-19 12:01:35.183736,20.51886196666667
2025-06-19,2025-06-19 11:15:34.234960,2025-06-19 12:07:54.422460,2025-06-19 12:36:20.337121,52.33645833333333
2025-06-19,2025-06-19 11:20:04.654103,2025-06-19 12:01:35.183736,2025-06-19 12:29:44.673017,41.50882721666667
2025-06-19,2025-06-19 13:10:45.823267,2025-06-19 13:10:45.823267,2025-06-19 13:38:08.234282,0.0
2025-06-19,2025-06-19 11:44:56.421518,2025-06-19 12:29:44.673017,2025-06-19 12:56:12.301717,44.80419165
2025-06-19,2025-06-19 13:17:38.418148,2025-06-19 13:17:38.418148,2025-06-19 13:48:55.175493,0.0
2025-06-19,2025-06-19 13:20:11.139962,2025-06-19 13:38:08.234282,2025-06-19 14:05:28.851763,17.951572
2025-06-19,2025-06-19 13:20:26.136519,2025-06-19 13:48:55.175493,2025-06-19 14:17:33.399686,28.4839829
2025-06-19,2025-06-19 13:22:25.248403,2025-06-19 14:05:28.851763,2025-06-19 14:36:31.204999,43.060056
2025-06-19,2025-06-19 13:26:05.208502,2025-06-19 14:17:33.399686,2025-06-19 14:43:47.961100,51.469853066666666
2025-06-19,2025-06-19 13:44:44.317698,2025-06-19 14:36:31.204999,2025-06-19 15:02:12.325302,51.78145501666667
2025-06-19,2025-06-19 13:45:42.262132,2025-06-19 14:43:47.961100,2025-06-19 15:10:48.182225,58.094982800000004
2025-06-19,2025-06-19 13:45:45.731290,2025-06-19 15:02:12.325302,2025-06-19 15:30:40.703420,76.44323353333333
2025-06-19,2025-06-19 13:48:05.940956,2025-06-19 15:10:48.182225,2025-06-19 15:34:18.792814,82.70402115
2025-06-19,2025-06-19 15:50:16.975056,2025-06-19 15:50:16.975056,2025-06-19 16:17:43.423256,0.0
2025-06-19,2025-06-19 13:48:46.618911,2025-06-19 16:17:43.423256,2025-06-19 16:42:50.091126,148.94673908333334
2025-06-19,2025-06-19 13:49:05.259362,2025-06-19 15:34:18.792814,2025-06-19 16:00:49.899906,105.22555753333333
2025-06-19,2025-06-19 16:50:52.807610,2025-06-19 16:50:52.807610,2025-06-19 17:17:14.222670,0.0
2025-06-19,2025-06-19 14:25:04.758209,2025-06-19 16:00:49.899906,2025-06-19 16:29:36.409533,95.75236161666666
2025-06-19,2025-06-19 14:39:41.021381,2025-06-19 16:29:36.409533,2025-06-19 16:59:08.536578,109.92313586666667
2025-06-19,2025-06-19 14:50:24.223846,2025-06-19 16:59:08.536578,2025-06-19 17:29:12.716212,128.73854553333334
2025-06-20,2025-06-20 09:25:31.336843,2025-06-20 09:25:31.336843,2025-06-20 09:53:33.561858,0.0
2025-06-20,2025-06-20 09:27:33.239944,2025-06-20 09:27:33.239944,2025-06-20 09:53:01.197521,0.0
2025-06-20,2025-06-20 09:41:20.843709,2025-06-20 09:53:33.561858,2025-06-20 10:23:39.015351,12.21196915
2025-06-20,2025-06-20 10:09:25.953489,2025-06-20 10:09:25.953489,2025-06-20 10:39:11.719781,0.0
2025-06-20,2025-06-20 11:02:02.330541,2025-06-20 11:02:02.330541,2025-06-20 11:28:37.477405,0.0
2025-06-20,2025-06-20 11:02:57.481949,2025-06-20 11:02:57.481949,2025-06-20 11:30:20.487656,0.0
2025-06-20,2025-06-20 11:07:48.168220,2025-06-20 11:28:37.477405,2025-06-20 11:56:14.770306,20.82181975
2025-06-20,2025-06-20 11:08:28.464465,2025-06-20 11:30:20.487656,2025-06-20 12:00:46.934297,21.867053183333333
2025-06-20,2025-06-20 11:11:01.855718,2025-06-20 11:56:14.770306,2025-06-20 12:22:44.987011,45.21524313333334
2025-06-20,2025-06-20 11:13:20.499571,2025-06-20 12:00:46.934297,2025-06-20 12:27:00.934126,47.44057876666667
2025-06-20,2025-06-20 13:13:47.643455,2025-06-20 13:13:47.643455,2025-06-20 13:38:45.955787,0.0
2025-06-20,2025-06-20 11:13:22.327247,2025-06-20 12:27:00.934126,2025-06-20 12:56:19.644539,73.64344798333333
2025-06-20,2025-06-20 13:16:11.933493,2025-06-20 13:16:11.933493,2025-06-20 13:42:36.018496,0.0
2025-06-20,2025-06-20 11:23:42.684696,2025-06-20 13:38:45.955787,2025-06-20 14:09:17.679313,135.05451818333333
2025-06-20,2025-06-20 11:31:52.398555,2025-06-20 13:42:36.018496,2025-06-20 14:08:50.121726,130.72699901666667
2025-06-20,2025-06-20 11:35:21.259298,2025-06-20 14:09:17.679313,2025-06-20 14:38:50.397182,153.94033358333334
2025-06-20,2025-06-20 11:53:51.515531,2025-06-20 14:08:50.121726,2025-06-20 14:34:38.013850,134.97676991666668
2025-06-20,2025-06-20 15:00:33.168302,2025-06-20 15:00:33.168302,2025-06-20 15:27:15.517880,0.0
2025-06-20,2025-06-20 13:23:59.488215,2025-06-20 15:27:15.517880,2025-06-20 15:55:51.224723,123.26716108333333
2025-06-20,2025-06-20 13:24:11.974074,2025-06-20 14:34:38.013850,2025-06-20 15:01:42.003104,70.43399626666665
2025-06-20,2025-06-20 15:59:25.207025,2025-06-20 15:59:25.207025,2025-06-20 16:25:52.475476,0.0
2025-06-20,2025-06-20 13:41:50.503676,2025-06-20 16:25:52.475476,2025-06-20 16:56:14.998479,164.03286333333332
2025-06-20,2025-06-20 13:49:23.935694,2025-06-20 15:01:42.003104,2025-06-20 15:31:53.913962,72.30112349999999
2025-06-20,2025-06-20 16:50:10.384941,2025-06-20 16:50:10.384941,2025-06-20 17:17:05.560210,0.0
2025-06-20,2025-06-20 13:57:52.487052,2025-06-20 16:56:14.998479,2025-06-20 17:22:11.899777,178.37519045
2025-06-20,2025-06-20 13:58:47.612605,2025-06-20 17:17:05.560210,2025-06-20 17:43:21.075289,198.29912675
2025-06-21,2025-06-21 10:19:13.936919,2025-06-21 10:19:13.936919,2025-06-21 10:44:03.716143,0.0
2025-06-21,2025-06-21 10:25:28.695291,2025-06-21 10:25:28.695291,2025-06-21 10:54:29.478053,0.0
2025-06-21,2025-06-21 10:34:28.162688,2025-06-21 10:44:03.716143,2025-06-21 11:10:07.046236,9.592557583333333
2025-06-21,2025-06-21 10:49:39.600689,2025-06-21 11:10:07.046236,2025-06-21 11:37:25.186080,20.457425783333335
2025-06-21,2025-06-21 11:11:35.117372,2025-06-21 11:11:35.117372,2025-06-21 11:39:11.322625,0.0
2025-06-21,2025-06-21 11:21:19.105196,2025-06-21 11:37:25.186080,2025-06-21 12:05:13.582973,16.101348066666667
2025-06-21,2025-06-21 11:27:23.315425,2025-06-21 11:39:11.322625,2025-06-21 12:06:50.771906,11.80012
2025-06-21,2025-06-21 11:40:39.623831,2025-06-21 12:05:13.582973,2025-06-21 12:33:22.723134,24.5659857
2025-06-21,2025-06-21 11:49:50.168513,2025-06-21 12:06:50.771906,2025-06-21 12:37:34.041960,17.010056549999998
2025-06-21,2025-06-21 13:05:49.286845,2025-06-21 13:05:49.286845,2025-06-21 13:33:21.198664,0.0
2025-06-21,2025-06-21 13:34:52.928903,2025-06-21 13:34:52.928903,2025-06-21 13:59:56.788490,0.0
2025-06-21,2025-06-21 13:45:02.565934,2025-06-21 13:45:02.565934,2025-06-21 14:13:05.286657,0.0
2025-06-21,2025-06-21 13:45:55.805423,2025-06-21 13:59:56.788490,2025-06-21 14:28:54.947902,14.01638445
2025-06-21,2025-06-21 13:47:10.416797,2025-06-21 14:13:05.286657,2025-06-21 14:40:10.352741,25.914497666666666
2025-06-21,2025-06-21 15:06:25.667586,2025-06-21 15:06:25.667586,2025-06-21 15:32:32.822787,0.0
2025-06-21,2025-06-21 16:18:59.024158,2025-06-21 16:18:59.024158,2025-06-21 16:43:38.174790,0.0
2025-06-23,2025-06-23 09:01:58.026813,2025-06-23 09:01:58.026813,2025-06-23 09:28:10.632893,0.0
2025-06-23,2025-06-23 10:03:08.217893,2025-06-23 10:03:08.217893,2025-06-23 10:33:33.029519,0.0
2025-06-23,2025-06-23 10:46:22.408680,2025-06-23 10:46:22.408680,2025-06-23 11:15:38.170695,0.0
2025-06-23,2025-06-23 11:03:41.533869,2025-06-23 11:03:41.533869,2025-06-23 11:30:14.624008,0.0
2025-06-23,2025-06-23 11:07:12.185116,2025-06-23 11:15:38.170695,2025-06-23 11:43:04.113322,8.433092983333333
2025-06-23,2025-06-23 11:11:01.858617,2025-06-23 11:30:14.624008,2025-06-23 11:56:24.163100,19.212756516666666
2025-06-23,2025-06-23 11:11:15.520525,2025-06-23 11:43:04.113322,2025-06-23 12:11:11.782378,31.80987995
2025-06-23,2025-06-23 11:15:43.848499,2025-06-23 12:11:11.782378,2025-06-23 12:36:53.003686,55.465564650000005
2025-06-23,2025-06-23 11:29:43.093630,2025-06-23 11:56:24.163100,2025-06-23 12:26:45.430386,26.684491166666664
2025-06-23,2025-06-23 13:01:47.083637,2025-06-23 13:01:47.083637,2025-06-23 13:29:52.359151,0.0
2025-06-23,2025-06-23 11:31:14.413060,2025-06-23 12:26:45.430386,2025-06-23 12:52:13.926449,55.51695543333334
2025-06-23,2025-06-23 13:05:57.049315,2025-06-23 13:05:57.049315,2025-06-23 13:36:30.055765,0.0
2025-06-23,2025-06-23 11:50:32.216465,2025-06-23 13:29:52.359151,2025-06-23 13:56:20.176595,99.33571143333333
2025-06-23,2025-06-23 11:52:20.862490,2025-06-23 13:36:30.055765,2025-06-23 14:03:16.918883,104.15322124999999
2025-06-23,2025-06-23 13:06:16.429835,2025-06-23 13:56:20.176595,2025-06-23 14:26:59.535108,50.062446
2025-06-23,2025-06-23 13:06:52.832287,2025-06-23 14:03:16.918883,2025-06-23 14:34:57.879078,56.40144326666667
2025-06-23,2025-06-23 13:25:30.481411,2025-06-23 14:26:59.535108,2025-06-23 14:55:04.107958,61.48422828333333
2025-06-23,2025-06-23 13:36:24.495172,2025-06-23 14:34:57.879078,2025-06-23 15:03:00.174125,58.556398433333335
2025-06-23,2025-06-23 13:46:03.878434,2025-06-23 14:55:04.107958,2025-06-23 15:22:52.864611,69.00382540000001
2025-06-23,2025-06-23 13:53:10.303247,2025-06-23 15:22:52.864611,2025-06-23 15:52:40.916381,89.70935606666667
2025-06-23,2025-06-23 13:55:13.923856,2025-06-23 15:03:00.174125,2025-06-23 15:30:14.186963,67.77083781666667
2025-06-23,2025-06-23 16:16:05.284522,2025-06-23 16:16:05.284522,2025-06-23 16:44:07.599877,0.0
2025-06-23,2025-06-23 13:55:16.482362,2025-06-23 15:30:14.186963,2025-06-23 15:57:36.624421,94.96174335
2025-06-23,2025-06-23 16:39:19.772431,2025-06-23 16:39:19.772431,2025-06-23 17:06:30.356193,0.0
2025-06-23,2025-06-23 13:57:11.381383,2025-06-23 16:44:07.599877,2025-06-23 17:14:35.893677,166.93697490000002
2025-06-23,2025-06-23 14:26:03.785127,2025-06-23 17:06:30.356193,2025-06-23 17:31:05.728752,160.4428511
2025-06-23,2025-06-23 14:34:36.900436,2025-06-23 17:14:35.893677,2025-06-23 17:41:43.617613,159.98322068333334
2025-06-23,2025-06-23 14:45:15.239826,2025-06-23 17:31:05.728752,2025-06-23 18:00:28.185655,165.8414821
2025-06-23,2025-06-23 14:56:35.400820,2025-06-23 17:41:43.617613,2025-06-23 18:10:34.705518,165.13694655
2025-06-23,2025-06-23 16:45:35.651148,2025-06-23 18:00:28.185655,2025-06-23 18:29:16.115040,74.87557511666667
2025-06-24,2025-06-24 09:01:25.514285,2025-06-24 09:01:25.514285,2025-06-24 09:27:40.578579,0.0
2025-06-24,2025-06-24 09:05:15.964228,2025-06-24 09:05:15.964228,2025-06-24 09:33:11.837818,0.0
2025-06-24,2025-06-24 09:27:52.076081,2025-06-24 09:27:52.076081,2025-06-24 09:55:05.405264,0.0
2025-06-24,2025-06-24 09:35:04.554418,2025-06-24 09:35:04.554418,2025-06-24 10:01:28.229297,0.0
2025-06-24,2025-06-24 10:55:08.079966,2025-06-24 10:55:08.079966,2025-06-24 11:23:39.968081,0.0
2025-06-24,2025-06-24 11:02:17.348309,2025-06-24 11:02:17.348309,2025-06-24 11:31:32.881078,0.0
2025-06-24,2025-06-24 11:10:02.052082,2025-06-24 11:23:39.968081,2025-06-24 11:51:55.959873,13.631933316666668
2025-06-24,2025-06-24 11:30:24.655005,2025-06-24 11:31:32.881078,2025-06-24 11:59:26.041388,1.1371012166666667
2025-06-24,2025-06-24 11:35:48.892316,2025-06-24 11:51:55.959873,2025-06-24 12:17:58.180415,16.117792616666666
2025-06-24,2025-06-24 11:45:10.596843,2025-06-24 12:17:58.180415,2025-06-24 12:43:59.851154,32.793059533333334
2025-06-24,2025-06-24 11:55:21.483587,2025-06-24 11:59:26.041388,2025-06-24 12:28:46.535502,4.07596335
2025-06-24,2025-06-24 13:04:07.122658,2025-06-24 13:04:07.122658,2025-06-24 13:29:59.032484,0.0
2025-06-24,2025-06-24 13:11:44.312035,2025-06-24 13:11:44.312035,2025-06-24 13:37:04.970524,0.0
2025-06-24,2025-06-24 13:15:29.634734,2025-06-24 13:29:59.032484,2025-06-24 14:01:06.691407,14.489962499999999
2025-06-24,2025-06-24 13:18:23.164452,2025-06-24 13:37:04.970524,2025-06-24 14:07:27.110660,18.69676786666667
2025-06-24,2025-06-24 13:26:43.057106,2025-06-24 14:01:06.691407,2025-06-24 14:30:44.908448,34.393905016666665
2025-06-24,2025-06-24 13:28:15.331676,2025-06-24 14:07:27.110660,2025-06-24 14:34:02.743649,39.1963164
2025-06-24,2025-06-24 13:34:11.243811,2025-06-24 14:30:44.908448,2025-06-24 14:58:21.212923,56.56107728333333
2025-06-24,2025-06-24 13:47:03.670301,2025-06-24 14:34:02.743649,2025-06-24 15:05:13.571976,46.984555799999995
2025-06-24,2025-06-24 13:48:05.798038,2025-06-24 14:58:21.212923,2025-06-24 15:25:42.986535,70.25691475
2025-06-24,2025-06-24 13:59:13.602554,2025-06-24 15:05:13.571976,2025-06-24 15:35:00.105461,65.99949036666666
2025-06-24,2025-06-24 14:10:39.808925,2025-06-24 15:25:42.986535,2025-06-24 15:56:37.525099,75.05296016666667
2025-06-24,2025-06-24 14:46:36.601781,2025-06-24 15:35:00.105461,2025-06-24 16:02:15.639982,48.39172799999999
2025-06-24,2025-06-24 15:13:34.092587,2025-06-24 15:56:37.525099,2025-06-24 16:23:51.021453,43.05720853333333
2025-06-24,2025-06-24 15:17:19.831758,2025-06-24 16:02:15.639982,2025-06-24 16:27:13.342014,44.93013706666667
2025-06-24,2025-06-24 15:18:33.036860,2025-06-24 16:23:51.021453,2025-06-24 16:50:46.693725,65.29974321666667
2025-06-24,2025-06-24 15:24:38.981183,2025-06-24 16:27:13.342014,2025-06-24 16:55:00.272343,62.572680516666665
2025-06-24,2025-06-24 15:52:07.192925,2025-06-24 16:50:46.693725,2025-06-24 17:20:12.454618,58.65834666666667
2025-06-24,2025-06-24 15:57:39.221968,2025-06-24 16:55:00.272343,2025-06-24 17:19:20.219512,57.35083958333333
2025-06-24,2025-06-24 16:03:13.041438,2025-06-24 17:19:20.219512,2025-06-24 17:47:57.688487,76.11963456666668
2025-06-24,2025-06-24 16:03:58.726179,2025-06-24 17:20:12.454618,2025-06-24 17:47:51.827911,76.22880731666667
2025-06-24,2025-06-24 16:33:48.950805,2025-06-24 17:47:51.827911,2025-06-24 18:14:40.721336,74.04795176666667
2025-06-25,2025-06-25 09:51:24.886212,2025-06-25 09:51:24.886212,2025-06-25 10:17:58.856169,0.0
2025-06-25,2025-06-25 10:18:22.151059,2025-06-25 10:18:22.151059,2025-06-25 10:45:21.473210,0.0
2025-06-25,2025-06-25 10:21:38.097579,2025-06-25 10:21:38.097579,2025-06-25 10:51:21.537596,0.0
2025-06-25,2025-06-25 10:45:27.376100,2025-06-25 10:45:27.376100,2025-06-25 11:11:43.523649,0.0
2025-06-25,2025-06-25 10:58:20.067288,2025-06-25 10:58:20.067288,2025-06-25 11:23:08.609789,0.0
2025-06-25,2025-06-25 11:09:49.060946,2025-06-25 11:11:43.523649,2025-06-25 11:39:19.342477,1.9077117166666668
2025-06-25,2025-06-25 11:10:46.718001,2025-06-25 11:23:08.609789,2025-06-25 11:49:46.736931,12.364863133333333
2025-06-25,2025-06-25 11:17:23.398763,2025-06-25 11:39:19.342477,2025-06-25 12:05:32.096299,21.932395233333335
2025-06-25,2025-06-25 11:22:10.444977,2025-06-25 12:05:32.096299,2025-06-25 12:31:52.600584,43.36085536666667
2025-06-25,2025-06-25 11:38:01.055710,2025-06-25 11:49:46.736931,2025-06-25 12:18:27.126807,11.761353683333335
2025-06-25,2025-06-25 13:01:49.572168,2025-06-25 13:01:49.572168,2025-06-25 13:30:22.662186,0.0
2025-06-25,2025-06-25 11:40:16.612126,2025-06-25 12:18:27.126807,2025-06-25 12:45:30.673021,38.17524468333333
2025-06-25,2025-06-25 13:04:17.446580,2025-06-25 13:04:17.446580,2025-06-25 13:32:32.323749,0.0
2025-06-25,2025-06-25 11:47:29.585193,2025-06-25 13:30:22.662186,2025-06-25 13:57:53.704845,102.88461654999999
2025-06-25,2025-06-25 13:05:06.693390,2025-06-25 13:32:32.323749,2025-06-25 14:02:18.078334,27.42717265
2025-06-25,2025-06-25 13:08:27.099586,2025-06-25 13:57:53.704845,2025-06-25 14:22:41.517944,49.44342098333333
2025-06-25,2025-06-25 13:09:13.706876,2025-06-25 14:02:18.078334,2025-06-25 14:28:22.323380,53.072857633333335
2025-06-25,2025-06-25 13:11:02.522801,2025-06-25 14:22:41.517944,2025-06-25 14:51:37.376629,71.64991905000001
2025-06-25,2025-06-25 13:11:35.626684,2025-06-25 14:28:22.323380,2025-06-25 14:58:45.447000,76.77827826666666
2025-06-25,2025-06-25 15:17:17.220983,2025-06-25 15:17:17.220983,2025-06-25 15:47:15.512324,0.0
2025-06-25,2025-06-25 13:27:47.162587,2025-06-25 14:58:45.447000,2025-06-25 15:25:36.522693,90.97140688333334
2025-06-25,2025-06-25 13:30:33.642138,2025-06-25 15:25:36.522693,2025-06-25 15:53:46.680737,115.04800924999999
2025-06-25,2025-06-25 13:33:32.526767,2025-06-25 15:47:15.512324,2025-06-25 16:15:40.625355,133.71642595
2025-06-25,2025-06-25 13:36:49.238143,2025-06-25 15:53:46.680737,2025-06-25 16:22:47.410243,136.95737656666668
2025-06-25,2025-06-25 16:37:25.327091,2025-06-25 16:37:25.327091,2025-06-25 17:06:14.952123,0.0
2025-06-25,2025-06-25 13:43:41.795025,2025-06-25 16:22:47.410243,2025-06-25 16:49:14.058000,159.0935869666667
2025-06-25,2025-06-25 16:56:41.213452,2025-06-25 16:56:41.213452,2025-06-25 17:25:29.226902,0.0
2025-06-25,2025-06-25 14:03:41.343954,2025-06-25 17:06:14.952123,2025-06-25 17:35:58.641384,182.56013614999998
2025-06-25,2025-06-25 15:18:23.651239,2025-06-25 17:25:29.226902,2025-06-25 17:56:29.731821,127.09292771666667
2025-06-25,2025-06-25 15:33:28.449541,2025-06-25 17:35:58.641384,2025-06-25 18:05:26.674687,122.50319738333333
2025-06-26,2025-06-26 09:25:37.705557,2025-06-26 09:25:37.705557,2025-06-26 09:54:58.226928,0.0
2025-06-26,2025-06-26 09:47:59.089596,2025-06-26 09:47:59.089596,2025-06-26 10:12:21.389009,0.0
2025-06-26,2025-06-26 10:26:55.198430,2025-06-26 10:26:55.198430,2025-06-26 10:53:00.743369,0.0
2025-06-26,2025-06-26 11:01:52.685338,2025-06-26 11:01:52.685338,2025-06-26 11:32:27.735222,0.0
2025-06-26,2025-06-26 11:03:29.531545,2025-06-26 11:03:29.531545,2025-06-26 11:31:15.156365,0.0
2025-06-26,2025-06-26 11:13:38.771310,2025-06-26 11:32:27.735222,2025-06-26 11:59:01.371896,18.8160652
2025-06-26,2025-06-26 11:17:28.114407,2025-06-26 11:31:15.156365,2025-06-26 11:58:30.655928,13.784032633333334
2025-06-26,2025-06-26 11:19:51.694404,2025-06-26 11:59:01.371896,2025-06-26 12:23:57.162860,39.16129153333333
2025-06-26,2025-06-26 11:52:50.332537,2025-06-26 11:58:30.655928,2025-06-26 12:28:22.556076,5.672056516666667
2025-06-26,2025-06-26 13:16:01.166803,2025-06-26 13:16:01.166803,2025-06-26 13:43:00.810284,0.0
2025-06-26,2025-06-26 13:17:33.628699,2025-06-26 13:17:33.628699,2025-06-26 13:45:02.749925,0.0
2025-06-26,2025-06-26 13:17:58.034381,2025-06-26 13:43:00.810284,2025-06-26 14:11:54.111483,25.04626505
2025-06-26,2025-06-26 13:42:22.268164,2025-06-26 13:45:02.749925,2025-06-26 14:10:51.196807,2.6746960166666667
2025-06-26,2025-06-26 13:47:32.765307,2025-06-26 14:11:54.111483,2025-06-26 14:38:15.440099,24.3557696
2025-06-26,2025-06-26 13:58:42.854781,2025-06-26 14:10:51.196807,2025-06-26 14:35:58.404653,12.139033766666667
2025-06-26,2025-06-26 14:14:32.567951,2025-06-26 14:38:15.440099,2025-06-26 15:05:02.923355,23.7145358
2025-06-26,2025-06-26 15:24:47.886121,2025-06-26 15:24:47.886121,2025-06-26 15:51:05.508828,0.0
2025-06-26,2025-06-26 16:01:42.311841,2025-06-26 16:01:42.311841,2025-06-26 16:28:58.301119,0.0
2025-06-26,2025-06-26 16:46:21.504722,2025-06-26 16:46:21.504722,2025-06-26 17:15:56.530532,0.0
2025-06-27,2025-06-27 09:07:42.850942,2025-06-27 09:07:42.850942,2025-06-27 09:36:17.091085,0.0
2025-06-27,2025-06-27 09:21:15.663348,2025-06-27 09:21:15.663348,2025-06-27 09:49:18.697698,0.0
2025-06-27,2025-06-27 10:16:08.777899,2025-06-27 10:16:08.777899,2025-06-27 10:41:57.869902,0.0
2025-06-27,2025-06-27 11:04:04.405048,2025-06-27 11:04:04.405048,2025-06-27 11:33:55.700098,0.0
2025-06-27,2025-06-27 11:16:57.387996,2025-06-27 11:16:57.387996,2025-06-27 11:46:54.365932,0.0
2025-06-27,2025-06-27 11:17:57.140520,2025-06-27 11:33:55.700098,2025-06-27 12:04:56.334949,15.975992966666666
2025-06-27,2025-06-27 11:21:46.341750,2025-06-27 11:46:54.365932,2025-06-27 12:13:30.593267,25.133736366666668
2025-06-27,2025-06-27 11:36:53.908304,2025-06-27 12:04:56.334949,2025-06-27 12:30:07.719298,28.040444083333334
2025-06-27,2025-06-27 11:36:58.323279,2025-06-27 12:13:30.593267,2025-06-27 12:44:38.105587,36.537833133333336
2025-06-27,2025-06-27 13:13:53.567960,2025-06-27 13:13:53.567960,2025-06-27 13:43:52.431292,0.0
2025-06-27,2025-06-27 11:46:34.637395,2025-06-27 12:44:38.105587,2025-06-27 13:10:06.297012,58.057803199999995
2025-06-27,2025-06-27 13:15:36.132381,2025-06-27 13:15:36.132381,2025-06-27 13:38:50.121698,0.0
2025-06-27,2025-06-27 11:52:31.350893,2025-06-27 13:38:50.121698,2025-06-27 14:07:18.579297,106.31284675
2025-06-27,2025-06-27 11:54:38.071040,2025-06-27 13:43:52.431292,2025-06-27 14:10:08.290220,109.23933753333334
2025-06-27,2025-06-27 11:54:39.312806,2025-06-27 14:07:18.579297,2025-06-27 14:34:45.197618,132.65444151666668
2025-06-27,2025-06-27 15:08:46.179368,2025-06-27 15:08:46.179368,2025-06-27 15:36:30.631514,0.0
2025-06-27,2025-06-27 13:27:51.468859,2025-06-27 14:34:45.197618,2025-06-27 15:04:06.765147,66.89547931666667
2025-06-27,2025-06-27 15:17:13.905795,2025-06-27 15:17:13.905795,2025-06-27 15:44:12.742331,0.0
2025-06-27,2025-06-27 13:33:46.702549,2025-06-27 15:36:30.631514,2025-06-27 16:03:31.799137,122.73214941666667
2025-06-27,2025-06-27 13:36:06.223154,2025-06-27 15:44:12.742331,2025-06-27 16:12:10.135336,128.10865295
2025-06-27,2025-06-27 16:13:25.503141,2025-06-27 16:13:25.503141,2025-06-27 16:39:23.138147,0.0
2025-06-27,2025-06-27 13:36:06.601369,2025-06-27 16:39:23.138147,2025-06-27 17:03:00.236073,183.27561296666667
2025-06-27,2025-06-27 13:41:37.556445,2025-06-27 16:12:10.135336,2025-06-27 16:39:36.177836,150.54298151666666
2025-06-27,2025-06-27 16:46:45.261766,2025-06-27 16:46:45.261766,2025-06-27 17:13:13.321817,0.0
2025-06-27,2025-06-27 15:21:08.668024,2025-06-27 17:03:00.236073,2025-06-27 17:33:14.426435,101.85946748333335
2025-06-27,2025-06-27 15:25:59.137362,2025-06-27 17:13:13.321817,2025-06-27 17:39:21.444619,107.23640758333333
2025-06-28,2025-06-28 10:05:03.609188,2025-06-28 10:05:03.609188,2025-06-28 10:31:59.159814,0.0
2025-06-28,2025-06-28 10:16:06.781779,2025-06-28 10:16:06.781779,2025-06-28 10:44:43.088247,0.0
2025-06-28,2025-06-28 10:27:11.546114,2025-06-28 10:31:59.159814,2025-06-28 11:01:43.168162,4.793561666666666
2025-06-28,2025-06-28 10:53:17.166382,2025-06-28 10:53:17.166382,2025-06-28 11:23:23.016609,0.0
2025-06-28,2025-06-28 11:00:15.893017,2025-06-28 11:01:43.168162,2025-06-28 11:31:00.873186,1.45458575
2025-06-28,2025-06-28 11:06:46.071362,2025-06-28 11:31:00.873186,2025-06-28 12:02:29.452992,24.246697066666666
2025-06-28,2025-06-28 11:31:38.560924,2025-06-28 11:31:38.560924,2025-06-28 11:59:22.650583,0.0
2025-06-28,2025-06-28 11:33:01.021156,2025-06-28 12:02:29.452992,2025-06-28 12:31:53.101687,29.473863933333334
2025-06-28,2025-06-28 11:42:53.804990,2025-06-28 11:59:22.650583,2025-06-28 12:29:31.717528,16.480759883333334
2025-06-28,2025-06-28 13:07:43.723876,2025-06-28 13:07:43.723876,2025-06-28 13:35:38.408630,0.0
2025-06-28,2025-06-28 11:47:29.014766,2025-06-28 12:29:31.717528,2025-06-28 12:57:33.392931,42.04504603333333
2025-06-28,2025-06-28 13:10:43.959875,2025-06-28 13:10:43.959875,2025-06-28 13:38:35.430340,0.0
2025-06-28,2025-06-28 11:54:17.259234,2025-06-28 13:35:38.408630,2025-06-28 14:05:59.265862,101.35248993333333
2025-06-28,2025-06-28 11:54:37.568251,2025-06-28 13:38:35.430340,2025-06-28 14:08:08.655981,103.96436815
2025-06-28,2025-06-28 11:58:15.928355,2025-06-28 14:05:59.265862,2025-06-28 14:33:37.176299,127.72229178333333
2025-06-28,2025-06-28 13:11:09.580610,2025-06-28 14:33:37.176299,2025-06-28 15:00:35.456835,82.45992815
2025-06-28,2025-06-28 13:18:20.701261,2025-06-28 14:08:08.655981,2025-06-28 14:36:15.105049,49.79924533333334
2025-06-28,2025-06-28 14:43:13.449866,2025-06-28 14:43:13.449866,2025-06-28 15:09:41.514574,0.0
2025-06-28,2025-06-28 13:21:57.311107,2025-06-28 15:00:35.456835,2025-06-28 15:28:29.762455,98.63576213333334
2025-06-28,2025-06-28 13:27:07.410902,2025-06-28 15:09:41.514574,2025-06-28 15:40:05.323337,102.56839453333333
2025-06-28,2025-06-28 13:36:33.622085,2025-06-28 15:28:29.762455,2025-06-28 15:54:29.934372,111.93567283333333
2025-06-28,2025-06-28 13:42:07.626398,2025-06-28 15:40:05.323337,2025-06-28 16:06:29.053245,117.96161565000001
2025-06-28,2025-06-28 13:42:32.044284,2025-06-28 15:54:29.934372,2025-06-28 16:22:32.840925,131.9648348
2025-06-28,2025-06-28 13:57:04.595728,2025-06-28 16:06:29.053245,2025-06-28 16:31:53.365676,129.40762528333332
2025-06-28,2025-06-28 13:59:30.532307,2025-06-28 16:22:32.840925,2025-06-28 16:51:16.109945,143.03847696666665
2025-06-28,2025-06-28 14:01:08.109576,2025-06-28 16:31:53.365676,2025-06-28 17:01:09.279729,150.75426833333333
2025-06-28,2025-06-28 14:07:17.015372,2025-06-28 16:51:16.109945,2025-06-28 17:20:04.938657,163.98490955
2025-06-28,2025-06-28 15:11:07.308181,2025-06-28 17:01:09.279729,2025-06-28 17:33:28.053116,110.03285913333335
2025-06-28,2025-06-28 15:47:28.480481,2025-06-28 17:20:04.938657,2025-06-28 17:47:16.775779,92.60763626666667
2025-06-28,2025-06-28 15:54:40.040328,2025-06-28 17:33:28.053116,2025-06-28 18:00:30.005481,98.80021313333333
2025-06-30,2025-06-30 09:10:34.443896,2025-06-30 09:10:34.443896,2025-06-30 09:36:10.523777,0.0
2025-06-30,2025-06-30 10:16:54.011164,2025-06-30 10:16:54.011164,2025-06-30 10:44:42.408505,0.0
2025-06-30,2025-06-30 10:47:38.348971,2025-06-30 10:47:38.348971,2025-06-30 11:12:51.223980,0.0
2025-06-30,2025-06-30 11:04:11.767229,2025-06-30 11:04:11.767229,2025-06-30 11:31:37.660338,0.0
2025-06-30,2025-06-30 11:14:40.205307,2025-06-30 11:14:40.205307,2025-06-30 11:43:41.298596,0.0
2025-06-30,2025-06-30 11:28:29.805591,2025-06-30 11:31:37.660338,2025-06-30 11:57:34.128175,3.13091245
2025-06-30,2025-06-30 11:32:05.024514,2025-06-30 11:43:41.298596,2025-06-30 12:15:46.518758,11.604568033333333
2025-06-30,2025-06-30 11:38:36.181500,2025-06-30 12:15:46.518758,2025-06-30 12:46:25.845349,37.17228763333333
2025-06-30,2025-06-30 11:39:13.485497,2025-06-30 11:57:34.128175,2025-06-30 12:25:13.252644,18.344044633333333
2025-06-30,2025-06-30 13:25:00.304151,2025-06-30 13:25:00.304151,2025-06-30 13:53:26.214822,0.0
2025-06-30,2025-06-30 11:43:49.646786,2025-06-30 12:25:13.252644,2025-06-30 12:50:10.089551,41.39343096666666
2025-06-30,2025-06-30 13:29:01.924754,2025-06-30 13:29:01.924754,2025-06-30 13:56:42.366445,0.0
2025-06-30,2025-06-30 11:49:19.056799,2025-06-30 13:53:26.214822,2025-06-30 14:22:31.589996,124.11930038333334
2025-06-30,2025-06-30 11:55:29.299219,2025-06-30 13:56:42.366445,2025-06-30 14:27:17.201065,121.2177871
2025-06-30,2025-06-30 13:32:47.034387,2025-06-30 14:22:31.589996,2025-06-30 14:54:57.592955,49.74259348333333
2025-06-30,2025-06-30 13:38:31.317731,2025-06-30 14:27:17.201065,2025-06-30 14:52:24.966504,48.76472223333334
2025-06-30,2025-06-30 15:01:16.790599,2025-06-30 15:01:16.790599,2025-06-30 15:28:30.229728,0.0
2025-06-30,2025-06-30 13:45:35.783607,2025-06-30 15:28:30.229728,2025-06-30 15:57:38.526612,102.90743535
2025-06-30,2025-06-30 13:49:17.221072,2025-06-30 14:52:24.966504,2025-06-30 15:18:17.829429,63.12909053333333
2025-06-30,2025-06-30 15:29:12.642430,2025-06-30 15:29:12.642430,2025-06-30 15:53:58.004931,0.0
2025-06-30,2025-06-30 14:07:03.228144,2025-06-30 15:57:38.526612,2025-06-30 16:21:31.651607,110.5883078
2025-06-30,2025-06-30 14:09:46.939306,2025-06-30 15:53:58.004931,2025-06-30 16:23:32.981440,104.18442708333333
2025-06-30,2025-06-30 14:17:57.188694,2025-06-30 16:21:31.651607,2025-06-30 16:45:57.075926,123.57438188333334
2025-06-30,2025-06-30 15:38:21.843653,2025-06-30 16:23:32.981440,2025-06-30 16:52:16.436134,45.18562978333333
2025-06-30,2025-06-30 15:59:54.075332,2025-06-30 16:45:57.075926,2025-06-30 17:13:09.617490,46.0500099
2025-06-30,2025-06-30 16:18:45.772564,2025-06-30 16:52:16.436134,2025-06-30 17:20:12.660597,33.5110595
